,object id,city,district,sub district key,street,year,month,hour of day,weekday,category,accident type,accident type 2,light situation,bike involved,car involved,pedestrian involved,motor bike involved,big track involved,other vehicle involved,road condition
512,50428,11,7,7040401,Neu-Tempelhof,2019,5,15,4,3,3,6,0,0,1,0,1,0,0,0
513,50429,11,4,4030622,Richard-Wagner-Straße,2019,6,18,1,3,6,2,0,0,1,1,0,0,0,0
514,50430,11,4,4030417,Schloßstraße,2019,9,15,3,3,6,4,0,0,1,1,0,0,0,1
515,50431,11,7,7050502,Fritz-Werner-Straße,2019,12,17,2,3,5,2,2,0,1,0,0,0,0,1
516,50432,11,7,7070701,Kettinger Straße/Schillerstraße,2019,6,9,3,2,1,5,0,0,1,0,0,0,0,0
517,50433,11,1,1011105,Nördlicher Landwehrkanal,2019,8,15,5,3,5,2,0,1,1,0,0,0,0,0
518,50434,11,1,1011105,Nördlicher Landwehrkanal,2019,4,18,3,3,2,6,0,0,1,0,0,0,0,0
519,50435,11,1,1011204,Leipziger Straße,2019,11,15,2,3,0,6,0,1,0,0,0,1,1,1
520,50436,11,7,7010104,Dennewitzplatz,2019,8,11,5,3,3,6,0,0,1,0,1,0,0,0
521,50437,11,9,9010202,Köpenicker Landstraße,2019,4,13,3,3,5,3,0,1,1,0,0,0,0,0
522,50438,11,6,6040703,Nikolassee,2019,10,3,2,3,0,7,2,0,1,0,0,0,0,0
523,50439,11,12,12304314,Ziekowstraße/Freie Scholle,2019,9,8,2,3,2,6,0,0,1,0,0,0,0,0
524,50441,11,2,2050602,Samariterviertel,2019,6,8,3,3,5,2,0,1,0,0,0,0,1,0
525,50442,11,4,4020310,Park Ruhwald,2019,8,10,5,3,2,6,0,0,1,0,0,0,0,0
526,50443,11,4,4010102,Plötzensee,2019,4,7,3,3,2,6,0,0,1,0,0,0,0,0
527,50444,11,2,2050602,Samariterviertel,2019,11,15,4,3,5,2,1,1,1,0,0,0,1,1
528,50445,11,11,11030721,Rüdigerstraße,2019,6,15,4,2,5,2,0,1,0,0,0,1,0,0
529,50446,11,12,12103219,Schäfersee,2019,9,21,2,2,6,4,2,0,1,1,0,0,0,0
530,50447,11,7,7020202,Volkspark (Rudolf-Wilde-Park),2019,12,8,2,3,2,6,0,0,1,0,0,1,1,0
531,50448,11,12,12103115,Breitkopfbecken,2019,8,8,5,3,5,2,0,0,1,0,1,0,0,0
532,50449,11,6,6030605,Botanischer Garten,2019,10,12,4,3,2,6,0,0,1,0,0,0,0,0
533,50450,11,11,11030721,Rüdigerstraße,2019,9,20,2,2,0,1,2,0,0,0,1,0,0,0
534,50451,11,2,2050602,Samariterviertel,2019,8,7,5,3,5,3,0,1,1,0,0,0,0,0
535,50452,11,2,2020203,Viktoriapark,2019,4,7,3,3,0,2,0,1,1,0,0,0,0,0
536,50453,11,6,6030605,Botanischer Garten,2019,10,13,3,3,2,6,0,0,1,0,0,1,0,1
537,50454,11,3,2040501,Barnimkiez,2019,9,16,2,3,3,6,0,1,1,0,0,0,0,0
538,50456,11,12,12103218,Teichstraße,2019,6,19,3,3,5,3,1,0,1,0,0,0,0,0
539,50457,11,3,3061332,Helmholtzplatz,2019,8,19,4,2,6,4,0,1,0,1,0,0,0,0
540,50458,11,3,3061435,Conrad-Blenkle-Straße,2019,4,17,3,3,5,2,0,1,1,0,0,0,0,0
541,50459,11,10,10010204,Wuhletalstraße,2019,11,5,6,2,5,3,2,0,1,0,0,0,0,0
542,50460,11,4,4041134,Bismarckallee,2019,10,11,3,2,0,1,0,0,0,0,1,0,0,0
543,50461,11,7,7070701,Kettinger Straße/Schillerstraße,2019,9,16,2,2,5,3,0,0,1,0,1,0,0,1
544,50463,11,4,4020208,Kranzallee,2019,6,7,2,3,2,6,0,0,1,0,0,0,0,0
545,50464,11,7,7070701,Kettinger Straße/Schillerstraße,2019,8,14,4,3,2,6,0,0,1,0,0,0,0,1
546,50465,11,5,5020628,Graetschelsteig,2019,4,19,3,3,2,7,0,1,1,0,0,0,0,0
547,50466,11,2,2050602,Samariterviertel,2019,11,17,4,3,6,4,2,0,1,1,0,0,0,1
548,50467,11,1,1022202,Heidestraße,2019,6,9,5,3,2,1,0,0,1,0,0,0,0,0
549,50468,11,4,4020313,Königin-Elisabeth-Straße,2019,9,10,2,3,5,2,0,1,0,0,0,1,0,0
550,50469,11,7,7020203,Kaiser-Wilhelm-Platz,2019,12,18,2,3,5,3,2,1,1,0,0,0,0,1
551,50470,11,1,1011202,Unter den Linden Nord,2019,8,9,4,3,3,2,0,0,1,0,1,0,0,0
552,50471,11,10,10010207,Marzahner Promenade,2019,10,19,4,3,2,7,2,0,1,0,0,0,0,0
553,50472,11,8,8020619,Buschkrugallee Nord,2019,8,6,4,3,3,6,1,0,1,0,1,0,0,0
554,50473,11,3,3061332,Helmholtzplatz,2019,9,18,6,3,2,6,0,0,1,0,0,0,0,1
555,50474,11,7,7030303,Grazer Platz,2019,4,20,2,3,3,6,1,0,1,0,0,0,0,0
556,50475,11,11,11030721,Rüdigerstraße,2019,10,17,3,3,3,6,1,0,1,0,0,1,0,1
557,50476,11,4,4010101,Jungfernheide,2019,9,13,2,3,8,1,0,0,1,0,0,0,0,0
558,50478,11,1,1011104,Körnerstraße,2019,6,21,2,3,0,1,2,1,0,0,0,0,0,0
559,50479,11,1,1011105,Nördlicher Landwehrkanal,2019,8,15,4,3,5,2,0,1,1,0,0,0,0,0
560,50480,11,3,3050923,Weißenseer Spitze,2019,4,18,2,3,6,4,0,1,0,1,0,0,0,0
561,50481,11,2,2050602,Samariterviertel,2019,11,1,7,3,5,3,2,0,1,0,0,0,0,0
562,50482,11,5,5020524,Weinmeisterhornweg,2019,6,19,2,3,2,6,0,0,1,0,0,0,0,0
563,50483,11,1,1011102,Großer Tiergarten,2019,9,9,2,2,5,2,0,1,1,0,0,0,0,1
564,50484,11,4,4010102,Plötzensee,2019,12,15,4,3,2,6,0,0,1,0,0,0,0,0
565,50485,11,7,7040401,Neu-Tempelhof,2019,8,12,3,3,2,6,0,0,1,0,0,0,1,0
566,50486,11,3,3061332,Helmholtzplatz,2019,4,9,2,3,0,2,0,0,1,0,0,0,1,1
567,50487,11,7,7040402,Lindenhofsiedlung,2019,10,19,6,3,2,6,2,0,1,0,0,0,0,0
568,50488,11,10,10010309,Springpfuhl,2019,9,11,1,3,3,6,0,1,1,0,0,0,0,0
569,50489,11,2,2040701,Andreasviertel,2019,8,9,3,3,3,2,0,0,0,0,1,1,0,0
570,50490,11,1,1011303,Alexanderplatzviertel,2019,4,11,2,3,5,3,0,1,0,0,0,1,0,1
571,50491,11,7,7030303,Grazer Platz,2019,10,13,3,3,5,7,0,0,1,0,0,0,0,1
572,50492,11,2,2050602,Samariterviertel,2019,6,17,4,2,3,6,0,1,0,0,0,0,0,0
573,50493,11,4,4020209,Eichkamp,2019,9,16,1,3,2,6,0,0,1,0,0,0,0,0
574,50494,11,1,1033203,Humboldthain Nordwest,2019,12,22,4,3,6,4,2,0,1,1,0,0,0,0
575,50495,11,3,3061429,Greifswalder Straße,2019,6,23,2,3,5,3,2,1,1,0,0,0,0,1
576,50496,11,8,8020619,Buschkrugallee Nord,2019,4,11,2,3,3,6,0,0,1,0,0,0,1,1
577,50497,11,2,2020202,Rathaus Yorckstraße,2019,11,15,7,3,3,6,0,0,1,0,1,0,0,1
578,50498,11,2,2050602,Samariterviertel,2019,6,13,2,2,6,4,0,1,0,1,0,0,0,0
579,50499,11,1,1011102,Großer Tiergarten,2019,11,18,4,3,5,3,2,1,0,0,1,0,0,1
580,50500,11,7,7060601,Marienfelder Allee Nordwest,2019,8,7,3,3,5,3,0,1,1,0,0,0,0,0
581,50501,11,12,12103218,Teichstraße,2019,4,22,7,2,5,2,2,0,1,0,1,0,0,0
582,50502,11,3,3061126,Arnimplatz,2019,10,18,7,2,5,2,2,0,1,0,1,0,0,0
583,50503,11,7,7040401,Neu-Tempelhof,2019,9,14,1,3,3,6,0,0,1,0,0,0,0,0
584,50505,11,12,12103115,Breitkopfbecken,2019,6,16,2,3,1,5,0,1,1,0,0,0,1,0
585,50506,11,3,3061429,Greifswalder Straße,2019,8,15,3,3,5,3,0,1,1,0,0,0,0,0
586,50507,11,7,7070701,Kettinger Straße/Schillerstraße,2019,4,17,7,3,2,6,0,0,1,0,0,0,0,0
587,50508,11,3,3061131,Falkplatz,2019,6,15,7,3,0,1,0,1,0,0,0,0,0,0
588,50509,11,1,1011304,Karl-Marx-Allee,2019,9,23,1,3,6,4,2,0,1,1,0,0,0,1
589,50510,11,4,4010101,Jungfernheide,2019,12,12,1,2,2,6,0,0,1,0,0,0,0,1
590,50511,11,4,4020311,Reichsstraße,2019,6,9,2,2,5,3,0,1,0,0,0,1,0,0
591,50512,11,4,4020313,Königin-Elisabeth-Straße,2019,8,15,3,3,5,2,0,0,1,0,0,0,0,0
592,50513,11,4,4030622,Richard-Wagner-Straße,2019,11,10,2,3,6,7,0,0,1,1,0,0,0,1
593,50514,11,11,11030721,Rüdigerstraße,2019,8,15,3,3,5,2,0,1,0,0,0,1,0,0
594,50515,11,3,3040818,Pankow Süd,2019,4,11,6,3,5,3,0,1,1,0,0,0,0,0
595,50516,11,10,10010204,Wuhletalstraße,2019,10,11,1,2,5,3,0,0,1,0,0,0,1,0
596,50517,11,4,4020310,Park Ruhwald,2019,9,14,7,3,2,6,0,0,1,0,0,0,0,0
597,50519,11,2,2050601,Hausburgviertel,2019,6,8,2,3,5,2,0,1,0,0,0,1,0,0
598,50520,11,7,7040401,Neu-Tempelhof,2019,8,15,2,3,0,7,0,1,0,0,0,0,0,0
599,50521,11,4,4020311,Reichsstraße,2019,4,19,6,2,6,4,0,1,0,1,0,0,0,0
600,50522,11,2,2050602,Samariterviertel,2019,11,10,3,3,5,2,0,1,1,0,0,0,0,0
601,50523,11,1,1011202,Unter den Linden Nord,2019,6,18,3,3,0,6,0,1,0,0,0,0,1,0
602,50524,11,3,3071639,Bötzowstraße,2019,9,12,7,3,2,6,0,0,1,0,0,0,1,0
603,50525,11,2,2010101,Askanischer Platz,2019,12,1,7,3,2,6,2,0,1,0,0,0,0,1
604,50526,11,7,7020203,Kaiser-Wilhelm-Platz,2019,8,19,2,3,0,6,0,0,1,0,1,0,0,0
605,50527,11,2,2020202,Rathaus Yorckstraße,2019,10,10,3,3,2,2,0,1,0,0,0,0,1,0
606,50528,11,4,4020310,Park Ruhwald,2019,9,12,7,2,2,6,0,0,1,0,0,0,0,0
607,50529,11,1,1033203,Humboldthain Nordwest,2019,8,15,2,3,5,2,0,1,1,0,0,0,0,0
608,50530,11,2,2020202,Rathaus Yorckstraße,2019,4,20,6,3,3,6,1,0,1,0,0,0,0,0
609,50531,11,4,4041133,Güterbahnhof Grunewald,2019,10,12,2,3,2,6,0,0,1,0,0,0,1,0
610,50532,11,3,3071639,Bötzowstraße,2019,6,22,1,3,0,7,2,1,0,0,0,0,0,0
611,50533,11,3,3061332,Helmholtzplatz,2019,9,20,7,3,0,6,1,0,1,0,1,0,0,0
612,50535,11,10,10040933,Mahlsdorf Süd,2019,6,13,2,3,5,3,0,1,1,0,0,0,0,0
613,50536,11,6,6040701,Wannsee,2019,4,12,6,3,0,5,0,1,1,0,0,0,0,0
614,50537,11,4,4020310,Park Ruhwald,2019,11,13,5,2,2,6,0,0,1,0,0,0,0,0
615,50538,11,9,9010101,Elsenstraße,2019,6,12,1,3,5,2,0,1,1,0,0,0,0,0
616,50539,11,4,4010101,Jungfernheide,2019,12,15,2,3,2,6,1,0,1,0,0,1,0,1
617,50540,11,10,10010204,Wuhletalstraße,2019,8,12,2,3,5,3,0,0,1,0,0,0,0,0
618,50541,11,1,1011102,Großer Tiergarten,2019,4,10,5,2,5,2,0,1,0,0,1,0,0,0
619,50542,11,7,6010209,Feuerbachstraße,2019,10,14,4,2,0,6,0,0,1,0,0,0,0,0
620,50543,11,10,10030726,Alt-Biesdorf,2019,9,12,7,3,2,6,0,0,1,0,0,0,0,0
621,50545,11,7,7050502,Fritz-Werner-Straße,2019,8,12,2,3,3,6,0,0,1,0,0,1,0,0
622,50546,11,4,4051551,Brabanter Platz,2019,4,18,5,3,3,6,0,0,1,0,0,1,0,0
623,50547,11,1,1011303,Alexanderplatzviertel,2019,9,4,1,3,5,3,2,0,1,0,0,0,1,1
624,50548,11,1,1011202,Unter den Linden Nord,2019,6,9,4,3,3,2,0,0,1,0,1,1,0,0
625,50549,11,7,7040401,Neu-Tempelhof,2019,9,0,7,3,0,7,2,0,0,0,0,0,1,0
626,50550,11,3,3040614,Pankow Zentrum,2019,12,9,6,3,1,5,0,0,1,0,0,1,0,0
627,50551,11,6,6040701,Wannsee,2019,6,15,1,3,1,5,0,1,1,0,0,0,0,0
628,50552,11,1,1011303,Alexanderplatzviertel,2019,8,11,1,3,1,5,0,1,1,0,0,0,0,0
629,50553,11,3,3050925,Komponistenviertel Weißensee,2019,4,17,5,3,1,5,0,1,1,0,0,0,0,0
630,50554,11,1,1011303,Alexanderplatzviertel,2019,11,23,6,3,5,7,2,0,1,0,0,0,1,1
631,50555,11,3,3040818,Pankow Süd,2019,9,19,7,3,5,3,1,1,1,0,0,0,0,0
632,50556,11,7,7060601,Marienfelder Allee Nordwest,2019,11,12,3,3,2,2,0,0,1,0,0,0,0,0
633,50557,11,1,1044201,Reinickendorfer Straße,2019,8,15,7,3,5,2,0,0,1,0,0,0,0,0
634,50558,11,1,1011105,Nördlicher Landwehrkanal,2019,4,17,5,3,5,2,0,0,1,0,1,0,0,0
635,50559,11,11,11040926,Weitlingstraße,2019,10,7,5,3,0,7,1,1,1,0,0,0,0,1
636,50560,11,4,4030622,Richard-Wagner-Straße,2019,9,16,7,3,5,2,0,0,1,0,0,0,1,0
637,50562,11,4,4030623,Ernst-Reuter-Platz,2019,6,15,1,2,3,6,0,0,1,0,1,0,0,0
638,50563,11,4,4030417,Schloßstraße,2019,6,14,1,3,3,6,0,1,0,0,0,0,0,0
639,50564,11,7,7030303,Grazer Platz,2019,12,20,3,3,2,6,2,0,1,0,0,0,0,1
640,50565,11,3,3071639,Bötzowstraße,2019,8,21,7,3,0,7,1,0,0,0,1,0,0,1
641,50566,11,2,2020202,Rathaus Yorckstraße,2019,4,15,5,3,5,2,0,1,1,0,0,0,0,0
642,50567,11,7,7070701,Kettinger Straße/Schillerstraße,2019,10,17,5,2,6,7,0,0,1,1,0,0,0,0
643,50568,11,4,4030417,Schloßstraße,2019,9,15,7,3,6,4,0,1,0,1,0,0,0,0
644,50570,11,2,2040703,Wriezener Bahnhof/Entwicklungsgebiet,2019,8,3,7,2,0,4,2,0,0,1,1,0,0,1
645,50571,11,4,4030622,Richard-Wagner-Straße,2019,4,16,5,2,5,2,0,1,1,0,0,0,0,0
646,50572,11,2,2050802,Boxhagener Platz,2019,9,18,2,3,3,6,1,1,0,0,0,0,0,0
647,50573,11,1,1011105,Nördlicher Landwehrkanal,2019,6,9,4,3,5,3,0,1,1,0,0,0,0,0
648,50574,11,6,6030503,Zehlendorf Mitte,2019,9,16,6,3,0,2,0,1,1,0,0,0,0,0
649,50575,11,3,3040818,Pankow Süd,2019,12,12,7,3,3,6,0,0,0,0,0,1,1,0
650,50576,11,6,6030503,Zehlendorf Mitte,2019,6,0,1,3,1,1,2,0,1,0,0,0,0,0
651,50577,11,3,3061131,Falkplatz,2019,4,15,5,3,6,4,0,1,0,1,0,0,0,0
652,50578,11,2,2050602,Samariterviertel,2019,11,23,6,3,5,2,2,1,1,0,0,0,0,1
653,50579,11,3,3071639,Bötzowstraße,2019,11,17,3,3,2,6,2,0,1,0,0,0,0,0
654,50580,11,7,7030303,Grazer Platz,2019,8,15,6,3,5,2,0,0,1,0,0,0,0,0
655,50581,11,10,10010207,Marzahner Promenade,2019,4,9,5,3,6,4,0,0,1,1,0,0,0,0
656,50582,11,1,1011202,Unter den Linden Nord,2019,10,16,5,3,4,7,0,1,0,0,0,0,1,0
657,50583,11,4,4030417,Schloßstraße,2019,9,14,6,3,5,3,0,0,1,0,0,0,0,0
658,50585,11,3,3071633,Thälmannpark,2019,6,12,1,2,5,7,0,0,1,0,0,0,1,0
659,50586,11,11,11030721,Rüdigerstraße,2019,8,18,5,3,6,4,0,0,1,1,0,0,0,0
660,50587,11,2,2010101,Askanischer Platz,2019,4,14,4,3,0,2,0,0,1,1,0,0,0,0
661,50588,11,4,4030623,Ernst-Reuter-Platz,2019,6,12,6,3,6,7,0,0,1,1,0,0,0,0
662,50589,11,5,5020629,Börnicker Straße,2019,9,14,6,3,2,6,0,0,1,0,0,0,1,0
663,50590,11,11,11030721,Rüdigerstraße,2019,12,21,7,3,2,6,2,0,1,0,0,0,0,1
664,50591,11,7,7020203,Kaiser-Wilhelm-Platz,2019,6,19,7,3,1,5,0,1,0,0,0,0,1,0
665,50592,11,7,7040403,Manteuffelstraße,2019,8,17,5,3,0,6,0,0,1,0,0,0,1,0
666,50593,11,2,2050601,Hausburgviertel,2019,4,18,4,3,5,3,0,1,1,0,0,0,0,0
667,50594,11,4,4030622,Richard-Wagner-Straße,2019,11,13,1,3,2,6,0,0,1,0,0,0,1,1
668,50595,11,2,2040703,Wriezener Bahnhof/Entwicklungsgebiet,2019,8,15,5,3,0,6,0,1,0,1,0,0,0,0
669,50596,11,6,6040703,Nikolassee,2019,4,18,4,3,5,3,0,1,1,0,0,0,0,0
670,50597,11,4,4041134,Bismarckallee,2019,10,11,6,3,2,6,0,0,1,0,0,0,1,0
671,50598,11,12,12231101,Hermsdorf,2019,9,8,6,3,5,3,0,1,1,0,0,0,0,0
672,50600,11,7,7040401,Neu-Tempelhof,2019,6,13,7,3,2,6,0,0,1,0,0,0,0,0
673,50601,11,1,1011105,Nördlicher Landwehrkanal,2019,8,15,5,3,5,3,0,1,1,0,0,0,0,0
674,50602,11,3,3010104,Lietzengraben,2019,4,17,4,3,2,6,0,0,1,0,0,0,0,0
675,50603,11,10,10010309,Springpfuhl,2019,11,15,2,3,1,5,1,0,1,0,1,0,0,1
676,50604,11,7,7040401,Neu-Tempelhof,2019,6,20,3,3,1,5,0,1,1,0,0,0,0,0
677,50605,11,11,11041027,Tierpark,2019,9,16,6,3,3,6,0,0,1,0,1,0,0,0
678,50606,11,12,12103219,Schäfersee,2019,12,19,6,3,6,2,2,0,1,1,0,0,0,1
679,50607,11,1,1033203,Humboldthain Nordwest,2019,8,8,5,3,2,2,0,0,1,0,0,0,0,0
680,50608,11,7,7040403,Manteuffelstraße,2019,4,14,4,3,6,4,0,0,1,1,0,0,0,0
681,50609,11,2,2050602,Samariterviertel,2019,10,17,2,3,6,4,2,0,1,1,0,0,0,1
682,50610,11,7,7040406,Germaniagarten,2019,9,6,5,3,3,6,2,0,1,0,0,1,0,0
683,50611,11,7,7050502,Fritz-Werner-Straße,2019,8,10,5,3,5,3,0,1,1,0,0,0,0,0
684,50612,11,10,10010102,Havemannstraße,2019,4,15,4,2,6,4,0,0,1,1,0,0,0,0
685,50613,11,6,6030605,Botanischer Garten,2019,10,18,7,3,2,6,1,0,1,0,0,0,0,0
686,50614,11,7,7040405,Rathaus Tempelhof,2019,6,23,7,3,3,6,2,0,1,0,0,0,0,0
687,50615,11,7,7020202,Volkspark (Rudolf-Wilde-Park),2019,9,16,5,3,2,6,0,0,1,0,0,0,0,0
688,50617,11,1,1022202,Heidestraße,2019,6,21,7,3,2,6,1,0,1,0,0,0,0,0
689,50618,11,6,6040701,Wannsee,2019,4,9,4,3,5,2,0,0,1,0,0,0,0,0
690,50619,11,1,1022202,Heidestraße,2019,11,7,4,3,2,6,0,0,1,0,0,0,0,0
691,50620,11,12,12214125,Waldidyll/Flughafensee,2019,6,12,7,3,0,7,0,0,1,0,0,0,0,0
692,50621,11,4,4020310,Park Ruhwald,2019,12,18,1,3,3,6,2,0,1,0,0,1,0,0
693,50622,11,2,2040701,Andreasviertel,2019,8,7,5,3,1,6,0,0,1,0,0,0,0,0
694,50623,11,2,2050602,Samariterviertel,2019,4,8,4,2,0,2,0,1,1,0,0,0,0,0
695,50624,11,7,7030303,Grazer Platz,2019,10,8,3,3,2,6,0,0,1,0,1,0,0,0
696,50625,11,1,1011303,Alexanderplatzviertel,2019,9,15,5,3,3,6,0,0,1,0,0,0,0,0
697,50627,11,2,2040502,Friedenstraße,2019,7,11,4,2,0,7,0,1,0,0,0,0,0,0
698,50628,11,7,7030303,Grazer Platz,2019,4,11,3,2,2,6,0,0,1,0,0,1,0,0
699,50629,11,4,4051551,Brabanter Platz,2019,9,14,7,3,2,6,0,0,1,0,0,0,0,1
700,50630,11,3,3050925,Komponistenviertel Weißensee,2019,6,9,3,3,3,6,0,1,0,0,0,0,1,0
701,50631,11,6,6030605,Botanischer Garten,2019,9,13,5,2,0,7,0,1,0,0,0,0,0,0
702,50632,11,9,9010301,Baumschulenstraße,2019,12,14,6,3,3,6,0,0,1,0,0,0,1,1
703,50633,11,1,1011204,Leipziger Straße,2019,6,1,7,3,2,6,2,0,1,0,0,0,0,0
704,50634,11,1,1011105,Nördlicher Landwehrkanal,2019,7,22,4,3,5,2,2,1,1,0,0,0,0,1
705,50635,11,4,4041239,Stadion Wilmersdorf,2019,4,10,3,3,2,6,0,0,1,0,0,0,0,0
706,50636,11,11,11030721,Rüdigerstraße,2019,11,7,4,2,5,2,0,1,1,0,0,0,0,1
707,50637,11,5,5020524,Weinmeisterhornweg,2019,11,14,1,3,5,3,0,0,1,0,1,0,0,0
708,50638,11,2,2050602,Samariterviertel,2019,7,14,4,3,0,6,0,1,0,0,0,0,0,0
709,50639,11,3,2040501,Barnimkiez,2019,4,5,3,2,6,7,0,0,1,0,0,0,1,0
710,50640,11,2,2050602,Samariterviertel,2019,10,10,4,3,6,7,0,0,0,1,0,0,1,1
711,50641,11,2,2040503,Richard-Sorge-Viertel,2019,9,9,5,3,3,6,0,1,0,0,0,0,0,0
712,50643,11,7,7050502,Fritz-Werner-Straße,2019,5,6,6,3,5,3,0,0,1,0,0,0,0,0
713,50644,11,4,4020313,Königin-Elisabeth-Straße,2019,7,13,4,3,5,2,0,1,0,0,0,1,0,0
714,50645,11,6,6030503,Zehlendorf Mitte,2019,4,11,3,3,5,7,0,1,1,0,0,0,0,0
715,50646,11,9,9010101,Elsenstraße,2019,6,20,5,3,6,4,0,1,0,1,0,0,0,0
716,50647,11,7,7040406,Germaniagarten,2019,9,6,5,3,2,6,0,0,1,0,0,0,1,1
717,50648,11,3,3071639,Bötzowstraße,2019,12,7,4,3,6,2,0,0,1,1,0,0,0,0
718,50649,11,4,4030622,Richard-Wagner-Straße,2019,5,13,6,3,5,2,0,1,1,0,0,0,0,0
719,50650,11,1,1011303,Alexanderplatzviertel,2019,7,18,3,3,6,6,0,0,0,1,0,0,1,0
720,50651,11,4,4051551,Brabanter Platz,2019,11,5,6,3,5,2,2,0,1,0,0,0,0,0
721,50652,11,1,1011105,Nördlicher Landwehrkanal,2019,7,23,3,3,5,3,2,1,0,0,0,0,1,0
722,50653,11,1,1044203,Leopoldplatz,2019,9,17,6,3,2,6,0,0,1,0,0,0,0,1
723,50654,11,1,1011105,Nördlicher Landwehrkanal,2019,4,11,3,3,2,6,0,0,1,0,1,0,0,0
724,50655,11,4,4030417,Schloßstraße,2019,10,0,5,3,5,3,2,0,1,0,0,0,0,1
725,50656,11,11,11041022,Rosenfelder Ring,2019,9,5,5,3,2,6,2,0,1,0,0,1,0,1
726,50658,11,3,3040818,Pankow Süd,2019,5,19,6,2,1,5,1,1,1,0,0,0,0,1
727,50659,11,3,3040614,Pankow Zentrum,2019,7,22,3,3,3,2,2,0,1,0,1,0,0,0
728,50660,11,1,1022202,Heidestraße,2019,4,14,3,3,2,6,0,0,1,0,0,0,1,0
729,50661,11,7,7040403,Manteuffelstraße,2019,11,11,1,3,2,2,0,0,1,0,0,0,0,1
730,50662,11,12,12103218,Teichstraße,2019,6,23,7,3,2,7,2,0,0,0,0,0,1,0
731,50663,11,7,7050501,Rathausstraße,2019,9,11,4,3,2,7,0,0,1,0,1,0,0,0
732,50664,11,1,1044201,Reinickendorfer Straße,2019,12,17,5,3,2,6,2,0,1,0,0,0,1,0
733,50665,11,3,3061131,Falkplatz,2019,7,10,3,3,5,2,0,1,1,0,0,0,0,0
734,50666,11,3,3020209,Niederschönhausen,2019,4,15,3,3,5,2,0,1,1,0,0,0,0,0
735,50667,11,12,12103115,Breitkopfbecken,2019,7,12,3,3,9,1,0,0,1,0,0,0,0,0
736,50668,11,7,7070701,Kettinger Straße/Schillerstraße,2019,4,16,3,3,6,4,0,0,1,1,0,0,0,0
737,50669,11,1,1011102,Großer Tiergarten,2019,6,16,5,3,2,6,0,0,1,0,1,0,0,0
738,50670,11,7,7050501,Rathausstraße,2019,9,9,4,3,3,6,0,0,1,0,0,1,0,0
739,50671,11,2,2040701,Andreasviertel,2019,12,6,6,3,2,2,2,1,1,0,0,0,0,2
740,50672,11,12,12103115,Breitkopfbecken,2019,5,19,6,2,9,1,0,0,1,0,0,0,0,1
741,50673,11,3,3050925,Komponistenviertel Weißensee,2019,7,22,2,3,1,5,2,1,1,0,0,0,0,1
742,50674,11,9,9010302,Späthsfelde,2019,11,19,6,2,3,6,2,0,1,0,0,1,0,1
743,50675,11,1,1011303,Alexanderplatzviertel,2019,7,19,2,3,0,6,0,1,1,0,0,0,0,1
744,50676,11,4,4010101,Jungfernheide,2019,4,16,3,3,2,6,0,0,1,0,0,0,0,0
745,50677,11,7,7050502,Fritz-Werner-Straße,2019,10,1,6,2,5,3,2,0,1,0,0,0,0,1
746,50678,11,7,7040402,Lindenhofsiedlung,2019,9,8,4,3,2,6,0,0,1,0,0,0,0,0
747,50680,11,2,2050602,Samariterviertel,2019,5,12,6,3,5,2,0,1,1,0,0,0,0,0
748,50681,11,1,1033203,Humboldthain Nordwest,2019,7,19,2,3,5,2,0,1,1,0,0,0,0,1
749,50682,11,9,9010402,Johannisthal Ost,2019,4,3,2,3,9,1,2,0,1,0,0,0,0,0
750,50683,11,7,7040405,Rathaus Tempelhof,2019,11,18,2,3,2,6,2,0,1,0,0,0,0,1
751,50684,11,9,9020601,Schnellerstraße,2019,6,16,1,3,2,6,0,0,0,0,1,0,0,0
752,50685,11,1,1011204,Leipziger Straße,2019,9,7,4,3,2,6,0,0,0,0,1,1,0,0
753,50686,11,7,7030303,Grazer Platz,2019,12,7,6,3,2,6,1,0,1,0,0,0,0,1
754,50687,11,7,7030303,Grazer Platz,2019,7,19,2,3,5,3,0,0,1,0,0,0,1,1
755,50688,11,3,3040614,Pankow Zentrum,2019,4,10,7,3,0,2,0,0,1,0,0,0,1,0
756,50689,11,7,7050502,Fritz-Werner-Straße,2019,10,6,2,3,0,3,1,1,0,0,0,0,0,1
757,50690,11,9,9010101,Elsenstraße,2019,9,8,3,3,2,6,0,0,1,0,0,0,0,0
758,50691,11,6,6030503,Zehlendorf Mitte,2019,7,16,2,3,0,5,0,1,1,0,0,0,0,0
759,50692,11,2,2050602,Samariterviertel,2019,4,12,6,3,6,6,0,1,0,1,0,0,0,0
760,50693,11,7,7050502,Fritz-Werner-Straße,2019,10,17,6,3,5,3,1,0,1,0,0,0,0,1
761,50694,11,4,4020311,Reichsstraße,2019,6,15,6,3,5,2,0,0,1,0,0,0,0,0
762,50695,11,3,3040818,Pankow Süd,2019,9,16,3,3,5,2,0,1,1,0,0,0,0,0
763,50697,11,4,4020311,Reichsstraße,2019,5,14,5,3,2,6,0,0,1,0,0,0,0,0
764,50698,11,4,4020313,Königin-Elisabeth-Straße,2019,4,10,6,3,2,6,0,0,0,0,1,0,0,0
765,50699,11,1,1011204,Leipziger Straße,2019,11,22,2,3,3,6,2,0,1,0,0,0,0,0