,object id,city,district,sub district key,street,year,month,hour of day,weekday,category,accident type,accident type 2,light situation,bike involved,car involved,pedestrian involved,motor bike involved,big track involved,other vehicle involved,road condition
766,50700,11,1,1011303,Alexanderplatzviertel,2019,5,4,5,3,5,3,1,1,1,0,0,0,0,0
767,50701,11,12,12304314,Ziekowstraße/Freie Scholle,2019,11,12,7,3,2,6,0,0,1,0,0,0,0,0
768,50702,11,4,4020310,Park Ruhwald,2019,7,14,2,3,3,6,0,0,1,0,0,0,0,0
769,50703,11,7,7050502,Fritz-Werner-Straße,2019,4,14,6,3,2,2,0,0,0,0,0,0,1,0
770,50704,11,7,7060601,Marienfelder Allee Nordwest,2019,10,16,3,2,1,5,0,0,1,0,1,0,0,0
771,50705,11,1,1011105,Nördlicher Landwehrkanal,2019,9,15,3,3,2,2,0,0,0,0,1,1,0,0
772,50707,11,9,9020601,Schnellerstraße,2019,7,13,2,3,2,6,0,0,1,0,1,0,0,0
773,50708,11,5,5020629,Börnicker Straße,2019,4,15,6,3,0,1,0,0,0,0,1,0,0,0
774,50709,11,1,1011303,Alexanderplatzviertel,2019,9,17,6,2,6,7,0,0,0,1,0,0,1,0
775,50710,11,2,2050802,Boxhagener Platz,2019,6,19,2,3,1,5,0,1,1,0,0,0,0,0
776,50711,11,10,10040830,Kaulsdorf Süd,2019,9,11,3,3,0,7,0,0,1,0,0,0,0,0
777,50712,11,2,2050802,Boxhagener Platz,2019,12,19,3,3,1,5,2,1,1,0,0,0,1,0
778,50713,11,11,11041022,Rosenfelder Ring,2019,5,20,4,3,2,7,0,0,1,0,0,0,1,0
779,50714,11,1,1011303,Alexanderplatzviertel,2019,7,10,2,3,5,3,0,0,1,0,0,0,1,0
780,50715,11,7,7030303,Grazer Platz,2019,4,10,5,3,3,6,0,0,1,0,0,0,0,0
781,50716,11,1,1011105,Nördlicher Landwehrkanal,2019,11,12,4,3,5,7,0,0,1,0,0,0,0,1
782,50717,11,7,7050502,Fritz-Werner-Straße,2019,11,13,7,2,6,7,0,0,1,1,0,0,0,0
783,50718,11,6,6010209,Feuerbachstraße,2019,7,11,2,2,2,7,0,0,1,0,0,0,0,0
784,50719,11,3,3061126,Arnimplatz,2019,4,20,5,3,0,6,0,0,0,0,0,0,1,0
785,50720,11,11,11041022,Rosenfelder Ring,2019,10,9,3,3,6,2,0,0,1,1,0,0,0,0
786,50721,11,12,12103219,Schäfersee,2019,9,9,3,3,1,7,0,0,1,1,0,0,1,0
787,50723,11,2,2050602,Samariterviertel,2019,5,22,4,3,3,6,2,0,1,0,1,0,0,0
788,50724,11,7,7040401,Neu-Tempelhof,2019,7,8,2,3,0,7,0,1,0,0,0,0,0,0
789,50725,11,2,2050601,Hausburgviertel,2019,4,22,5,3,5,2,2,0,1,0,0,0,1,0
790,50726,11,7,7070703,John-Locke-Straße,2019,11,18,5,3,3,6,2,0,1,0,0,0,0,1
791,50727,11,7,7040405,Rathaus Tempelhof,2019,6,14,5,3,2,6,0,0,1,0,0,0,0,0
792,50728,11,4,4020311,Reichsstraße,2019,9,12,3,3,0,3,0,1,1,0,0,0,0,0
793,50729,11,4,4030622,Richard-Wagner-Straße,2019,12,20,3,3,5,3,2,1,1,0,0,0,0,1
794,50730,11,10,10010204,Wuhletalstraße,2019,7,8,1,2,9,1,0,0,1,0,0,0,0,0
795,50731,11,2,2020203,Viktoriapark,2019,10,4,5,3,8,1,2,0,1,0,0,0,0,0
796,50732,11,6,6010103,Markelstraße,2019,7,23,1,3,0,7,2,0,1,0,0,0,0,0
797,50733,11,2,2020203,Viktoriapark,2019,9,15,6,3,2,6,0,0,1,0,0,0,0,1
798,50734,11,6,6030503,Zehlendorf Mitte,2019,4,18,5,3,0,1,0,0,0,0,1,0,0,0
799,50735,11,4,4041133,Güterbahnhof Grunewald,2019,10,9,4,3,2,6,0,0,1,0,0,0,0,0
800,50736,11,4,4020311,Reichsstraße,2019,9,12,3,3,0,3,0,1,1,0,0,0,0,0
801,50738,11,1,1044203,Leopoldplatz,2019,5,21,4,3,2,6,0,0,1,0,0,0,1,0
802,50739,11,2,2050602,Samariterviertel,2019,7,19,1,3,5,2,0,0,1,0,0,0,0,0
803,50740,11,2,2050601,Hausburgviertel,2019,4,10,5,3,6,4,0,1,0,1,0,0,0,0
804,50741,11,1,1011105,Nördlicher Landwehrkanal,2019,11,16,7,2,0,3,1,1,0,0,0,0,1,0
805,50742,11,9,9010102,Am Treptower Park Nord,2019,6,18,7,2,3,6,0,0,1,0,0,0,0,0
806,50743,11,12,12103117,Letteplatz,2019,12,11,4,3,3,6,0,0,1,0,1,0,0,0
807,50744,11,5,5040936,Jägerallee,2019,7,18,1,2,5,3,0,1,1,0,0,0,0,0
808,50745,11,2,2020202,Rathaus Yorckstraße,2019,4,9,5,3,1,5,0,0,1,0,0,0,1,0
809,50746,11,7,7050502,Fritz-Werner-Straße,2019,10,17,6,3,5,3,0,0,1,0,0,0,0,0
810,50747,11,1,1011104,Körnerstraße,2019,9,15,2,3,0,7,0,1,0,0,0,0,0,1
811,50748,11,4,4020208,Kranzallee,2019,7,23,7,3,5,2,2,0,1,0,1,0,0,0
812,50749,11,9,9020601,Schnellerstraße,2019,4,10,5,2,5,3,0,1,1,0,0,0,0,0
813,50750,11,3,3020209,Niederschönhausen,2019,10,8,4,3,2,7,1,1,1,0,0,0,0,1
814,50751,11,10,10030726,Alt-Biesdorf,2019,6,7,5,2,5,2,0,1,1,0,0,0,0,0
815,50752,11,1,1033203,Humboldthain Nordwest,2019,9,11,2,3,5,2,0,0,1,0,0,0,0,1
816,50753,11,7,7070703,John-Locke-Straße,2019,12,14,5,3,1,5,0,0,1,0,0,0,1,1
817,50754,11,2,2050602,Samariterviertel,2019,5,10,4,3,2,6,0,0,1,0,1,0,0,0
818,50755,11,1,1044102,Schillerpark,2019,4,17,5,3,2,6,0,0,1,0,0,0,0,0
819,50756,11,1,1022202,Heidestraße,2019,11,5,1,3,8,1,2,0,1,0,0,0,1,1
820,50757,11,4,4030623,Ernst-Reuter-Platz,2019,5,11,4,3,5,7,0,1,1,0,0,0,0,0
821,50758,11,3,3040614,Pankow Zentrum,2019,11,18,5,3,5,2,2,1,1,0,0,0,0,1
822,50759,11,4,4030417,Schloßstraße,2019,7,22,7,2,0,1,2,1,0,0,0,0,0,0
823,50760,11,10,10010308,Marzahner Chaussee,2019,4,7,4,2,5,2,0,0,1,0,1,0,1,0
824,50761,11,3,3020209,Niederschönhausen,2019,10,14,1,3,5,2,0,1,1,0,0,0,0,0
825,50762,11,4,4020314,Messegelände,2019,9,23,2,3,9,1,2,0,1,0,0,0,0,1
826,50764,11,4,4020313,Königin-Elisabeth-Straße,2019,5,17,4,3,3,6,0,0,1,0,0,0,0,0
827,50765,11,2,2040503,Richard-Sorge-Viertel,2019,7,10,7,3,3,6,0,1,1,0,0,0,0,0
828,50766,11,5,5020524,Weinmeisterhornweg,2019,4,11,4,3,2,6,0,0,1,0,0,0,1,0
829,50767,11,2,2020202,Rathaus Yorckstraße,2019,10,20,7,3,0,7,2,0,0,0,1,0,0,0
830,50768,11,7,7030303,Grazer Platz,2019,9,21,2,3,5,3,2,0,1,0,0,1,0,1
831,50769,11,3,3061126,Arnimplatz,2019,7,10,7,3,2,6,0,0,1,0,1,0,0,0
832,50770,11,4,4020208,Kranzallee,2019,4,12,4,3,2,6,0,0,1,0,0,0,0,0
833,50771,11,1,1033203,Humboldthain Nordwest,2019,10,6,4,3,2,6,2,0,1,0,0,0,1,1
834,50772,11,1,1033203,Humboldthain Nordwest,2019,6,8,6,3,5,2,0,1,1,0,0,0,0,0
835,50773,11,4,4020313,Königin-Elisabeth-Straße,2019,9,19,2,3,5,3,2,0,1,0,0,1,0,1
836,50774,11,3,3020209,Niederschönhausen,2019,12,7,7,3,4,6,0,0,1,0,0,0,0,0
837,50775,11,3,3040818,Pankow Süd,2019,5,13,4,3,5,2,0,0,1,0,0,0,1,0
838,50776,11,7,7040405,Rathaus Tempelhof,2019,4,13,4,3,3,6,0,0,1,0,0,1,0,0
839,50777,11,12,12224230,Heiligensee,2019,11,14,1,3,2,6,0,0,1,0,0,0,0,0
840,50778,11,7,7040405,Rathaus Tempelhof,2019,5,15,4,2,9,1,0,0,0,0,1,0,0,0
841,50779,11,7,7040403,Manteuffelstraße,2019,11,13,7,2,0,1,0,0,0,0,1,0,0,1
842,50780,11,9,9020601,Schnellerstraße,2019,7,0,7,2,5,3,2,1,0,0,1,0,0,0
843,50781,11,12,12103219,Schäfersee,2019,4,14,4,3,0,2,0,1,0,0,0,0,1,0
844,50782,11,4,4030417,Schloßstraße,2019,10,13,2,3,2,6,0,1,1,0,0,0,0,0
845,50783,11,4,4020311,Reichsstraße,2019,9,15,2,3,4,1,0,0,1,0,0,0,0,1
846,50785,11,7,7050502,Fritz-Werner-Straße,2019,5,7,4,3,5,3,0,1,0,0,0,0,0,0
847,50786,11,1,1011303,Alexanderplatzviertel,2019,7,23,6,2,0,7,2,0,0,0,1,0,1,0
848,50787,11,1,1011105,Nördlicher Landwehrkanal,2019,4,15,4,3,2,6,0,0,1,0,0,0,1,0
849,50788,11,3,3020209,Niederschönhausen,2019,6,14,2,2,0,3,0,0,0,0,1,1,0,0
850,50789,11,2,2010101,Askanischer Platz,2019,9,9,2,3,2,6,0,0,1,0,0,0,0,1
851,50790,11,1,1011204,Leipziger Straße,2019,12,19,2,3,5,3,2,1,1,0,0,0,0,1
852,50791,11,2,2050602,Samariterviertel,2019,5,9,4,3,5,2,0,1,0,0,0,0,1,0
853,50792,11,7,7040401,Neu-Tempelhof,2019,7,12,6,3,1,5,0,0,1,0,0,0,1,0
854,50793,11,4,4030622,Richard-Wagner-Straße,2019,4,17,3,3,3,6,0,0,1,0,1,0,0,0
855,50794,11,6,6030605,Botanischer Garten,2019,11,14,3,3,2,6,0,0,1,0,0,0,0,1
856,50795,11,1,1033203,Humboldthain Nordwest,2019,11,13,6,2,5,3,0,0,1,0,0,0,0,0
857,50796,11,4,4030417,Schloßstraße,2019,7,12,6,3,2,6,0,0,1,0,0,0,0,0
858,50797,11,4,7030301,Friedenau,2019,4,21,3,3,2,6,2,0,1,0,0,0,0,0
859,50798,11,6,6010101,Fichtenberg,2019,10,15,2,3,5,7,0,0,1,0,0,0,0,0
860,50799,11,9,9010101,Elsenstraße,2019,9,8,2,3,3,6,0,0,1,0,0,0,1,1
861,50801,11,4,4020208,Kranzallee,2019,5,7,4,2,5,7,0,0,1,0,1,0,0,0
862,50802,11,4,4020208,Kranzallee,2019,7,18,6,3,2,6,0,0,1,0,0,0,0,0
863,50803,11,11,11030721,Rüdigerstraße,2019,4,20,3,3,1,5,2,0,1,0,1,0,0,0
864,50804,11,2,2040502,Friedenstraße,2019,11,21,4,3,3,6,2,0,1,0,0,0,1,0
865,50805,11,4,4020311,Reichsstraße,2019,6,13,4,3,5,2,0,0,1,0,0,0,0,0
866,50806,11,7,7050502,Fritz-Werner-Straße,2019,9,14,2,3,2,6,0,0,1,0,1,0,0,1
867,50807,11,4,4041239,Stadion Wilmersdorf,2019,12,17,2,3,2,6,2,0,1,0,0,0,0,1
868,50808,11,1,1011303,Alexanderplatzviertel,2019,7,20,6,3,0,1,1,0,0,0,0,0,1,0
869,50809,11,9,9010302,Späthsfelde,2019,10,18,4,3,2,6,2,0,1,0,0,0,0,0
870,50810,11,2,2050602,Samariterviertel,2019,9,0,1,3,9,1,2,0,1,0,0,0,0,0
871,50811,11,4,4010101,Jungfernheide,2019,7,9,6,3,2,6,0,0,1,0,0,0,0,0
872,50812,11,3,3050920,Weißer See,2019,4,19,3,3,5,3,0,0,1,0,0,0,0,0
873,50813,11,5,5020524,Weinmeisterhornweg,2019,10,11,3,3,2,6,0,0,1,0,0,0,0,1
874,50814,11,7,7050506,Birnhornweg,2019,9,4,1,3,1,1,0,0,1,0,0,0,0,0
875,50816,11,4,4010103,Paul-Hertz-Siedlung,2019,5,8,4,3,8,1,0,0,0,0,1,0,0,0
876,50817,11,2,2040503,Richard-Sorge-Viertel,2019,7,2,6,3,3,6,2,0,0,0,0,0,1,0
877,50818,11,4,4030622,Richard-Wagner-Straße,2019,4,18,3,3,5,3,0,1,1,0,0,0,0,0
878,50819,11,1,1011303,Alexanderplatzviertel,2019,11,4,7,3,0,3,2,0,0,0,0,0,1,1
879,50820,11,1,1033203,Humboldthain Nordwest,2019,5,9,3,3,5,2,0,1,1,0,0,0,0,0
880,50821,11,2,2050602,Samariterviertel,2019,12,7,3,3,5,2,1,1,1,0,0,0,0,0
881,50822,11,10,10010204,Wuhletalstraße,2019,7,11,5,3,5,3,0,0,1,0,0,0,1,0
882,50823,11,9,9010101,Elsenstraße,2019,4,17,3,3,4,7,0,1,1,0,0,0,0,0
883,50824,11,2,2050602,Samariterviertel,2019,10,11,6,3,5,2,0,1,0,0,0,0,1,0
884,50825,11,2,2050602,Samariterviertel,2019,9,20,7,2,6,4,2,0,1,1,0,0,0,0
885,50826,11,4,4010102,Plötzensee,2019,7,23,5,2,3,1,2,0,1,0,0,0,0,0
886,50827,11,3,3040513,Schönholz,2019,4,7,3,3,5,2,0,1,1,0,0,0,0,0
887,50828,11,1,1011303,Alexanderplatzviertel,2019,10,9,3,3,5,2,0,1,1,0,0,0,0,1
888,50829,11,4,4020313,Königin-Elisabeth-Straße,2019,6,18,4,3,2,6,0,0,1,0,0,0,0,0
889,50830,11,7,7020202,Volkspark (Rudolf-Wilde-Park),2019,9,12,7,3,3,6,0,0,1,0,0,0,0,0
890,50831,11,1,1044201,Reinickendorfer Straße,2019,12,16,2,3,6,2,2,0,1,1,0,0,0,0
891,50832,11,1,1033203,Humboldthain Nordwest,2019,5,8,3,3,5,2,0,1,0,0,0,1,0,0
892,50833,11,2,2040701,Andreasviertel,2019,4,17,3,2,6,4,0,1,0,1,0,0,0,0
893,50834,11,6,6030503,Zehlendorf Mitte,2019,11,10,7,3,0,2,0,1,1,0,0,0,0,1
894,50835,11,1,1011303,Alexanderplatzviertel,2019,5,8,3,3,2,2,0,1,0,0,0,0,1,0
895,50836,11,7,7040403,Manteuffelstraße,2019,11,17,4,3,2,6,2,0,1,0,0,0,0,1
896,50837,11,3,3061435,Conrad-Blenkle-Straße,2019,7,16,5,3,3,6,0,1,1,0,0,0,0,0
897,50838,11,7,7030303,Grazer Platz,2019,4,17,3,3,5,2,0,0,1,0,1,0,0,0
898,50839,11,12,12301205,Waidmannslust,2019,10,9,6,3,5,3,0,0,1,0,1,0,0,0
899,50840,11,7,7010104,Dennewitzplatz,2019,9,12,7,3,5,3,0,0,1,0,1,0,0,0
900,50842,11,1,1044203,Leopoldplatz,2019,5,17,3,3,6,4,0,1,1,1,0,0,0,0
901,50843,11,3,3040614,Pankow Zentrum,2019,7,13,5,3,2,6,0,0,1,0,0,0,0,0
902,50844,11,7,7050501,Rathausstraße,2019,4,12,2,3,5,2,0,0,1,0,0,0,0,0
903,50845,11,5,5040935,Groß-Glienicker Weg,2019,6,12,7,3,4,6,0,1,0,0,0,0,0,0
904,50846,11,2,2020203,Viktoriapark,2019,9,11,7,3,2,6,0,0,1,0,0,0,0,0
905,50847,11,7,7040403,Manteuffelstraße,2019,12,3,1,3,5,3,2,0,1,0,0,0,0,1
906,50848,11,3,3061332,Helmholtzplatz,2019,5,11,3,2,0,2,0,0,1,0,1,0,0,0
907,50849,11,7,7020202,Volkspark (Rudolf-Wilde-Park),2019,7,8,5,3,2,2,0,1,1,0,0,0,0,0
908,50850,11,12,12103219,Schäfersee,2019,11,0,1,2,1,1,2,0,1,0,0,0,0,1
909,50851,11,2,2050602,Samariterviertel,2019,7,6,5,3,5,2,0,0,1,0,0,0,0,0
910,50852,11,12,12103219,Schäfersee,2019,4,22,2,3,0,3,2,0,1,0,1,0,0,0
911,50853,11,7,7050502,Fritz-Werner-Straße,2019,10,13,7,3,5,3,0,1,1,0,0,0,0,0
912,50854,11,4,4030417,Schloßstraße,2019,9,20,6,3,0,1,2,1,1,0,0,0,0,0
913,50856,11,7,7060604,Marienfelde Süd,2019,5,10,2,2,0,7,0,1,0,0,0,0,0,0
914,50857,11,12,12103115,Breitkopfbecken,2019,7,17,4,3,1,5,0,1,1,0,0,0,0,0
915,50858,11,1,1011303,Alexanderplatzviertel,2019,4,18,2,3,0,5,0,1,0,0,0,0,1,0
916,50859,11,5,5020629,Börnicker Straße,2019,11,17,3,1,6,4,1,0,1,1,0,0,1,1
917,50860,11,1,1011303,Alexanderplatzviertel,2019,6,11,3,3,5,2,0,1,1,0,0,0,0,0
918,50861,11,6,6040703,Nikolassee,2019,9,6,6,3,3,6,0,0,1,0,0,0,0,0
919,50862,11,4,4020310,Park Ruhwald,2019,12,18,6,2,2,6,2,0,1,0,0,0,0,1
920,50863,11,2,2050601,Hausburgviertel,2019,7,15,4,3,0,1,0,1,0,0,0,0,0,0
921,50864,11,9,9020601,Schnellerstraße,2019,10,13,3,3,2,6,0,0,1,0,0,0,0,0
922,50865,11,4,4020314,Messegelände,2019,9,13,6,3,3,6,0,0,1,0,0,0,1,0
923,50866,11,12,12214125,Waldidyll/Flughafensee,2019,6,15,7,3,2,6,0,0,1,0,0,0,0,0
924,50867,11,12,4010101,Jungfernheide,2019,9,13,6,3,0,6,0,0,0,0,0,0,1,0
925,50868,11,12,12103219,Schäfersee,2019,12,13,2,3,3,6,0,0,1,0,0,1,0,0
926,50869,11,2,2020203,Viktoriapark,2019,5,9,2,3,3,6,0,1,1,0,0,0,0,0
927,50870,11,3,3020307,Buchholz,2019,7,19,4,2,2,7,0,0,1,0,0,0,0,0
928,50871,11,5,5020524,Weinmeisterhornweg,2019,4,15,2,3,0,7,0,0,1,0,0,0,1,0
929,50872,11,7,7050502,Fritz-Werner-Straße,2019,11,12,2,3,0,6,0,0,1,0,1,0,0,1
930,50873,11,7,7050501,Rathausstraße,2019,7,7,4,3,2,6,0,0,1,0,0,0,1,0
931,50874,11,4,4030417,Schloßstraße,2019,4,8,2,3,5,2,0,1,1,0,0,0,0,0
932,50875,11,7,7040403,Manteuffelstraße,2019,10,17,1,3,0,7,0,1,1,0,0,0,0,0
933,50876,11,12,12103115,Breitkopfbecken,2019,9,12,6,3,6,7,0,0,0,1,0,1,0,0
934,50878,11,4,4030623,Ernst-Reuter-Platz,2019,5,15,1,3,6,4,0,1,0,1,0,0,0,0
935,50879,11,4,4051551,Brabanter Platz,2019,7,15,4,3,2,6,0,0,1,0,0,1,0,0
936,50880,11,2,2050602,Samariterviertel,2019,4,8,2,3,5,3,0,1,1,0,0,0,0,0
937,50881,11,3,3020209,Niederschönhausen,2019,11,22,3,3,0,3,2,1,1,0,0,0,0,1
938,50882,11,3,3061131,Falkplatz,2019,6,7,4,2,5,3,0,1,0,0,0,0,0,0
939,50883,11,4,4041133,Güterbahnhof Grunewald,2019,9,12,6,3,2,6,0,0,1,0,0,0,0,0
940,50884,11,2,2050802,Boxhagener Platz,2019,12,13,7,3,1,5,0,1,1,0,0,0,1,0
941,50885,11,9,9010201,Am Treptower Park Süd,2019,7,16,4,3,5,2,0,0,1,0,0,0,0,0
942,50886,11,12,12103115,Breitkopfbecken,2019,10,9,4,3,3,6,0,0,1,0,0,0,0,0
943,50887,11,7,7060601,Marienfelder Allee Nordwest,2019,9,15,6,3,8,7,0,0,1,0,0,0,0,0
944,50888,11,7,7040401,Neu-Tempelhof,2019,7,14,4,3,3,6,0,0,1,0,1,0,1,0
945,50889,11,12,12302212,Rollbergesiedlung,2019,4,0,1,3,5,2,2,1,1,0,0,0,0,0
946,50890,11,4,4030417,Schloßstraße,2019,10,0,3,3,5,2,2,0,1,0,0,0,0,0
947,50891,11,4,4020314,Messegelände,2019,6,13,2,3,2,6,0,0,1,0,0,1,0,0
948,50892,11,11,11030721,Rüdigerstraße,2019,9,20,5,3,5,2,2,1,1,0,0,0,0,0
949,50894,11,10,10010204,Wuhletalstraße,2019,5,2,1,3,6,4,2,0,0,1,0,0,1,0
950,50895,11,10,10030726,Alt-Biesdorf,2019,7,19,4,3,2,6,0,0,1,0,0,0,0,0
951,50896,11,4,4041239,Stadion Wilmersdorf,2019,4,13,7,3,2,6,0,0,1,0,0,0,0,0
952,50897,11,5,5040936,Jägerallee,2019,11,7,5,2,4,6,1,1,0,0,0,0,0,0
953,50898,11,4,4010101,Jungfernheide,2019,5,17,1,3,2,6,0,0,1,0,0,0,0,0
954,50899,11,4,4030417,Schloßstraße,2019,12,16,3,3,5,2,2,1,1,0,0,0,0,1
955,50900,11,2,2040503,Richard-Sorge-Viertel,2019,7,20,3,3,2,6,0,0,1,0,0,0,1,0
956,50901,11,4,4030417,Schloßstraße,2019,4,1,7,3,5,3,2,0,1,0,0,0,0,0
957,50902,11,2,2050602,Samariterviertel,2019,10,8,5,2,0,2,0,1,1,0,0,0,0,1
958,50903,11,3,3061126,Arnimplatz,2019,9,6,5,3,5,2,1,1,0,0,0,1,0,0
959,50905,11,3,3061332,Helmholtzplatz,2019,7,18,3,3,1,5,0,1,1,0,0,0,1,0
960,50906,11,2,2050602,Samariterviertel,2019,4,0,7,3,6,4,2,0,1,1,0,0,0,0
961,50907,11,4,4041342,Schlangenbader Straße,2019,9,17,2,3,8,1,0,0,1,0,0,0,0,1
962,50908,11,2,2040503,Richard-Sorge-Viertel,2019,6,5,4,3,2,6,0,0,1,0,0,0,0,0
963,50909,11,4,4030417,Schloßstraße,2019,9,11,5,3,5,2,0,1,1,0,0,0,0,0
964,50910,11,1,1011304,Karl-Marx-Allee,2019,12,17,6,3,2,6,2,1,0,0,0,0,0,0
965,50911,11,4,4020313,Königin-Elisabeth-Straße,2019,5,0,1,3,0,1,2,1,0,0,0,0,0,0
966,50912,11,12,12103218,Teichstraße,2019,7,16,3,3,5,3,0,1,1,0,0,0,0,0
967,50913,11,2,2050602,Samariterviertel,2019,4,11,7,2,5,3,0,0,1,0,0,0,1,0
968,50914,11,2,2050602,Samariterviertel,2019,11,9,6,3,6,7,0,1,0,1,0,0,0,0
969,50915,11,1,1011105,Nördlicher Landwehrkanal,2019,9,6,5,3,5,2,0,1,1,0,0,0,0,1
970,50916,11,3,3061332,Helmholtzplatz,2019,11,16,3,3,2,2,2,0,1,0,0,0,0,0
971,50917,11,12,12301203,Wittenau Süd,2019,7,14,3,3,5,3,0,0,1,0,0,0,0,0
972,50918,11,3,3040818,Pankow Süd,2019,4,15,6,3,5,2,0,0,1,0,0,0,1,0
973,50919,11,1,1011102,Großer Tiergarten,2019,10,17,5,3,6,4,0,1,0,1,0,0,0,0
974,50920,11,9,9010102,Am Treptower Park Nord,2019,9,16,4,3,6,7,0,0,0,1,0,0,1,0
975,50922,11,1,1044102,Schillerpark,2019,5,11,7,3,5,3,0,0,1,0,1,0,0,0
976,50923,11,12,12103219,Schäfersee,2019,7,14,3,3,6,4,0,1,0,1,0,0,0,0
977,50924,11,10,10010309,Springpfuhl,2019,4,9,6,3,1,6,0,0,1,0,0,0,1,0
978,50925,11,12,12301203,Wittenau Süd,2019,6,11,6,3,2,6,0,0,1,0,0,0,1,0
979,50926,11,7,7040405,Rathaus Tempelhof,2019,9,10,4,3,2,6,0,0,1,0,0,0,0,0
980,50927,11,6,6040701,Wannsee,2019,12,17,6,3,0,2,2,1,1,0,0,0,0,0
981,50928,11,3,3040818,Pankow Süd,2019,5,11,7,3,6,6,0,1,0,1,0,0,0,0
982,50929,11,3,3050925,Komponistenviertel Weißensee,2019,7,12,3,3,3,6,0,1,1,0,0,0,0,0
983,50930,11,12,12103218,Teichstraße,2019,11,0,7,3,3,2,2,0,1,0,0,0,0,1
984,50931,11,1,1011202,Unter den Linden Nord,2019,7,7,3,2,6,4,0,0,0,1,0,1,0,0
985,50932,11,9,9010202,Köpenicker Landstraße,2019,4,12,6,3,2,2,0,0,1,0,0,0,0,0
986,50933,11,3,3010104,Lietzengraben,2019,10,7,6,3,0,7,0,0,1,0,0,0,1,0
987,50934,11,2,2050602,Samariterviertel,2019,9,9,4,3,1,5,0,0,1,0,1,0,0,0
988,50936,11,1,1044203,Leopoldplatz,2019,5,3,7,3,2,6,2,1,1,0,0,0,0,0
989,50937,11,9,9020601,Schnellerstraße,2019,7,10,3,3,0,1,0,1,0,0,0,0,0,0
990,50938,11,3,3071639,Bötzowstraße,2019,4,23,6,3,1,5,2,1,1,0,0,0,1,0
991,50939,11,3,3061332,Helmholtzplatz,2019,11,14,2,3,1,5,0,1,1,0,0,0,0,1
992,50940,11,12,12304314,Ziekowstraße/Freie Scholle,2019,6,6,3,3,2,6,0,0,1,0,0,0,0,0
993,50941,11,12,12103219,Schäfersee,2019,9,14,4,3,5,2,0,1,1,0,0,0,0,1
994,50942,11,3,3071639,Bötzowstraße,2019,12,15,6,3,1,5,1,1,1,0,0,0,1,1
995,50943,11,1,1044102,Schillerpark,2019,7,16,3,3,0,4,0,1,0,1,0,0,0,0
996,50944,11,3,3040818,Pankow Süd,2019,4,16,6,3,5,3,0,1,1,0,0,0,0,0
997,50945,11,1,1011204,Leipziger Straße,2019,10,11,2,3,3,6,0,0,1,0,1,0,0,0
998,50946,11,6,6010209,Feuerbachstraße,2019,9,14,3,2,0,1,0,0,0,0,1,0,0,0
999,50947,11,4,4020310,Park Ruhwald,2019,7,10,3,3,2,6,0,0,1,0,0,0,0,0
1000,50948,11,3,3050923,Weißenseer Spitze,2019,4,7,6,3,2,6,0,0,1,0,0,0,0,0
1001,50949,11,1,1044102,Schillerpark,2019,10,20,7,3,5,3,2,1,0,0,0,0,1,0
1002,50950,11,2,2050602,Samariterviertel,2019,6,7,7,3,5,2,0,0,1,0,0,0,0,0
1003,50951,11,6,6040701,Wannsee,2019,9,17,3,3,5,2,0,1,1,0,0,0,0,0
1004,50953,11,2,2020202,Rathaus Yorckstraße,2019,5,14,7,2,6,4,0,0,1,1,0,0,0,0
1005,50954,11,10,10010204,Wuhletalstraße,2019,4,9,5,2,5,3,0,0,1,0,0,0,1,0
1006,50955,11,9,9010102,Am Treptower Park Nord,2019,11,16,3,2,4,6,1,1,0,0,0,0,0,0
1007,50956,11,3,3061126,Arnimplatz,2019,5,23,6,3,5,3,2,1,1,0,0,0,0,0
1008,50957,11,7,7020203,Kaiser-Wilhelm-Platz,2019,12,3,1,3,3,6,2,0,1,0,0,0,0,0
1009,50958,11,3,3020209,Niederschönhausen,2019,7,8,3,3,2,6,0,0,1,0,0,1,0,0
1010,50959,11,7,7030303,Grazer Platz,2019,4,8,5,3,2,6,0,0,1,0,0,0,0,0
1011,50960,11,7,7020203,Kaiser-Wilhelm-Platz,2019,10,17,3,2,1,5,1,1,1,0,0,0,0,0
1012,50961,11,12,12214125,Waldidyll/Flughafensee,2019,9,17,3,3,9,1,0,0,1,0,0,0,0,0
1013,50963,11,3,3061332,Helmholtzplatz,2019,7,8,3,3,1,5,0,1,1,0,0,0,0,0
1014,50964,11,12,12103218,Teichstraße,2019,4,17,5,2,6,2,0,0,1,1,0,0,0,0
1015,50965,11,7,7030303,Grazer Platz,2019,9,14,7,3,2,6,0,0,1,0,0,0,0,0
1016,50966,11,7,7040405,Rathaus Tempelhof,2019,6,7,3,2,0,1,0,0,0,0,1,0,0,0
1017,50967,11,3,3020209,Niederschönhausen,2019,9,9,3,3,5,2,0,1,0,0,1,0,0,0
1018,50968,11,7,7040402,Lindenhofsiedlung,2019,12,15,4,3,2,6,1,0,0,0,1,0,1,0
1019,50969,11,2,2040503,Richard-Sorge-Viertel,2019,5,19,6,2,6,4,0,0,1,1,0,0,0,0
1020,50970,11,2,2050602,Samariterviertel,2019,7,8,3,3,2,6,0,0,1,0,0,0,0,0
1021,50971,11,2,2050602,Samariterviertel,2019,7,19,3,3,3,6,0,0,1,0,0,0,0,0