,object id,city,district,sub district key,street,year,month,hour of day,weekday,category,accident type,accident type 2,light situation,bike involved,car involved,pedestrian involved,motor bike involved,big track involved,other vehicle involved,road condition
1528,51512,11,4,4020313,Königin-Elisabeth-Straße,2019,3,15,4,3,2,6,0,0,1,0,0,0,0,0
1529,51513,11,4,4051551,Brabanter Platz,2019,10,16,3,3,2,6,0,0,1,0,0,0,0,0
1530,51514,11,4,4041137,Flinsberger Platz,2019,8,16,5,3,2,6,0,0,1,0,0,0,1,0
1531,51516,11,3,3010101,Bucher Forst,2019,5,18,5,2,5,3,0,1,1,0,0,0,0,1
1532,51517,11,3,3020203,Blankenfelde,2019,7,6,6,3,6,2,0,0,0,1,0,1,0,0
1533,51518,11,7,7020203,Kaiser-Wilhelm-Platz,2019,3,23,4,2,9,1,2,0,1,0,1,0,0,1
1534,51519,11,1,1044102,Schillerpark,2019,11,9,7,3,5,3,0,0,1,0,0,0,0,1
1535,51520,11,7,7020203,Kaiser-Wilhelm-Platz,2019,5,13,5,3,0,7,0,0,0,0,1,0,0,1
1536,51521,11,1,1011102,Großer Tiergarten,2019,8,16,5,3,5,7,0,0,1,0,0,0,0,0
1537,51522,11,10,10010309,Springpfuhl,2019,12,13,4,3,2,6,0,0,1,0,0,1,1,0
1538,51523,11,4,4041137,Flinsberger Platz,2019,7,9,6,3,2,6,0,0,1,0,0,0,0,0
1539,51524,11,5,5020524,Weinmeisterhornweg,2019,3,8,4,3,2,6,0,0,1,0,0,0,0,1
1540,51525,11,4,4030622,Richard-Wagner-Straße,2019,10,13,6,3,2,6,0,0,1,0,1,0,0,0
1541,51526,11,12,12103117,Letteplatz,2019,8,16,5,3,5,7,0,1,1,0,0,0,0,0
1542,51527,11,10,10010204,Wuhletalstraße,2019,7,4,6,2,5,3,1,0,1,0,0,0,1,0
1543,51528,11,3,3061429,Greifswalder Straße,2019,3,7,4,2,6,4,0,0,1,1,0,0,0,0
1544,51529,11,10,10030727,Biesdorf Süd,2019,10,11,3,3,0,1,0,0,0,0,1,0,0,1
1545,51530,11,3,3040818,Pankow Süd,2019,6,17,4,3,6,3,0,0,1,1,0,0,0,0
1546,51531,11,12,12214424,Scharnweberstraße,2019,8,15,5,2,9,1,0,0,0,0,1,0,0,0
1547,51532,11,1,1033203,Humboldthain Nordwest,2019,12,21,4,3,2,6,2,0,1,0,0,0,0,1
1548,51533,11,2,2050602,Samariterviertel,2019,5,9,5,3,2,6,0,0,1,0,0,0,0,1
1549,51534,11,7,7040406,Germaniagarten,2019,3,5,4,3,0,7,0,0,1,0,0,0,0,0
1550,51535,11,6,6030503,Zehlendorf Mitte,2019,11,19,7,2,5,3,2,0,1,0,0,0,0,1
1551,51536,11,11,11030721,Rüdigerstraße,2019,5,7,5,3,6,7,0,0,1,1,0,0,0,1
1552,51537,11,1,1011204,Leipziger Straße,2019,11,17,4,3,3,6,2,1,1,0,0,0,0,1
1553,51538,11,4,4030724,Lietzensee,2019,7,14,5,3,2,6,0,0,1,0,0,0,0,0
1554,51539,11,7,7060601,Marienfelder Allee Nordwest,2019,3,17,4,3,6,7,1,1,0,1,0,0,0,1
1555,51540,11,8,8010510,Gewerbegebiet Köllnische Heide,2019,10,14,7,3,2,6,0,0,1,0,0,0,0,0
1556,51541,11,12,12103115,Breitkopfbecken,2019,8,18,5,2,0,6,0,0,0,0,1,0,1,0
1557,51543,11,4,4051656,Hildegardstraße,2019,5,7,5,2,2,6,0,0,1,0,0,0,1,1
1558,51544,11,12,12302211,Lübarser Straße,2019,9,13,5,3,5,7,0,0,1,0,0,0,1,0
1559,51545,11,2,2050803,Stralauer Kiez,2019,7,21,5,2,5,2,1,1,1,0,0,0,0,0
1560,51546,11,3,3061131,Falkplatz,2019,3,15,3,3,6,4,0,0,1,1,0,0,0,0
1561,51547,11,1,1011104,Körnerstraße,2019,6,20,7,3,2,6,0,0,1,0,0,0,0,0
1562,51548,11,3,3071639,Bötzowstraße,2019,8,11,5,3,0,4,0,1,0,1,0,0,0,0
1563,51549,11,2,2020202,Rathaus Yorckstraße,2019,12,12,1,3,1,1,0,0,1,0,0,0,0,0
1564,51550,11,12,12103219,Schäfersee,2019,5,17,5,3,4,6,0,1,0,0,0,0,0,0
1565,51551,11,6,6030503,Zehlendorf Mitte,2019,7,16,5,3,2,2,0,1,0,0,0,0,1,0
1566,51552,11,2,2020202,Rathaus Yorckstraße,2019,11,3,1,2,6,4,2,0,1,1,0,0,0,1
1567,51553,11,4,4030417,Schloßstraße,2019,7,14,5,3,5,2,0,1,1,0,0,0,0,0
1568,51554,11,7,7030303,Grazer Platz,2019,3,9,3,3,2,6,0,0,1,0,0,0,0,0
1569,51555,11,4,4041133,Güterbahnhof Grunewald,2019,10,19,1,3,2,6,2,0,1,0,0,0,0,0
1570,51556,11,1,1011303,Alexanderplatzviertel,2019,8,11,5,3,6,7,0,0,0,1,1,0,0,0
1571,51558,11,7,7070701,Kettinger Straße/Schillerstraße,2019,5,15,4,3,2,6,0,0,1,0,0,0,0,0
1572,51559,11,3,3071638,Winsstraße,2019,7,14,5,3,5,2,0,1,1,0,0,0,0,0
1573,51560,11,4,4030417,Schloßstraße,2019,3,10,3,3,2,6,0,0,1,0,0,0,0,0
1574,51561,11,4,4020313,Königin-Elisabeth-Straße,2019,11,15,3,3,2,6,0,0,1,0,0,0,1,0
1575,51562,11,1,1011303,Alexanderplatzviertel,2019,6,13,3,3,2,6,0,0,1,0,0,0,0,0
1576,51563,11,3,3061429,Greifswalder Straße,2019,8,11,5,2,5,2,0,1,1,0,0,0,0,0
1577,51564,11,1,1033203,Humboldthain Nordwest,2019,12,19,7,3,2,6,2,0,1,0,0,0,0,1
1578,51565,11,2,2040703,Wriezener Bahnhof/Entwicklungsgebiet,2019,7,14,5,2,1,5,0,1,0,0,1,0,0,0
1579,51566,11,3,3061131,Falkplatz,2019,10,13,3,3,2,6,0,0,1,0,0,0,0,0
1580,51567,11,6,6030503,Zehlendorf Mitte,2019,8,9,5,3,5,2,0,1,1,0,0,0,0,0
1581,51568,11,10,10010204,Wuhletalstraße,2019,7,19,4,3,5,3,0,0,1,0,0,0,0,0
1582,51569,11,4,4020208,Kranzallee,2019,3,18,2,3,5,3,1,0,1,0,0,0,0,0
1583,51570,11,12,12214422,Klixstraße,2019,10,6,2,3,3,6,2,0,1,0,0,1,0,0
1584,51571,11,3,3020209,Niederschönhausen,2019,6,11,1,3,5,2,0,1,1,0,0,0,0,0
1585,51572,11,2,2040701,Andreasviertel,2019,8,19,5,3,6,7,0,0,0,1,0,0,1,0
1586,51574,11,12,12214125,Waldidyll/Flughafensee,2019,5,12,4,3,3,6,0,0,1,0,1,0,0,0
1587,51575,11,10,10030726,Alt-Biesdorf,2019,3,11,2,3,5,2,0,0,1,0,0,0,0,1
1588,51576,11,6,6030503,Zehlendorf Mitte,2019,11,20,4,3,5,2,2,0,1,0,0,0,0,1
1589,51577,11,4,4041134,Bismarckallee,2019,5,9,4,2,2,6,0,0,1,0,1,0,0,0
1590,51578,11,7,7010104,Dennewitzplatz,2019,12,14,2,3,6,4,0,0,1,1,0,0,0,0
1591,51579,11,3,3061228,Erich-Weinert-Straße,2019,7,19,4,3,1,5,0,1,0,0,0,0,1,0
1592,51580,11,7,7040402,Lindenhofsiedlung,2019,3,14,2,2,2,6,0,0,1,0,0,0,0,1
1593,51581,11,6,6040703,Nikolassee,2019,10,17,4,2,9,1,2,0,1,0,0,0,0,0
1594,51582,11,12,12301204,Wittenau Nord,2019,8,17,4,3,5,3,0,0,1,0,0,0,0,0
1595,51584,11,12,12302212,Rollbergesiedlung,2019,6,10,4,3,5,3,0,1,1,0,0,0,0,0
1596,51585,11,6,6040703,Nikolassee,2019,8,17,4,2,0,7,0,1,0,0,0,0,0,0
1597,51586,11,2,2040703,Wriezener Bahnhof/Entwicklungsgebiet,2019,12,19,1,3,6,6,2,1,0,1,0,0,0,1
1598,51587,11,3,3040818,Pankow Süd,2019,7,16,4,3,5,3,0,1,1,0,0,0,0,0
1599,51588,11,6,6040701,Wannsee,2019,9,17,4,3,1,1,0,0,1,0,0,0,0,1
1600,51589,11,7,7050501,Rathausstraße,2019,10,11,4,3,1,5,0,1,1,0,0,0,0,0
1601,51590,11,4,4051656,Hildegardstraße,2019,8,7,4,2,2,6,0,0,0,0,1,0,1,0
1602,51591,11,1,1011202,Unter den Linden Nord,2019,7,13,4,3,3,6,0,0,1,0,1,0,0,0
1603,51592,11,4,4051655,Babelsberger Straße,2019,3,15,2,3,2,6,0,0,1,0,0,0,0,0
1604,51593,11,12,12103218,Teichstraße,2019,10,13,3,3,2,6,0,0,1,0,0,1,0,1
1605,51594,11,4,4020310,Park Ruhwald,2019,8,5,4,3,3,6,1,0,1,0,0,0,0,0
1606,51596,11,3,3061434,Anton-Saefkow-Park,2019,5,9,4,3,2,6,0,0,1,0,1,0,0,0
1607,51597,11,2,2050601,Hausburgviertel,2019,7,10,4,3,0,5,0,1,0,0,0,0,1,0
1608,51598,11,6,6030503,Zehlendorf Mitte,2019,3,13,2,2,5,3,0,0,1,0,0,0,0,1
1609,51599,11,2,2050602,Samariterviertel,2019,11,9,5,3,5,3,0,1,1,0,0,0,0,0
1610,51600,11,2,2050602,Samariterviertel,2019,5,8,4,3,5,3,0,1,1,0,0,0,0,0
1611,51601,11,1,1033203,Humboldthain Nordwest,2019,12,18,3,3,2,6,2,0,1,0,0,0,0,1
1612,51602,11,4,4051551,Brabanter Platz,2019,7,15,4,3,2,6,0,0,1,0,1,0,0,0
1613,51603,11,11,11010101,Dorf Malchow,2019,3,10,1,3,5,2,0,1,1,0,0,0,0,0
1614,51604,11,12,12103117,Letteplatz,2019,10,19,5,3,2,6,2,0,1,0,1,0,0,0
1615,51605,11,1,1011303,Alexanderplatzviertel,2019,8,15,4,3,6,6,0,0,0,1,0,0,1,0
1616,51607,11,10,10010309,Springpfuhl,2019,7,20,3,3,5,3,0,0,1,0,0,0,0,0
1617,51608,11,3,3061126,Arnimplatz,2019,3,18,1,3,3,6,1,0,1,0,1,0,0,0
1618,51609,11,12,12103218,Teichstraße,2019,9,14,2,3,5,2,0,1,0,0,0,1,0,0
1619,51610,11,9,9010301,Baumschulenstraße,2019,6,7,4,3,5,2,0,0,1,0,1,0,0,0
1620,51611,11,11,11030721,Rüdigerstraße,2019,8,12,4,3,6,4,0,1,0,1,0,0,0,0
1621,51612,11,9,9010101,Elsenstraße,2019,12,10,7,3,3,6,0,0,1,0,0,0,0,1
1622,51613,11,10,10010308,Marzahner Chaussee,2019,5,22,4,2,0,1,2,1,0,0,0,0,0,0
1623,51614,11,12,12103219,Schäfersee,2019,7,12,3,3,6,4,0,1,0,1,0,0,0,0
1624,51615,11,4,4030622,Richard-Wagner-Straße,2019,3,11,7,3,2,6,0,0,1,0,0,0,0,0
1625,51616,11,3,3061332,Helmholtzplatz,2019,11,22,6,2,6,7,2,0,1,1,0,0,0,1
1626,51617,11,7,7010104,Dennewitzplatz,2019,11,16,3,3,3,6,2,0,1,0,1,0,0,0
1627,51618,11,1,1011102,Großer Tiergarten,2019,7,18,3,3,5,2,0,1,1,0,0,0,0,0
1628,51619,11,4,4010101,Jungfernheide,2019,3,14,7,2,2,6,0,0,1,0,0,0,0,0
1629,51620,11,4,4010101,Jungfernheide,2019,10,20,5,3,2,6,2,0,1,0,0,0,0,0
1630,51621,11,10,10040933,Mahlsdorf Süd,2019,8,10,4,3,2,6,0,0,0,0,0,1,1,0
1631,51623,11,2,2050601,Hausburgviertel,2019,5,18,4,3,5,2,0,1,1,0,0,0,0,0
1632,51624,11,6,6040703,Nikolassee,2019,9,16,4,3,0,7,0,0,1,0,0,0,0,1
1633,51625,11,2,2040703,Wriezener Bahnhof/Entwicklungsgebiet,2019,7,1,3,3,6,4,2,0,1,1,0,0,0,0
1634,51626,11,10,10010310,Alt-Marzahn,2019,3,16,7,3,2,4,0,0,1,1,0,1,0,0
1635,51627,11,2,2050602,Samariterviertel,2019,6,11,6,3,6,4,0,1,0,1,0,0,0,0
1636,51628,11,1,1011105,Nördlicher Landwehrkanal,2019,8,10,4,2,6,4,0,1,0,1,0,0,0,0
1637,51629,11,7,7050502,Fritz-Werner-Straße,2019,12,22,6,3,0,1,2,0,0,0,1,0,0,0
1638,51630,11,1,1011102,Großer Tiergarten,2019,5,11,3,3,0,7,0,1,0,0,0,0,0,0
1639,51631,11,3,3040818,Pankow Süd,2019,7,17,2,3,2,6,0,0,1,0,0,0,1,0
1640,51632,11,6,6040701,Wannsee,2019,3,21,7,3,5,3,2,0,1,0,0,0,1,0
1641,51633,11,2,2050602,Samariterviertel,2019,11,3,7,3,5,3,2,0,1,0,0,0,1,1
1642,51634,11,2,2010101,Askanischer Platz,2019,7,17,2,3,2,6,0,0,1,0,0,0,0,0
1643,51635,11,4,4041134,Bismarckallee,2019,3,13,6,3,3,6,0,0,1,0,0,0,1,0
1644,51636,11,2,2050602,Samariterviertel,2019,10,18,6,3,5,2,2,0,1,0,0,0,0,1
1645,51637,11,1,1011202,Unter den Linden Nord,2019,8,10,4,3,3,6,0,1,1,0,0,0,0,0
1646,51639,11,3,3061429,Greifswalder Straße,2019,5,19,3,3,3,6,1,1,0,0,0,0,0,0
1647,51640,11,12,12301203,Wittenau Süd,2019,7,12,2,3,5,3,0,1,1,0,0,0,0,0
1648,51641,11,2,2040501,Barnimkiez,2019,3,7,6,2,3,5,0,1,0,0,0,1,0,0
1649,51642,11,5,5020524,Weinmeisterhornweg,2019,11,17,2,2,6,4,2,0,1,1,0,0,0,1
1650,51643,11,10,10010206,Ringkolonnaden,2019,6,21,3,2,2,6,2,0,1,0,0,0,0,0
1651,51644,11,11,11030721,Rüdigerstraße,2019,8,20,3,3,5,2,1,1,1,0,0,0,0,0
1652,51645,11,2,2010101,Askanischer Platz,2019,12,18,6,3,3,6,2,0,1,0,1,0,0,1
1653,51646,11,3,3020209,Niederschönhausen,2019,7,10,2,3,1,5,0,1,1,0,0,0,0,0
1654,51647,11,7,7050502,Fritz-Werner-Straße,2019,9,12,4,3,0,1,0,0,0,0,1,0,0,1
1655,51648,11,7,7050506,Birnhornweg,2019,3,4,6,3,1,5,2,0,1,0,0,0,0,0
1656,51649,11,11,11030721,Rüdigerstraße,2019,10,15,2,3,2,6,0,0,1,0,0,0,0,0
1657,51650,11,4,4041134,Bismarckallee,2019,8,17,3,3,2,6,0,0,1,0,0,0,0,0
1658,51651,11,7,7050502,Fritz-Werner-Straße,2019,7,11,2,3,5,3,0,0,1,0,0,0,0,0
1659,51652,11,3,3071639,Bötzowstraße,2019,3,12,6,3,6,4,0,0,1,1,0,0,0,0
1660,51653,11,7,7010104,Dennewitzplatz,2019,10,21,7,2,3,6,2,1,1,0,0,0,0,1
1661,51654,11,9,9020601,Schnellerstraße,2019,6,12,7,3,2,2,0,0,1,0,0,0,1,0
1662,51655,11,4,4010101,Jungfernheide,2019,8,14,3,3,2,6,0,0,1,0,0,0,0,0
1663,51657,11,7,7050502,Fritz-Werner-Straße,2019,5,18,3,3,5,2,0,1,1,0,0,0,0,0
1664,51658,11,6,6040702,Düppel,2019,3,20,5,3,2,6,2,0,1,0,0,0,0,0
1665,51659,11,12,12103115,Breitkopfbecken,2019,11,14,3,3,2,6,0,0,1,0,0,0,0,0
1666,51660,11,3,3061131,Falkplatz,2019,5,17,3,3,0,6,0,0,1,0,0,0,1,0
1667,51661,11,4,4020313,Königin-Elisabeth-Straße,2019,12,12,1,3,2,6,0,0,1,0,0,0,0,0
1668,51662,11,7,7070706,Horstwalder Straße/Paplitzer Straße,2019,7,11,2,3,5,3,0,1,0,0,0,0,0,0
1669,51663,11,12,12214527,Alt-Tegel,2019,3,15,5,2,2,6,0,0,1,0,0,0,0,0
1670,51664,11,2,2010101,Askanischer Platz,2019,10,18,3,3,5,3,1,1,1,0,0,0,0,0
1671,51665,11,4,4030623,Ernst-Reuter-Platz,2019,8,9,3,3,5,5,0,0,1,0,0,0,0,0
1672,51667,11,12,12301203,Wittenau Süd,2019,9,11,4,3,2,6,0,0,1,0,0,0,1,1
1673,51668,11,1,1044102,Schillerpark,2019,7,9,2,2,5,3,0,1,1,0,0,0,0,0
1674,51669,11,2,2050602,Samariterviertel,2019,3,13,5,3,2,6,0,0,1,0,0,0,0,0
1675,51670,11,1,1011303,Alexanderplatzviertel,2019,9,15,7,3,2,6,0,0,1,0,1,0,0,1
1676,51671,11,2,2050602,Samariterviertel,2019,6,16,3,2,0,6,0,0,1,0,1,0,0,0
1677,51672,11,7,7030303,Grazer Platz,2019,8,18,3,3,2,6,0,0,1,0,0,0,0,0
1678,51673,11,2,2050602,Samariterviertel,2019,12,7,4,3,5,2,2,1,1,0,0,0,0,0
1679,51674,11,4,4020310,Park Ruhwald,2019,5,13,3,3,3,6,0,0,1,0,0,1,0,0
1680,51675,11,2,2050803,Stralauer Kiez,2019,7,15,2,3,0,5,0,1,0,0,0,0,1,0
1681,51676,11,7,7020202,Volkspark (Rudolf-Wilde-Park),2019,3,8,5,2,5,2,0,0,1,0,1,0,0,0
1682,51677,11,12,12302212,Rollbergesiedlung,2019,11,6,4,2,6,2,2,0,1,1,0,0,0,0
1683,51678,11,6,6030503,Zehlendorf Mitte,2019,11,13,1,3,5,3,0,0,1,0,0,0,0,0
1684,51679,11,1,1011303,Alexanderplatzviertel,2019,7,14,2,3,0,1,0,1,0,0,0,0,0,0
1685,51680,11,3,3040818,Pankow Süd,2019,3,8,4,3,2,6,0,1,1,0,0,0,0,0
1686,51681,11,3,3010104,Lietzengraben,2019,10,19,4,3,0,7,2,0,1,0,0,0,0,1
1687,51682,11,4,4061757,Forst Grunewald,2019,8,18,3,3,3,6,0,0,1,0,0,0,0,0
1688,51684,11,1,1011102,Großer Tiergarten,2019,5,9,3,3,3,6,0,1,0,0,0,0,0,0
1689,51685,11,4,4030724,Lietzensee,2019,9,11,4,3,2,6,0,0,1,0,0,0,0,1
1690,51686,11,3,3061332,Helmholtzplatz,2019,6,18,1,3,5,2,0,1,1,0,0,0,0,0
1691,51687,11,3,3030716,Märchenland,2019,3,12,4,2,4,6,0,0,1,0,0,0,0,0
1692,51688,11,2,2020202,Rathaus Yorckstraße,2019,6,18,5,3,3,6,0,0,0,0,1,0,1,0
1693,51689,11,12,12301205,Waidmannslust,2019,8,9,3,2,5,3,0,0,1,0,1,0,0,0
1694,51690,11,3,3061332,Helmholtzplatz,2019,12,16,3,3,1,5,2,1,0,0,0,0,1,1
1695,51691,11,3,3040818,Pankow Süd,2019,5,7,3,3,5,2,0,1,1,0,0,0,0,0
1696,51692,11,10,10040830,Kaulsdorf Süd,2019,6,12,1,3,2,6,0,0,1,0,0,0,0,0
1697,51693,11,7,7050502,Fritz-Werner-Straße,2019,9,15,4,3,3,6,0,0,0,0,0,1,1,1
1698,51694,11,4,4051656,Hildegardstraße,2019,9,7,3,3,2,6,0,0,1,0,0,0,0,0
1699,51695,11,3,3010104,Lietzengraben,2019,6,11,1,3,2,6,0,0,1,0,0,0,0,0
1700,51696,11,2,2050601,Hausburgviertel,2019,3,8,3,3,5,2,0,1,1,0,0,0,0,0
1701,51697,11,4,4020314,Messegelände,2019,9,15,1,3,9,1,0,0,1,0,0,0,0,1
1702,51698,11,1,1011202,Unter den Linden Nord,2019,6,12,4,3,3,6,0,1,0,0,0,0,1,0
1703,51699,11,4,4020313,Königin-Elisabeth-Straße,2019,8,9,3,3,5,2,0,0,1,0,0,0,0,0
1704,51700,11,7,7050501,Rathausstraße,2019,12,17,6,3,2,6,2,0,1,0,0,0,0,0
1705,51701,11,1,1011204,Leipziger Straße,2019,5,14,3,3,5,3,0,0,1,0,0,0,1,0
1706,51702,11,7,7030303,Grazer Platz,2019,6,1,7,3,8,1,2,0,1,0,0,0,0,0
1707,51703,11,2,2020202,Rathaus Yorckstraße,2019,3,8,3,2,1,5,0,0,1,0,1,0,0,0
1708,51704,11,4,4020314,Messegelände,2019,11,23,5,3,3,6,2,0,1,0,0,0,0,0
1709,51705,11,6,6040703,Nikolassee,2019,8,16,2,3,2,6,0,0,1,0,0,0,0,0
1710,51706,11,1,1033203,Humboldthain Nordwest,2019,11,11,3,3,2,2,0,0,1,0,0,1,0,0
1711,51707,11,7,7050506,Birnhornweg,2019,6,23,6,3,3,6,2,0,1,0,1,0,0,0
1712,51708,11,2,2050602,Samariterviertel,2019,3,15,3,3,6,6,0,1,0,1,0,0,0,0
1713,51709,11,12,12302212,Rollbergesiedlung,2019,10,11,5,3,2,6,0,0,1,0,0,0,0,0
1714,51710,11,2,2040703,Wriezener Bahnhof/Entwicklungsgebiet,2019,8,17,2,3,4,6,0,1,0,0,0,0,0,0
1715,51712,11,10,10030726,Alt-Biesdorf,2019,5,13,2,3,3,6,0,0,1,0,1,0,0,0
1716,51713,11,7,7050502,Fritz-Werner-Straße,2019,9,14,3,3,0,7,0,0,0,1,0,0,1,0
1717,51714,11,1,1011303,Alexanderplatzviertel,2019,6,10,6,3,5,2,0,1,1,0,0,0,0,0
1718,51715,11,1,1011204,Leipziger Straße,2019,3,9,2,2,6,4,0,0,0,1,0,0,1,0
1719,51716,11,1,1011102,Großer Tiergarten,2019,6,16,5,3,1,5,0,1,1,0,0,0,0,0
1720,51717,11,9,9010401,Johannisthal West,2019,8,17,2,3,3,6,0,0,1,0,1,0,0,0
1721,51718,11,3,3061332,Helmholtzplatz,2019,12,16,6,3,6,2,1,0,1,1,0,0,0,0
1722,51719,11,10,10010207,Marzahner Promenade,2019,5,13,2,3,0,1,0,1,0,0,0,0,0,0
1723,51720,11,5,5020629,Börnicker Straße,2019,6,16,6,2,4,6,0,1,0,0,0,0,0,0
1724,51721,11,7,7060601,Marienfelder Allee Nordwest,2019,9,12,3,3,5,2,0,0,1,0,1,0,0,0
1725,51722,11,2,2050602,Samariterviertel,2019,11,17,6,3,0,1,2,0,0,0,1,0,0,1
1726,51723,11,4,4010101,Jungfernheide,2019,6,16,6,3,2,6,0,0,1,0,0,0,0,0
1727,51724,11,2,2020202,Rathaus Yorckstraße,2019,9,20,5,3,1,5,2,1,1,0,0,0,0,1
1728,51725,11,7,7020203,Kaiser-Wilhelm-Platz,2019,3,15,2,3,2,6,0,0,1,0,0,0,0,1
1729,51726,11,11,11010101,Dorf Malchow,2019,10,20,5,2,0,7,2,1,0,0,0,0,0,1
1730,51727,11,12,12302211,Lübarser Straße,2019,8,15,2,3,2,6,0,0,1,0,0,0,0,0
1731,51729,11,1,1011303,Alexanderplatzviertel,2019,5,6,2,3,2,6,0,0,1,0,0,0,0,0
1732,51730,11,7,7040405,Rathaus Tempelhof,2019,6,7,6,2,3,7,0,0,1,0,0,0,0,0
1733,51731,11,8,8020619,Buschkrugallee Nord,2019,3,7,2,3,2,6,0,0,1,0,0,0,0,0
1734,51732,11,12,12103115,Breitkopfbecken,2019,11,18,2,3,6,2,2,0,1,1,0,0,0,1
1735,51733,11,4,4020208,Kranzallee,2019,6,14,1,2,4,7,0,0,1,0,0,0,0,0
1736,51734,11,7,7030303,Grazer Platz,2019,8,15,2,3,8,1,0,0,1,0,0,0,0,0
1737,51735,11,3,3040614,Pankow Zentrum,2019,12,9,5,3,2,6,0,0,1,0,0,0,0,0
1738,51736,11,4,4010102,Plötzensee,2019,6,7,6,3,3,6,0,0,1,0,0,0,1,0
1739,51737,11,7,7040405,Rathaus Tempelhof,2019,9,8,2,3,2,6,0,0,1,0,1,0,0,0
1740,51738,11,3,3040818,Pankow Süd,2019,3,6,2,2,5,3,1,1,1,0,0,0,0,0
1741,51739,11,2,2050602,Samariterviertel,2019,10,1,1,3,8,1,2,0,1,0,0,0,0,0
1742,51740,11,4,4020311,Reichsstraße,2019,8,15,2,3,5,3,0,1,0,0,0,0,0,0
1743,51741,11,2,2040502,Friedenstraße,2019,6,16,5,1,6,4,0,0,1,1,0,0,0,0
1744,51742,11,4,4020313,Königin-Elisabeth-Straße,2019,3,10,2,3,5,2,0,0,1,0,0,0,0,0
1745,51743,11,4,4041133,Güterbahnhof Grunewald,2019,10,15,6,3,2,6,0,0,1,0,0,0,0,1
1746,51744,11,7,7040406,Germaniagarten,2019,6,14,6,2,2,6,0,0,1,0,0,0,0,0
1747,51745,11,3,3071633,Thälmannpark,2019,8,14,2,3,3,6,0,0,1,0,0,0,0,0
1748,51747,11,1,1011304,Karl-Marx-Allee,2019,5,20,1,3,5,3,1,1,1,0,0,0,0,0
1749,51748,11,1,1011303,Alexanderplatzviertel,2019,3,12,7,3,2,7,0,1,1,0,0,0,1,0
1750,51749,11,2,2050602,Samariterviertel,2019,11,17,2,2,6,4,2,0,1,1,0,0,0,0
1751,51750,11,7,7040401,Neu-Tempelhof,2019,5,14,1,3,3,6,0,0,1,0,1,0,0,0
1752,51751,11,1,1011105,Nördlicher Landwehrkanal,2019,11,11,7,3,6,4,0,0,1,1,0,0,0,0
1753,51752,11,4,4030622,Richard-Wagner-Straße,2019,6,18,5,3,6,7,0,0,1,1,0,0,0,0
1754,51753,11,5,5020628,Graetschelsteig,2019,3,14,7,3,3,6,0,0,1,0,0,0,0,1
1755,51754,11,10,10030726,Alt-Biesdorf,2019,10,7,2,3,5,7,0,1,1,0,0,0,0,0
1756,51755,11,7,7020203,Kaiser-Wilhelm-Platz,2019,8,19,2,3,1,5,0,1,1,0,0,0,0,0
1757,51757,11,1,1033203,Humboldthain Nordwest,2019,6,10,5,2,5,2,0,1,1,0,0,0,0,0
1758,51758,11,11,11030721,Rüdigerstraße,2019,3,15,7,2,5,3,0,1,1,0,0,0,0,1
1759,51759,11,4,4030622,Richard-Wagner-Straße,2019,6,18,2,3,0,7,0,0,0,0,1,0,0,1
1760,51760,11,3,3061434,Anton-Saefkow-Park,2019,8,13,2,3,5,3,0,1,1,0,0,0,0,0
1761,51761,11,7,7040403,Manteuffelstraße,2019,12,5,3,3,3,6,2,0,1,0,0,1,0,1
1762,51762,11,10,10010308,Marzahner Chaussee,2019,5,14,1,2,2,2,0,0,1,0,1,0,0,0
1763,51763,11,2,2020202,Rathaus Yorckstraße,2019,6,22,5,2,0,7,2,1,0,0,0,0,0,0
1764,51764,11,4,4020310,Park Ruhwald,2019,3,17,7,3,2,6,1,0,1,0,0,0,0,1
1765,51765,11,10,10010102,Havemannstraße,2019,11,20,3,2,6,7,2,0,0,1,0,0,1,0
1766,51766,11,3,3061228,Erich-Weinert-Straße,2019,11,20,7,3,2,7,2,0,1,0,1,0,0,0
1767,51767,11,2,2050602,Samariterviertel,2019,6,7,5,3,3,6,0,1,0,0,0,0,0,0
1768,51768,11,3,3050925,Komponistenviertel Weißensee,2019,3,8,6,3,3,6,0,1,1,0,0,0,0,1
1769,51769,11,8,8020619,Buschkrugallee Nord,2019,10,14,3,2,3,6,0,0,1,0,0,1,0,0
1770,51770,11,3,3061126,Arnimplatz,2019,8,7,2,3,6,4,0,1,0,1,0,0,0,1
1771,51772,11,1,1011304,Karl-Marx-Allee,2019,5,22,7,3,5,3,2,1,1,0,0,0,0,0
1772,51773,11,6,6040703,Nikolassee,2019,6,15,5,2,1,7,0,0,1,0,0,0,0,0
1773,51774,11,12,12103219,Schäfersee,2019,3,11,6,3,6,7,0,0,1,1,0,0,0,0
1774,51775,11,2,2050801,Traveplatz,2019,11,18,5,3,3,6,2,1,0,0,0,0,1,1
1775,51776,11,7,7040405,Rathaus Tempelhof,2019,6,14,5,3,2,6,0,0,1,0,1,0,0,0
1776,51777,11,9,9010101,Elsenstraße,2019,8,22,1,3,2,6,2,0,1,0,0,0,0,1
1777,51778,11,1,1033203,Humboldthain Nordwest,2019,12,18,3,3,2,6,2,0,1,0,0,0,0,0
1778,51779,11,3,3040818,Pankow Süd,2019,6,8,5,3,2,6,0,0,1,0,1,0,0,0
1779,51780,11,4,4020208,Kranzallee,2019,10,19,5,3,7,7,2,0,1,0,0,0,1,0