,object id,city,district,sub district key,street,year,month,hour of day,weekday,category,accident type,accident type 2,light situation,bike involved,car involved,pedestrian involved,motor bike involved,big track involved,other vehicle involved,road condition
1780,51781,11,1,1033203,Humboldthain Nordwest,2019,6,23,4,3,5,3,2,0,1,0,0,0,0,0
1781,51782,11,9,9020601,Schnellerstraße,2019,9,16,5,3,0,7,0,1,0,0,0,0,0,0
1782,51783,11,3,3051017,Rennbahnstraße,2019,3,14,6,3,4,5,0,0,1,0,0,0,1,1
1783,51784,11,1,1011201,Wilhelmstraße,2019,10,14,4,3,5,2,0,1,0,0,0,0,1,0
1784,51785,11,1,1011303,Alexanderplatzviertel,2019,8,21,1,3,5,3,2,0,1,0,0,0,1,0
1785,51787,11,2,2020202,Rathaus Yorckstraße,2019,5,13,7,3,5,2,0,1,1,0,0,0,0,0
1786,51788,11,12,12103219,Schäfersee,2019,6,16,4,3,0,5,0,1,0,0,0,0,1,0
1787,51789,11,4,4020313,Königin-Elisabeth-Straße,2019,3,12,6,3,2,6,0,0,1,0,0,0,1,0
1788,51790,11,1,1011102,Großer Tiergarten,2019,11,14,7,3,5,2,0,0,1,0,0,0,0,1
1789,51791,11,3,3071639,Bötzowstraße,2019,6,0,7,3,2,7,2,1,1,0,0,0,0,0
1790,51792,11,4,4020208,Kranzallee,2019,12,7,4,3,5,3,0,0,1,0,0,0,0,1
1791,51793,11,3,3020209,Niederschönhausen,2019,6,15,4,3,2,6,0,0,1,0,0,0,0,0
1792,51794,11,3,3071639,Bötzowstraße,2019,3,11,6,3,5,2,0,1,1,0,0,0,0,0
1793,51795,11,4,4030417,Schloßstraße,2019,10,14,6,3,5,3,0,1,1,0,0,0,0,0
1794,51796,11,3,3040614,Pankow Zentrum,2019,8,8,1,2,0,1,0,1,0,0,0,0,0,1
1795,51797,11,1,1011303,Alexanderplatzviertel,2019,6,14,4,3,6,7,0,0,1,1,0,0,0,0
1796,51798,11,2,2050602,Samariterviertel,2019,3,18,5,3,0,6,2,0,1,0,1,0,0,1
1797,51799,11,6,6010102,Schloßstraße,2019,10,17,5,3,2,6,2,0,1,0,0,0,0,0
1798,51800,11,12,12301203,Wittenau Süd,2019,6,14,4,3,2,6,0,0,1,0,1,0,0,0
1799,51801,11,1,1044102,Schillerpark,2019,9,15,5,3,5,3,0,1,1,0,0,0,0,0
1800,51802,11,7,7030303,Grazer Platz,2019,3,20,5,3,3,2,2,0,1,0,0,0,0,1
1801,51803,11,11,11030721,Rüdigerstraße,2019,10,13,5,3,5,2,0,0,1,0,0,0,0,0
1802,51804,11,10,10010310,Alt-Marzahn,2019,8,8,1,2,0,7,0,0,1,0,0,0,0,1
1803,51806,11,7,7040401,Neu-Tempelhof,2019,5,17,7,3,6,7,0,0,1,1,0,0,0,1
1804,51807,11,10,10010207,Marzahner Promenade,2019,6,13,4,3,5,3,0,0,1,0,0,0,0,0
1805,51808,11,3,3061332,Helmholtzplatz,2019,3,20,5,3,5,2,2,1,1,0,0,0,0,1
1806,51809,11,9,9010101,Elsenstraße,2019,11,3,1,2,5,3,2,1,1,0,0,0,0,0
1807,51810,11,12,12103218,Teichstraße,2019,6,22,7,3,2,6,2,0,1,0,0,0,1,0
1808,51811,11,11,11041027,Tierpark,2019,8,6,7,3,2,6,0,0,1,0,0,0,1,0
1809,51812,11,3,3071638,Winsstraße,2019,12,15,5,3,5,2,0,0,1,0,0,0,1,0
1810,51813,11,4,4010101,Jungfernheide,2019,6,13,4,3,5,3,0,0,1,0,0,1,0,0
1811,51814,11,7,7030303,Grazer Platz,2019,3,15,5,3,2,6,0,0,1,0,0,0,0,1
1812,51815,11,2,2050602,Samariterviertel,2019,10,19,7,3,2,6,2,0,1,0,1,0,0,0
1813,51816,11,7,7070701,Kettinger Straße/Schillerstraße,2019,8,9,7,3,0,5,0,0,1,0,0,0,0,0
1814,51817,11,3,3010104,Lietzengraben,2019,6,12,4,3,3,6,0,0,1,0,0,0,0,0
1815,51818,11,3,3061131,Falkplatz,2019,3,4,4,3,5,2,2,0,1,0,0,1,0,1
1816,51819,11,7,7060604,Marienfelde Süd,2019,10,6,4,3,6,7,2,1,0,1,0,0,0,1
1817,51820,11,9,9010202,Köpenicker Landstraße,2019,6,6,5,3,5,3,0,0,1,0,0,0,0,0
1818,51821,11,1,1044102,Schillerpark,2019,8,18,7,3,5,3,0,0,1,0,0,0,0,0
1819,51822,11,3,3061434,Anton-Saefkow-Park,2019,12,6,7,2,5,3,2,1,1,0,0,0,0,1
1820,51823,11,10,10040830,Kaulsdorf Süd,2019,5,10,7,3,6,2,0,0,1,1,0,0,0,0
1821,51824,11,4,4010101,Jungfernheide,2019,3,12,4,2,3,6,0,0,1,0,0,1,0,0
1822,51825,11,1,1011102,Großer Tiergarten,2019,11,14,1,3,6,7,0,0,0,1,0,0,1,0
1823,51826,11,7,7030303,Grazer Platz,2019,5,9,6,2,2,6,0,0,1,0,1,0,0,0
1824,51827,11,4,4020311,Reichsstraße,2019,11,16,6,3,2,6,2,0,1,0,1,0,0,0
1825,51828,11,9,9010302,Späthsfelde,2019,6,10,4,3,2,6,0,0,1,0,0,0,0,0
1826,51829,11,3,3040818,Pankow Süd,2019,3,14,4,3,5,3,0,1,1,0,0,0,0,0
1827,51830,11,1,1011303,Alexanderplatzviertel,2019,10,22,2,3,5,2,2,0,1,0,0,0,1,0
1828,51831,11,7,7020202,Volkspark (Rudolf-Wilde-Park),2019,8,8,6,3,6,2,0,0,0,1,0,0,1,0
1829,51833,11,10,10010102,Havemannstraße,2019,5,17,6,2,6,4,0,0,1,1,0,0,0,0
1830,51834,11,2,2010101,Askanischer Platz,2019,6,20,3,3,5,2,0,1,1,0,0,0,0,0
1831,51835,11,2,2050803,Stralauer Kiez,2019,3,18,4,3,3,7,1,1,0,0,0,0,0,0
1832,51836,11,12,12301203,Wittenau Süd,2019,6,14,2,3,5,2,0,0,0,0,0,0,1,0
1833,51837,11,9,9020601,Schnellerstraße,2019,8,15,6,3,5,3,0,1,1,0,0,0,0,0
1834,51838,11,2,2050601,Hausburgviertel,2019,12,7,2,3,5,3,1,0,1,0,0,0,1,0
1835,51839,11,4,4020311,Reichsstraße,2019,5,13,6,3,2,6,0,0,1,0,1,0,0,0
1836,51840,11,1,1033203,Humboldthain Nordwest,2019,6,12,3,3,2,6,0,0,1,0,1,0,0,0
1837,51841,11,1,1033203,Humboldthain Nordwest,2019,3,19,4,3,2,1,2,0,1,0,0,0,0,1
1838,51842,11,3,3040818,Pankow Süd,2019,11,12,3,2,6,3,0,0,1,1,0,0,0,0
1839,51843,11,12,12304314,Ziekowstraße/Freie Scholle,2019,11,9,6,3,5,3,0,0,1,0,0,1,0,1
1840,51844,11,9,9020601,Schnellerstraße,2019,6,10,3,3,6,7,0,0,1,1,0,0,0,0
1841,51845,11,7,7040402,Lindenhofsiedlung,2019,3,17,3,3,2,6,1,0,1,0,0,0,0,0
1842,51846,11,1,1011303,Alexanderplatzviertel,2019,10,12,2,3,3,5,0,1,1,0,0,0,0,0
1843,51847,11,12,12301203,Wittenau Süd,2019,8,15,6,3,5,3,0,1,1,0,0,0,0,0
1844,51849,11,3,3061126,Arnimplatz,2019,5,15,5,3,5,2,0,1,0,0,0,1,0,0
1845,51850,11,2,2050803,Stralauer Kiez,2019,6,10,3,3,3,2,0,0,1,0,1,0,0,0
1846,51851,11,2,2050602,Samariterviertel,2019,3,10,3,3,5,2,0,1,1,0,0,0,0,1
1847,51852,11,7,7060603,Marienfelde Nordost,2019,11,12,4,3,2,6,0,0,1,0,0,1,0,1
1848,51853,11,5,5020524,Weinmeisterhornweg,2019,6,14,4,3,2,6,0,0,1,0,0,0,1,0
1849,51854,11,4,4020208,Kranzallee,2019,8,8,6,3,2,6,0,0,1,0,0,0,1,0
1850,51855,11,7,7040402,Lindenhofsiedlung,2019,12,15,2,3,2,6,1,0,1,0,0,0,0,1
1851,51856,11,9,9020601,Schnellerstraße,2019,6,9,3,2,5,2,0,1,1,0,0,0,0,0
1852,51857,11,11,11030721,Rüdigerstraße,2019,9,8,2,3,5,2,0,1,0,0,0,0,1,0
1853,51858,11,7,7020203,Kaiser-Wilhelm-Platz,2019,10,17,4,3,5,2,2,1,1,0,0,0,0,0
1854,51859,11,10,10010207,Marzahner Promenade,2019,8,12,6,3,5,3,0,1,1,0,0,0,0,0
1855,51860,11,7,7020202,Volkspark (Rudolf-Wilde-Park),2019,6,9,3,2,5,3,0,1,0,0,1,0,0,0
1856,51861,11,9,9010302,Späthsfelde,2019,3,5,3,3,2,6,1,0,1,0,0,0,0,0
1857,51862,11,10,10040830,Kaulsdorf Süd,2019,10,5,3,3,2,6,2,0,1,0,0,0,0,0
1858,51863,11,4,4030623,Ernst-Reuter-Platz,2019,8,9,6,3,5,2,0,1,1,0,0,0,0,0
1859,51865,11,3,3061131,Falkplatz,2019,5,9,5,3,0,7,0,1,0,0,0,0,0,0
1860,51866,11,8,8020619,Buschkrugallee Nord,2019,6,17,3,3,2,6,0,0,1,0,0,0,0,0
1861,51867,11,3,3040818,Pankow Süd,2019,3,8,2,3,5,3,0,1,1,0,0,0,0,1
1862,51868,11,10,10030727,Biesdorf Süd,2019,11,16,6,3,2,6,2,0,1,0,0,0,0,0
1863,51869,11,4,4030417,Schloßstraße,2019,5,9,5,3,2,6,0,1,1,0,0,0,0,1
1864,51870,11,3,3050920,Weißer See,2019,12,20,3,3,0,1,2,0,0,0,1,0,0,2
1865,51871,11,3,3061429,Greifswalder Straße,2019,6,16,3,3,5,2,0,1,1,0,0,0,0,0
1866,51872,11,12,12103218,Teichstraße,2019,3,16,2,2,9,1,0,0,1,0,0,0,1,1
1867,51873,11,7,7050502,Fritz-Werner-Straße,2019,10,8,6,2,5,2,0,0,1,0,1,0,0,0
1868,51874,11,2,2050803,Stralauer Kiez,2019,8,9,6,3,5,3,0,1,0,0,0,0,0,0
1869,51876,11,7,7050502,Fritz-Werner-Straße,2019,6,14,3,3,5,2,0,1,1,0,0,0,0,0
1870,51877,11,1,1011104,Körnerstraße,2019,3,18,1,3,2,6,2,0,1,0,0,0,0,1
1871,51878,11,4,4020311,Reichsstraße,2019,10,9,3,3,5,2,0,0,1,0,0,0,0,1
1872,51879,11,1,1011105,Nördlicher Landwehrkanal,2019,6,19,4,3,2,6,0,0,1,0,0,0,0,0
1873,51880,11,4,4020208,Kranzallee,2019,8,8,6,3,2,6,0,0,1,0,0,0,0,0
1874,51881,11,11,11030721,Rüdigerstraße,2019,12,15,2,3,5,3,1,1,1,1,0,0,0,0
1875,51882,11,7,7030303,Grazer Platz,2019,5,6,5,3,0,6,1,0,1,0,0,0,0,0
1876,51883,11,10,10010206,Ringkolonnaden,2019,3,9,1,3,2,6,0,0,1,0,0,0,0,0
1877,51884,11,1,1044201,Reinickendorfer Straße,2019,11,9,7,3,0,7,0,1,0,1,0,0,0,1
1878,51885,11,7,7040401,Neu-Tempelhof,2019,11,13,4,3,2,2,0,0,1,0,0,0,0,1
1879,51886,11,9,9020601,Schnellerstraße,2019,6,8,3,3,5,2,0,1,0,0,0,0,1,0
1880,51887,11,2,2040703,Wriezener Bahnhof/Entwicklungsgebiet,2019,3,9,1,3,0,1,0,0,0,0,1,0,0,0
1881,51888,11,9,9010202,Köpenicker Landstraße,2019,10,7,6,3,2,6,1,0,1,0,0,0,0,1
1882,51889,11,12,12103219,Schäfersee,2019,8,7,6,3,6,4,0,1,1,1,0,0,0,0
1883,51891,11,3,3061126,Arnimplatz,2019,5,9,4,3,0,3,0,1,1,0,0,0,0,0
1884,51892,11,7,7050506,Birnhornweg,2019,9,8,2,3,5,2,0,1,0,0,0,0,1,0
1885,51893,11,3,3040614,Pankow Zentrum,2019,6,14,2,3,6,4,0,0,0,1,1,0,0,0
1886,51894,11,9,9010101,Elsenstraße,2019,3,16,7,3,0,2,0,1,1,0,0,0,0,1
1887,51895,11,5,5020524,Weinmeisterhornweg,2019,6,2,7,3,9,1,2,0,1,0,0,0,0,0
1888,51896,11,3,3061429,Greifswalder Straße,2019,12,9,7,3,6,4,0,0,1,1,0,0,0,0
1889,51897,11,9,9020601,Schnellerstraße,2019,5,16,4,3,2,6,0,0,1,0,1,0,1,0
1890,51898,11,7,7050501,Rathausstraße,2019,11,16,1,3,2,6,0,0,1,0,0,0,1,1
1891,191144,11,12,12231101,Hermsdorf,2019,1,11,4,3,6,7,0,1,0,1,0,0,0,1
1892,191145,11,11,11010310,Mühlengrund,2019,1,17,4,3,5,3,2,0,1,0,0,0,0,1
1893,191146,11,6,6020306,Lankwitz Süd,2019,1,17,4,3,5,2,2,1,1,0,0,0,0,1
1894,191147,11,7,7040405,Rathaus Tempelhof,2019,1,17,4,3,1,5,2,1,0,0,0,0,1,1
1895,191148,11,6,6010101,Fichtenberg,2019,1,16,4,3,5,3,2,1,0,0,0,0,1,1
1896,191149,11,10,10010203,Gewerbegebiet Bitterfelder Straße,2019,1,16,4,3,5,3,2,0,1,0,0,0,0,1
1897,191150,11,10,10010309,Springpfuhl,2019,1,7,4,3,6,7,1,0,1,1,0,0,0,1
1898,191151,11,1,1044201,Reinickendorfer Straße,2019,1,7,4,3,5,2,2,1,0,0,0,0,1,1
1899,191152,11,4,4051551,Brabanter Platz,2019,1,7,4,3,5,2,2,1,1,0,0,0,0,1
1900,191153,11,1,1011202,Unter den Linden Nord,2019,1,6,4,3,2,6,2,0,1,0,0,0,0,1
1901,191154,11,7,7040401,Neu-Tempelhof,2019,1,6,4,3,6,4,2,0,1,1,0,0,0,1
1902,191155,11,1,1044103,Westliche Müllerstraße,2019,1,15,4,3,5,3,1,0,1,0,1,0,0,1
1903,191156,11,7,7010102,Nollendorfplatz,2019,1,5,4,3,5,7,1,0,1,0,0,0,1,1
1904,191157,11,3,3020209,Niederschönhausen,2019,1,7,4,3,5,2,2,1,1,0,0,0,0,1
1905,191158,11,5,5020523,Maulbeerallee,2019,1,8,4,3,6,7,2,0,1,1,0,0,0,1
1906,191159,11,6,6010209,Feuerbachstraße,2019,1,8,4,3,1,5,0,0,1,0,0,0,1,1
1907,191160,11,1,1033203,Humboldthain Nordwest,2019,1,10,4,3,6,7,0,0,1,1,0,0,0,1
1908,191161,11,10,10020622,Kaulsdorf Nord I,2019,1,6,4,3,2,2,2,0,1,0,0,0,0,1
1909,191162,11,8,8041035,Blumenviertel,2019,1,10,4,3,2,6,0,0,1,0,0,0,0,1
1910,191163,11,6,6020303,Lankwitz Kirche,2019,1,10,4,2,6,2,0,0,1,1,0,0,0,1
1911,191164,11,3,3040614,Pankow Zentrum,2019,1,10,4,2,2,6,0,0,1,0,0,0,0,1
1912,191165,11,3,3030716,Märchenland,2019,1,9,4,3,0,7,0,0,1,0,0,0,0,1
1913,191166,11,5,5030832,Rohrdamm,2019,1,5,4,3,3,6,2,0,1,0,0,1,0,1
1914,191167,11,4,4030518,Tegeler Weg,2019,1,16,4,3,5,2,0,0,1,0,0,0,0,1
1915,191168,11,2,2010103,Moritzplatz,2019,1,18,4,3,5,3,2,0,1,0,0,0,0,1
1916,191169,11,1,1044103,Westliche Müllerstraße,2019,1,16,3,2,6,4,1,0,1,1,0,0,0,0
1917,191170,11,12,12103220,Humboldtstraße,2019,1,18,3,3,2,6,2,0,1,0,0,0,0,1
1918,191171,11,8,8020619,Buschkrugallee Nord,2019,1,18,4,3,2,6,2,0,1,0,0,0,0,1
1919,191172,11,2,2040702,Weberwiese,2019,1,10,3,3,1,5,0,1,1,0,0,0,0,1
1920,191173,11,1,1011202,Unter den Linden Nord,2019,1,10,3,3,6,4,0,1,0,1,0,0,0,1
1921,191174,11,2,2040703,Wriezener Bahnhof/Entwicklungsgebiet,2019,1,7,3,3,5,3,2,0,1,0,0,0,0,1
1922,191175,11,2,2010102,Mehringplatz,2019,1,22,3,3,6,2,2,0,1,1,0,0,0,1
1923,191176,11,10,10010207,Marzahner Promenade,2019,1,19,3,3,6,2,2,0,1,1,0,0,0,1
1924,191177,11,7,7010102,Nollendorfplatz,2019,1,20,3,3,6,7,2,0,1,1,0,0,0,1
1925,191178,11,12,12231101,Hermsdorf,2019,1,20,3,2,5,3,2,0,1,0,0,0,0,1
1926,191179,11,7,7010101,Wittenbergplatz/Viktoria-Luise-Platz,2019,1,20,3,3,6,4,1,0,1,1,0,0,0,1
1927,191180,11,11,11030618,Fennpfuhl West,2019,1,19,3,3,1,5,2,1,1,0,0,0,0,1
1928,191181,11,5,5010101,Hakenfelde Nord,2019,1,18,3,3,2,7,2,0,1,0,0,0,0,1
1929,191182,11,7,7060603,Marienfelde Nordost,2019,1,18,3,3,2,6,2,0,1,0,0,0,0,1
1930,191183,11,5,5010314,Carl-Schurz-Straße,2019,1,18,3,2,6,2,2,0,1,1,0,0,0,1
1931,191184,11,4,4051551,Brabanter Platz,2019,1,18,3,3,6,2,2,0,1,1,0,0,0,1
1932,191185,11,9,9051901,Dammvorstadt,2019,1,18,3,3,2,6,2,0,1,0,0,0,0,1
1933,191186,11,6,6030610,Lichterfelde West,2019,1,18,3,3,2,6,2,0,1,0,0,0,0,1
1934,191187,11,6,6010102,Schloßstraße,2019,1,18,3,2,6,2,2,0,1,1,0,0,0,1
1935,191188,11,1,1011102,Großer Tiergarten,2019,1,18,3,3,5,3,2,0,1,0,0,0,0,1
1936,191189,11,4,4051445,Eisenzahnstraße,2019,1,18,3,3,2,6,2,0,1,0,0,0,0,1
1937,191190,11,8,8010510,Gewerbegebiet Köllnische Heide,2019,1,17,3,3,5,3,2,1,1,0,0,0,0,1
1938,191191,11,6,6010208,Bergstraße,2019,1,15,3,2,6,4,1,0,1,1,0,0,0,1
1939,191192,11,1,1044201,Reinickendorfer Straße,2019,1,9,3,3,5,2,0,0,1,0,0,0,1,1
1940,191193,11,2,2050602,Samariterviertel,2019,1,17,3,3,5,3,2,1,1,0,0,0,0,1
1941,191194,11,1,1033202,Humboldthain Süd,2019,1,17,3,2,0,7,1,0,0,0,1,0,1,1
1942,191195,11,6,6030504,Teltower Damm,2019,1,17,3,2,6,4,2,0,1,1,0,0,0,1
1943,191196,11,4,4030929,Hindemithplatz,2019,1,16,3,3,3,6,2,0,1,0,1,0,1,1
1944,191197,11,3,3061429,Greifswalder Straße,2019,1,16,3,2,6,4,2,0,1,1,0,0,0,1
1945,191198,11,12,12103116,Hausotterplatz,2019,1,16,3,3,6,2,2,0,1,1,0,0,0,1
1946,191199,11,1,1011202,Unter den Linden Nord,2019,1,15,3,3,5,3,0,1,1,0,0,0,0,1
1947,191200,11,1,1022104,Emdener Straße,2019,1,14,3,2,5,2,0,1,1,0,0,0,0,1
1948,191201,11,12,12302212,Rollbergesiedlung,2019,1,13,3,2,6,4,0,0,0,1,1,0,0,1
1949,191202,11,11,11020411,Malchower Weg,2019,1,13,3,3,5,3,0,0,1,0,0,0,1,1
1950,191203,11,1,1022104,Emdener Straße,2019,1,11,3,3,3,6,0,0,1,0,1,0,0,1
1951,191204,11,4,4020311,Reichsstraße,2019,1,11,3,3,5,3,0,0,1,0,0,0,0,1
1952,191205,11,4,4041240,Messelpark,2019,1,11,3,3,5,3,0,0,1,0,0,0,0,1
1953,191206,11,7,7020204,Schöneberger Insel,2019,1,12,3,3,0,6,0,0,1,0,0,0,1,1
1954,191207,11,9,9041402,Siedlung Kämmereiheide,2019,1,6,3,3,6,2,2,0,1,1,0,0,0,1
1955,191208,11,4,4041134,Bismarckallee,2019,1,17,3,1,6,2,2,0,1,1,0,0,0,1
1956,191209,11,9,9020502,Oberschöneweide Ost,2019,1,17,2,3,2,7,1,0,1,0,0,0,0,0
1957,191210,11,7,7010102,Nollendorfplatz,2019,1,16,2,3,6,4,1,0,1,1,0,0,0,1
1958,191211,11,10,10020622,Kaulsdorf Nord I,2019,1,18,2,2,6,4,2,0,1,1,0,0,0,1
1959,191212,11,6,6040804,Krumme Lanke,2019,1,19,2,3,1,5,2,0,1,0,0,0,0,1
1960,191213,11,6,6040810,Dahlem,2019,1,19,2,3,2,6,2,0,1,0,0,0,0,1
1961,191214,11,1,1044103,Westliche Müllerstraße,2019,1,18,2,3,3,6,2,0,1,0,0,0,0,1
1962,191215,11,5,5010206,Gütersloher Weg,2019,1,21,2,2,9,1,2,0,1,0,0,0,0,1
1963,191216,11,8,8010301,Reuterkiez,2019,1,22,2,3,2,6,2,0,1,0,0,0,0,1
1964,191217,11,1,1044202,Sparrplatz,2019,1,21,2,3,5,2,2,1,0,0,0,0,0,1
1965,191218,11,12,12302110,Dannenwalder Weg,2019,1,20,2,2,6,2,2,0,1,1,0,0,0,1
1966,191219,11,8,8010301,Reuterkiez,2019,1,15,2,3,2,2,0,0,1,0,0,0,0,1
1967,191220,11,3,3051022,Hansastraße,2019,1,8,2,3,1,5,1,1,0,0,0,0,1,1
1968,191221,11,5,5040936,Jägerallee,2019,1,7,2,3,2,6,1,0,1,0,0,0,0,1
1969,191222,11,3,3061430,Volkspark Prenzlauer Berg,2019,1,11,2,3,6,4,0,1,0,1,0,0,0,1
1970,191223,11,12,12301205,Waidmannslust,2019,1,8,2,3,6,2,0,0,1,1,0,0,0,1
1971,191224,11,6,6030609,Augustaplatz,2019,1,17,2,3,2,2,2,0,1,0,0,0,0,1
1972,191225,11,2,2050803,Stralauer Kiez,2019,1,17,2,3,6,2,2,0,1,1,0,0,0,1
1973,191226,11,1,1011201,Wilhelmstraße,2019,1,17,2,3,5,2,2,1,1,0,0,0,0,1
1974,191227,11,3,3040513,Schönholz,2019,1,17,2,3,5,3,2,1,1,0,0,0,0,1
1975,191228,11,6,6030609,Augustaplatz,2019,1,17,2,3,1,5,2,0,1,0,0,0,0,1
1976,191229,11,4,4030929,Hindemithplatz,2019,1,17,2,3,5,2,2,0,1,0,0,0,0,1
1977,191230,11,11,11051331,Karlshorst Nord,2019,1,16,2,3,3,6,2,1,1,0,0,0,0,1
1978,191231,11,5,5020523,Maulbeerallee,2019,1,16,2,3,5,3,1,0,1,0,0,0,0,1
1979,191232,11,1,1044201,Reinickendorfer Straße,2019,1,16,2,3,5,2,1,1,1,0,0,0,0,1
1980,191233,11,3,3040508,Rosenthal,2019,1,10,2,3,5,7,0,0,1,0,0,0,0,1
1981,191234,11,11,11051331,Karlshorst Nord,2019,1,15,2,3,5,3,0,1,1,0,0,0,0,1
1982,191235,11,6,6030502,Zehlendorf Süd,2019,1,14,2,3,2,2,0,0,1,0,0,0,0,1
1983,191236,11,11,11010205,Falkenberg West,2019,1,10,2,3,5,3,0,0,1,0,0,0,0,1
1984,191237,11,2,2020205,Chamissokiez,2019,1,14,2,3,4,1,0,0,1,0,0,0,0,1
1985,191238,11,2,2050602,Samariterviertel,2019,1,9,2,2,0,1,0,0,0,0,1,0,0,1
1986,191239,11,1,1044103,Westliche Müllerstraße,2019,1,12,2,3,2,6,0,0,1,0,0,0,0,1
1987,191240,11,4,4051550,Leon-Jessel-Platz,2019,1,11,2,3,5,2,0,0,1,0,1,0,0,1
1988,191241,11,4,4030620,Alt-Lietzow,2019,1,16,2,3,5,2,2,0,1,0,0,0,0,1
1989,191242,11,2,2030302,Lausitzer Platz,2019,1,9,2,3,5,3,1,1,1,0,0,0,0,1
1990,191243,11,6,6030503,Zehlendorf Mitte,2019,1,15,2,3,4,6,0,0,1,0,0,0,0,1
1991,191244,11,12,12301203,Wittenau Süd,2019,1,11,2,3,6,2,0,0,1,1,0,0,0,1
1992,191245,11,12,12214424,Scharnweberstraße,2019,1,15,2,3,2,6,1,0,1,0,0,0,0,1
1993,191246,11,4,4030931,Breitscheidplatz,2019,1,9,2,3,5,2,0,0,1,0,1,0,0,1
1994,191247,11,1,1011302,Oranienburger Straße,2019,1,8,2,3,6,4,0,0,1,1,0,0,0,1
1995,191248,11,6,6020411,Schütte-Lanz-Straße,2019,1,8,2,2,5,2,0,0,1,0,0,0,0,1
1996,191249,11,4,4030621,Spreestadt,2019,1,8,2,3,5,2,1,1,1,0,0,0,0,1
1997,191250,11,1,1033203,Humboldthain Nordwest,2019,1,8,2,2,6,4,0,0,1,1,0,0,0,1
1998,191251,11,4,4030620,Alt-Lietzow,2019,1,7,2,3,6,2,1,0,1,1,0,0,0,1
1999,191252,11,8,8020621,Mohriner Allee Nord,2019,1,7,2,2,6,4,2,0,1,1,0,0,0,1
2000,191253,11,5,5010339,Freiheit,2019,1,6,2,3,6,2,2,0,1,1,0,0,0,1
2001,191254,11,12,12304314,Ziekowstraße/Freie Scholle,2019,1,6,2,3,5,3,2,0,1,0,1,0,0,1
2002,191255,11,10,10010308,Marzahner Chaussee,2019,1,18,2,3,1,5,2,1,0,0,0,0,1,1
2003,191256,11,2,2010104,Wassertorplatz,2019,1,11,2,3,5,3,0,0,1,0,0,0,1,1
2004,191257,11,9,9051702,Bölschestraße,2019,1,13,1,3,1,5,0,1,1,0,0,0,0,0
2005,191258,11,1,1033202,Humboldthain Süd,2019,1,18,1,3,2,6,2,0,1,0,0,0,0,0
2006,191259,11,5,5030731,Gartenfelder Straße,2019,1,17,1,2,5,3,2,1,1,0,0,0,0,0
2007,191260,11,2,2040502,Friedenstraße,2019,1,16,1,3,2,6,2,0,1,0,0,0,0,0
2008,191261,11,1,1011304,Karl-Marx-Allee,2019,1,16,1,3,5,2,2,1,1,0,0,0,0,0
2009,191262,11,6,6030504,Teltower Damm,2019,1,14,1,2,5,3,0,1,1,0,0,0,0,0
2010,191263,11,12,12302107,Schorfheidestraße,2019,1,3,1,2,6,4,2,0,1,1,0,0,0,0
2011,191264,11,7,7020203,Kaiser-Wilhelm-Platz,2019,1,14,7,3,3,7,0,1,1,0,0,0,0,1
2012,191265,11,1,1044203,Leopoldplatz,2019,1,11,7,3,2,6,0,0,1,0,0,0,0,1
2013,191266,11,1,1044101,Rehberge,2019,1,9,7,2,4,1,0,0,1,0,0,0,1,1
2014,191267,11,1,1011305,Heine-Viertel West,2019,1,6,7,3,5,3,2,1,1,0,0,0,0,1
2015,191268,11,8,8010117,Schillerpromenade,2019,1,0,7,3,2,2,2,0,1,0,0,1,0,1
2016,191269,11,8,8010117,Schillerpromenade,2019,1,21,7,3,6,2,2,0,1,1,0,0,0,1
2017,191270,11,3,3071537,Kollwitzplatz,2019,1,18,7,3,6,7,2,0,1,1,0,0,0,1
2018,191271,11,10,10010308,Marzahner Chaussee,2019,1,17,7,3,2,6,2,0,1,0,0,0,0,1
2019,191272,11,5,5010207,Darbystraße,2019,1,17,7,3,2,6,2,0,1,0,0,0,0,1
2020,191273,11,6,6030609,Augustaplatz,2019,1,17,7,3,6,4,2,0,1,1,0,0,0,2
2021,191274,11,10,10010206,Ringkolonnaden,2019,1,19,6,2,0,1,2,0,0,0,1,0,0,1
2022,191275,11,12,12103219,Schäfersee,2019,1,12,6,3,5,2,0,1,1,0,0,0,0,0
2023,191276,11,7,7040405,Rathaus Tempelhof,2019,1,22,6,3,5,3,2,0,1,0,0,0,0,1
2024,191277,11,5,5020521,Döberitzer Weg,2019,1,21,6,3,8,1,2,0,1,0,0,0,0,1
2025,191278,11,1,1011301,Charitéviertel,2019,1,21,6,3,3,6,2,0,0,0,1,0,1,1
2026,191279,11,12,12214424,Scharnweberstraße,2019,1,20,6,2,6,4,2,0,1,1,0,0,0,1
2027,191280,11,2,2050802,Boxhagener Platz,2019,1,18,6,3,6,4,2,1,0,1,0,0,0,1
2028,191281,11,11,11010204,Falkenberg Ost,2019,1,13,6,3,5,2,0,1,1,0,0,0,0,1
2029,191282,11,10,10040828,Kaulsdorf Nord,2019,1,15,6,3,5,3,0,1,1,0,0,0,0,1
2030,191283,11,4,4010102,Plötzensee,2019,1,14,6,3,1,5,0,0,1,0,0,0,0,1
2031,191284,11,4,4041238,Kissinger Straße,2019,1,15,6,3,5,3,1,1,1,0,0,0,0,1
2032,191285,11,12,12103219,Schäfersee,2019,1,14,6,3,6,2,0,0,1,1,0,0,0,1