,object id,city,district,sub district key,street,year,month,hour of day,weekday,category,accident type,accident type 2,light situation,bike involved,car involved,pedestrian involved,motor bike involved,big track involved,other vehicle involved,road condition
2033,191286,11,2,2030402,Wrangelkiez,2019,1,16,6,3,6,4,2,1,0,1,0,0,0,1
2034,191287,11,2,2010103,Moritzplatz,2019,1,13,6,3,0,7,0,0,1,0,1,0,0,1
2035,191288,11,4,4030726,Droysenstraße,2019,1,10,6,3,5,5,0,0,1,0,0,0,0,1
2036,191289,11,4,4030415,Schloßgarten,2019,1,13,6,3,5,5,0,0,1,0,0,1,0,1
2037,191290,11,6,6010205,Südende,2019,1,14,6,3,2,3,0,0,1,0,0,0,0,1
2038,191291,11,12,12103219,Schäfersee,2019,1,13,6,3,1,5,0,0,1,0,0,0,0,1
2039,191292,11,11,11010309,Zingster Straße West,2019,1,8,6,3,5,3,1,0,1,0,0,0,1,1
2040,191293,11,11,11040926,Weitlingstraße,2019,1,5,6,3,5,3,2,1,1,0,0,0,0,1
2041,191294,11,5,5010206,Gütersloher Weg,2019,1,5,6,3,6,2,2,0,1,1,0,0,0,0
2042,191295,11,8,8010404,Rixdorf,2019,1,12,6,3,5,3,0,0,1,0,0,0,1,1
2043,191296,11,2,2020206,Graefekiez,2019,1,11,5,3,0,6,0,0,1,0,0,0,1,0
2044,191297,11,1,1033102,Gesundbrunnen,2019,1,15,5,3,2,6,0,0,1,0,0,0,0,0
2045,191298,11,5,5010314,Carl-Schurz-Straße,2019,1,15,5,2,5,2,0,0,1,0,1,0,0,0
2046,191299,11,8,8010214,Glasower Straße,2019,1,22,5,3,5,2,2,0,1,0,0,0,0,0
2047,191300,11,4,4041240,Messelpark,2019,1,14,5,2,5,3,0,1,1,0,0,0,0,0
2048,191301,11,9,9051901,Dammvorstadt,2019,1,14,5,3,5,3,0,1,1,0,0,0,0,0
2049,191302,11,4,4030931,Breitscheidplatz,2019,1,14,5,3,5,2,0,0,1,0,0,0,0,1
2050,191303,11,3,3061430,Volkspark Prenzlauer Berg,2019,1,12,5,2,6,4,0,0,1,1,0,0,0,0
2051,191304,11,9,9051702,Bölschestraße,2019,1,19,5,3,6,4,2,0,1,1,0,0,0,0
2052,191305,11,1,1011103,Lützowstraße,2019,1,13,5,3,5,2,0,0,1,0,1,0,0,1
2053,191306,11,5,5010206,Gütersloher Weg,2019,1,17,5,2,6,4,2,0,1,1,0,0,0,0
2054,191307,11,3,11030618,Fennpfuhl West,2019,1,17,5,3,5,2,2,1,1,0,0,0,0,0
2055,191308,11,12,12302211,Lübarser Straße,2019,1,21,5,2,0,1,2,0,0,0,1,0,0,0
2056,191309,11,1,1022201,Stephankiez,2019,1,11,5,3,5,2,0,0,1,0,0,0,0,1
2057,191310,11,7,7010102,Nollendorfplatz,2019,1,11,5,3,6,7,0,0,1,1,0,0,0,1
2058,191311,11,4,4020310,Park Ruhwald,2019,1,10,5,2,5,3,0,1,1,0,0,0,0,0
2059,191312,11,7,7040404,Marienhöhe,2019,1,8,5,3,3,6,0,1,0,0,0,0,1,0
2060,191313,11,8,8041036,Zittauer Straße,2019,1,8,5,3,5,3,0,1,1,0,0,0,0,0
2061,191314,11,5,5020419,Magistratsweg,2019,1,6,5,3,5,2,2,0,1,0,0,0,0,0
2062,191315,11,1,1022206,Lüneburger Straße,2019,1,6,5,3,6,2,2,0,1,1,0,0,0,0
2063,191316,11,8,8010214,Glasower Straße,2019,1,21,4,3,1,5,2,1,1,0,0,0,0,0
2064,191317,11,3,3071639,Bötzowstraße,2019,1,18,4,3,0,5,2,0,1,0,1,0,0,1
2065,191318,11,4,4030623,Ernst-Reuter-Platz,2019,1,18,4,3,5,3,2,1,1,0,0,0,0,0
2066,191319,11,2,2040503,Richard-Sorge-Viertel,2019,1,16,4,3,2,6,2,0,1,0,0,0,0,1
2067,191320,11,1,1011202,Unter den Linden Nord,2019,1,14,4,3,3,6,0,0,1,0,0,0,0,0
2068,191321,11,6,6030610,Lichterfelde West,2019,1,13,4,3,2,6,0,0,1,0,0,0,0,1
2069,191322,11,8,8010213,Körnerpark,2019,1,12,4,3,5,3,0,0,1,0,0,0,0,1
2070,191323,11,4,4041136,Hagenplatz,2019,1,12,4,3,6,2,0,0,1,1,0,0,0,0
2071,191324,11,10,10010308,Marzahner Chaussee,2019,1,12,4,3,2,6,0,0,1,0,0,0,1,1
2072,191325,11,4,4030623,Ernst-Reuter-Platz,2019,1,11,4,2,6,4,0,0,0,1,0,0,1,1
2073,191326,11,7,7070702,Alt-Lichtenrade/Töpchiner Weg,2019,1,10,4,3,5,3,0,0,1,0,0,0,0,1
2074,191327,11,6,6030504,Teltower Damm,2019,1,7,4,3,2,7,1,0,1,0,0,0,0,1
2075,191328,11,11,11040926,Weitlingstraße,2019,1,13,4,3,4,7,0,0,1,0,0,0,0,0
2076,191329,11,12,12231102,Frohnau,2019,1,16,3,3,4,1,2,0,1,0,0,0,0,1
2077,191330,11,7,7030301,Friedenau,2019,1,17,3,2,2,6,2,0,1,0,0,0,0,1
2078,191331,11,6,6010206,Stadtpark,2019,1,17,3,3,6,2,2,0,1,1,0,0,0,1
2079,191332,11,8,8041038,Waßmannsdorfer Chaussee,2019,1,16,3,3,5,3,2,0,1,0,0,0,0,1
2080,191333,11,5,5010339,Freiheit,2019,1,6,3,3,2,6,2,0,1,0,0,0,0,1
2081,191334,11,2,2010103,Moritzplatz,2019,1,5,3,3,5,3,2,0,1,0,0,0,0,1
2082,191335,11,1,1022206,Lüneburger Straße,2019,1,17,3,3,1,5,2,0,1,0,0,0,0,1
2083,191336,11,1,1011306,Heine-Viertel Ost,2019,1,2,3,2,6,4,2,0,1,1,0,0,0,1
2084,191337,11,1,1044202,Sparrplatz,2019,1,3,3,3,6,2,2,0,1,1,0,0,0,1
2085,191338,11,7,7020203,Kaiser-Wilhelm-Platz,2019,1,15,4,3,1,5,0,1,1,0,0,0,0,1
2086,191339,11,2,2040703,Wriezener Bahnhof/Entwicklungsgebiet,2019,1,4,3,3,5,2,2,0,1,0,0,0,0,1
2087,191340,11,7,7020202,Volkspark (Rudolf-Wilde-Park),2019,1,0,3,2,6,4,2,0,1,1,0,0,0,1
2088,191341,11,7,7070703,John-Locke-Straße,2019,1,1,3,2,5,3,2,0,1,0,0,0,1,1
2089,191342,11,1,1011203,Unter den Linden Süd,2019,1,3,3,3,5,3,2,0,1,0,0,0,1,1
2090,191345,11,1,1022104,Emdener Straße,2019,1,15,4,3,2,6,0,0,1,0,0,0,0,1
2091,191353,11,7,7030303,Grazer Platz,2019,1,15,4,3,2,6,0,0,1,0,0,0,0,1
2092,191362,11,5,5030833,Motardstraße,2019,1,14,4,3,5,3,0,0,1,0,0,0,0,0
2093,191366,11,5,5020417,Staakener Straße,2019,1,14,4,3,5,3,0,0,1,0,0,0,1,1
2094,191369,11,4,4010103,Paul-Hertz-Siedlung,2019,1,17,4,2,0,7,2,0,1,0,0,0,0,1
2095,191371,11,3,3020203,Blankenfelde,2019,1,13,4,3,5,3,0,0,1,0,0,0,0,1
2096,191372,11,8,8020622,Parchimer Allee,2019,1,13,4,3,5,7,0,0,1,0,0,0,0,1
2097,191376,11,2,2020202,Rathaus Yorckstraße,2019,1,13,4,3,5,7,0,0,1,0,1,0,0,1
2098,191378,11,6,6040808,Hüttenweg,2019,1,12,4,3,5,3,0,0,1,0,0,0,0,1
2099,191381,11,4,4010102,Plötzensee,2019,1,16,4,3,2,6,1,0,1,0,0,0,0,1
2100,191388,11,3,3040614,Pankow Zentrum,2019,1,18,4,3,2,2,2,0,1,0,0,0,0,1
2101,191391,11,1,2040701,Andreasviertel,2019,1,18,4,3,5,3,2,0,1,0,0,0,0,1
2102,191400,11,4,4030930,George-Grosz-Platz,2019,1,12,4,3,2,6,0,0,1,0,0,0,0,1
2103,191406,11,11,11030619,Fennpfuhl Ost,2019,1,19,6,3,0,1,2,0,1,0,0,0,0,1
2104,191407,11,1,1011201,Wilhelmstraße,2019,1,17,6,2,1,5,2,1,1,0,0,0,0,1
2105,191408,11,12,12103218,Teichstraße,2019,1,17,6,3,1,5,2,0,1,0,0,0,0,1
2106,191409,11,1,1011204,Leipziger Straße,2019,1,17,6,3,5,3,2,0,1,0,0,0,0,0
2107,191410,11,9,9041402,Siedlung Kämmereiheide,2019,1,16,6,3,0,6,0,0,1,0,0,0,1,0
2108,191411,11,5,5020627,Tiefwerder,2019,1,15,6,2,1,1,0,0,1,0,0,1,0,0
2109,191412,11,6,6030501,Berlepschstraße,2019,1,15,6,3,0,1,0,0,0,0,1,0,0,2
2110,191413,11,10,10020517,Adele-Sandrock-Straße,2019,1,14,6,3,2,2,0,0,1,0,0,0,0,0
2111,191414,11,10,10030724,Oberfeldstraße,2019,1,14,6,3,5,2,0,1,1,0,0,0,0,1
2112,191415,11,4,4030519,Kaiserin-Augusta-Allee,2019,1,14,6,3,1,5,0,0,1,0,0,0,0,0
2113,191416,11,1,1011204,Leipziger Straße,2019,1,13,6,3,5,2,0,0,1,0,0,0,0,0
2114,191417,11,11,11020513,Orankesee,2019,1,13,6,3,5,7,0,0,1,0,0,0,1,0
2115,191418,11,5,5010311,Eiswerder,2019,1,13,6,2,2,6,0,0,1,0,0,0,0,0
2116,191419,11,1,1022206,Lüneburger Straße,2019,1,12,6,3,5,2,0,1,0,0,0,1,0,0
2117,191420,11,2,2030301,Oranienplatz,2019,1,0,6,3,5,3,2,1,1,0,0,0,0,1
2118,191421,11,11,2050803,Stralauer Kiez,2019,1,6,6,3,6,4,2,0,1,1,0,0,0,1
2119,191422,11,10,10020622,Kaulsdorf Nord I,2019,1,6,6,3,6,2,2,0,1,1,0,0,0,1
2120,191423,11,3,3020307,Buchholz,2019,1,7,6,3,5,3,1,1,1,0,0,0,0,2
2121,191424,11,7,7020201,Bayerischer Platz,2019,1,7,6,3,6,2,1,0,1,1,0,0,0,1
2122,191425,11,2,2040502,Friedenstraße,2019,1,7,6,2,6,4,1,0,1,1,0,0,0,1
2123,191426,11,7,7030301,Friedenau,2019,1,8,6,3,6,2,0,0,1,1,0,0,0,1
2124,191427,11,1,1011303,Alexanderplatzviertel,2019,1,8,6,3,6,4,0,1,0,1,0,0,0,1
2125,191428,11,7,7010103,Barbarossaplatz,2019,1,8,6,3,1,5,0,1,1,0,0,0,0,0
2126,191429,11,10,10030724,Oberfeldstraße,2019,1,9,6,3,5,2,0,0,1,0,0,0,0,1
2127,191430,11,1,1011204,Leipziger Straße,2019,1,11,6,3,2,7,0,0,1,0,0,0,0,0
2128,191431,11,8,8030829,Gropiusstadt Nord,2019,1,10,6,3,2,6,0,0,1,0,0,0,1,1
2129,191432,11,12,12214125,Waldidyll/Flughafensee,2019,1,12,6,3,5,3,0,0,1,0,0,0,1,0
2130,191433,11,1,1011104,Körnerstraße,2019,1,10,1,3,5,3,0,0,1,0,0,0,0,0
2131,191434,11,2,2040702,Weberwiese,2019,1,10,6,3,1,7,0,0,1,0,0,0,0,0
2132,191435,11,1,1022103,Westhafen,2019,1,7,5,3,5,2,2,1,1,0,0,0,0,1
2133,191436,11,1,1022206,Lüneburger Straße,2019,1,5,5,3,5,2,2,0,1,0,0,0,0,1
2134,191437,11,4,4030929,Hindemithplatz,2019,1,21,5,3,6,2,2,0,1,1,0,0,0,1
2135,191438,11,9,9041301,Kietzer Feld/Nachtheide,2019,1,20,5,2,3,6,2,1,1,0,0,0,0,1
2136,191439,11,7,7030301,Friedenau,2019,1,19,5,3,6,7,2,0,1,1,0,0,0,1
2137,191440,11,10,10010102,Havemannstraße,2019,1,19,5,3,6,3,2,0,1,1,0,0,0,1
2138,191441,11,11,11010205,Falkenberg West,2019,1,18,5,2,6,2,2,0,1,1,0,0,0,1
2139,191442,11,3,3010101,Bucher Forst,2019,1,18,7,3,4,6,2,0,1,0,0,0,0,1
2140,191443,11,1,1044203,Leopoldplatz,2019,1,19,5,3,2,6,2,0,1,0,0,0,0,1
2141,191444,11,1,1044201,Reinickendorfer Straße,2019,1,18,5,3,5,3,1,1,1,0,0,0,0,1
2142,191445,11,2,2010101,Askanischer Platz,2019,1,18,5,3,5,2,2,1,1,0,0,0,0,1
2143,191446,11,8,8010214,Glasower Straße,2019,1,18,5,3,5,7,2,0,1,0,1,0,0,1
2144,191447,11,9,9010301,Baumschulenstraße,2019,1,18,5,2,6,2,2,0,1,1,0,0,0,1
2145,191448,11,1,1011202,Unter den Linden Nord,2019,1,18,5,3,3,6,2,1,1,0,0,0,0,1
2146,191449,11,2,2040502,Friedenstraße,2019,1,18,5,2,0,2,2,0,1,0,0,0,1,1
2147,191450,11,4,4030622,Richard-Wagner-Straße,2019,1,13,5,3,6,2,0,0,1,1,0,0,0,0
2148,191451,11,1,1011301,Charitéviertel,2019,1,11,5,2,6,4,0,0,0,1,0,0,1,0
2149,191452,11,6,6020303,Lankwitz Kirche,2019,1,12,5,3,1,5,0,1,1,0,0,0,0,0
2150,191453,11,4,4051448,Schaperstraße,2019,1,14,5,2,5,7,0,0,1,0,0,0,0,0
2151,191454,11,4,4031032,Halensee,2019,1,18,7,3,1,5,2,1,1,0,0,0,1,0
2152,191455,11,6,6030504,Teltower Damm,2019,1,14,5,2,2,3,0,1,1,0,0,0,0,0
2153,191456,11,1,1022102,Beusselkiez,2019,1,15,5,3,1,5,0,1,1,0,0,0,0,1
2154,191457,11,7,7040404,Marienhöhe,2019,1,15,5,3,5,2,0,0,1,0,1,0,0,0
2155,191458,11,7,7070705,Franziusweg/Rohrbachstraße,2019,1,14,1,2,6,2,0,0,1,1,0,0,0,0
2156,191459,11,4,4051654,Wilhelmsaue,2019,1,16,5,2,6,2,0,0,1,1,0,0,0,0
2157,191460,11,7,7060601,Marienfelder Allee Nordwest,2019,1,16,5,3,0,2,1,0,1,0,0,0,1,0
2158,191461,11,4,4051448,Schaperstraße,2019,1,17,5,3,2,1,1,0,1,0,0,0,0,1
2159,191462,11,4,4041136,Hagenplatz,2019,1,17,5,3,1,5,1,0,1,0,0,0,0,1
2160,191463,11,9,9020701,Adlershof West,2019,1,17,5,2,2,6,1,0,1,0,1,0,0,1
2161,191464,11,8,8020619,Buschkrugallee Nord,2019,1,17,5,3,8,1,1,0,1,0,0,0,0,1
2162,191465,11,11,11010103,Dorf Falkenberg,2019,1,10,5,2,9,1,0,0,1,0,0,0,0,0
2163,191466,11,8,8041036,Zittauer Straße,2019,1,22,4,2,1,1,2,0,1,0,0,0,1,0
2164,191467,11,1,1033203,Humboldthain Nordwest,2019,1,21,4,2,6,4,2,1,0,1,0,0,0,0
2165,191468,11,1,1011302,Oranienburger Straße,2019,1,21,4,3,1,5,2,1,1,0,0,0,0,0
2166,191469,11,3,3061227,Humannplatz,2019,1,21,4,3,5,3,2,1,1,0,0,0,0,0
2167,191470,11,1,1022206,Lüneburger Straße,2019,1,17,4,3,2,6,2,0,1,0,0,0,0,0
2168,191471,11,5,5010339,Freiheit,2019,1,14,4,3,2,6,0,0,1,0,0,0,1,0
2169,191472,11,11,11030721,Rüdigerstraße,2019,1,15,4,3,5,2,0,0,1,0,0,0,0,0
2170,191473,11,12,12224230,Heiligensee,2019,1,14,4,3,2,3,0,1,1,0,0,0,0,0
2171,191474,11,4,4020313,Königin-Elisabeth-Straße,2019,1,13,4,3,5,3,0,0,1,0,0,0,0,0
2172,191475,11,5,5020626,Adamstraße,2019,1,13,4,3,5,3,0,0,1,0,0,0,1,0
2173,191476,11,4,4030623,Ernst-Reuter-Platz,2019,1,11,4,3,6,4,0,0,1,1,0,0,0,1
2174,191477,11,8,8010118,Silbersteinstraße,2019,1,10,4,3,6,4,0,0,1,1,0,0,0,1
2175,191478,11,3,3061227,Humannplatz,2019,1,7,4,3,5,3,1,1,1,0,0,0,0,1
2176,191479,11,7,7060601,Marienfelder Allee Nordwest,2019,1,12,4,3,6,2,0,0,1,1,0,0,0,0
2177,191480,11,6,6030503,Zehlendorf Mitte,2019,1,9,4,3,6,2,0,0,0,1,1,0,0,1
2178,191481,11,11,11020412,Hauptstraße,2019,1,7,4,3,5,2,1,0,1,0,0,1,0,1
2179,191482,11,7,7070701,Kettinger Straße/Schillerstraße,2019,1,17,7,3,5,2,2,1,0,0,0,0,1,0
2180,191483,11,3,3061228,Erich-Weinert-Straße,2019,1,7,4,3,6,4,1,0,1,1,0,0,0,1
2181,191484,11,10,10020517,Adele-Sandrock-Straße,2019,1,7,4,3,5,3,1,1,1,0,0,0,0,1
2182,191485,11,12,12103115,Breitkopfbecken,2019,1,8,4,3,5,2,0,0,1,0,0,0,0,1
2183,191486,11,4,4041344,Rüdesheimer Platz,2019,1,9,4,3,5,3,0,0,1,0,0,0,0,1
2184,191487,11,8,8010301,Reuterkiez,2019,1,15,4,3,6,2,0,0,0,1,0,0,1,0
2185,191488,11,1,1033102,Gesundbrunnen,2019,1,12,3,3,5,2,0,1,1,0,0,0,0,0
2186,191489,11,1,1011202,Unter den Linden Nord,2019,1,22,3,2,0,1,2,0,0,0,1,0,0,1
2187,191490,11,5,5010101,Hakenfelde Nord,2019,1,18,3,3,6,2,2,0,1,1,0,0,0,1
2188,191491,11,5,5020523,Maulbeerallee,2019,1,17,3,3,9,1,2,0,1,0,0,0,0,1
2189,191492,11,10,10010308,Marzahner Chaussee,2019,1,12,3,3,2,2,0,0,1,0,0,0,0,1
2190,191493,11,4,4020311,Reichsstraße,2019,1,20,3,3,0,3,2,0,0,0,1,0,1,1
2191,191494,11,7,7050502,Fritz-Werner-Straße,2019,1,17,7,3,5,2,1,0,1,0,0,0,0,0
2192,191495,11,7,7050502,Fritz-Werner-Straße,2019,1,20,3,3,5,3,2,0,1,0,0,0,1,0
2193,191496,11,4,4020207,Flatowallee,2019,1,16,3,3,0,1,2,0,0,0,1,0,0,1
2194,191497,11,10,10010310,Alt-Marzahn,2019,1,16,3,2,6,2,2,0,1,1,0,0,0,1
2195,191498,11,12,12214125,Waldidyll/Flughafensee,2019,1,16,3,3,0,5,0,0,1,0,1,0,0,1
2196,191499,11,4,4030931,Breitscheidplatz,2019,1,14,3,3,2,2,0,0,0,0,0,1,1,1
2197,191500,11,5,5030832,Rohrdamm,2019,1,14,3,3,0,2,0,0,1,0,0,0,1,1
2198,191501,11,12,12214527,Alt-Tegel,2019,1,14,3,3,1,5,0,0,1,0,0,0,0,1
2199,191502,11,3,3061435,Conrad-Blenkle-Straße,2019,1,13,3,3,5,3,0,0,1,0,0,0,0,1
2200,191503,11,8,8010303,Donaustraße,2019,1,10,3,3,0,7,0,0,1,0,0,0,0,1
2201,191504,11,2,2050801,Traveplatz,2019,1,10,3,3,5,3,1,1,1,0,0,0,0,1
2202,191505,11,3,3050923,Weißenseer Spitze,2019,1,10,3,3,1,5,0,1,1,0,0,0,0,1
2203,191506,11,3,3040614,Pankow Zentrum,2019,1,9,3,3,5,3,0,0,1,0,0,0,0,1
2204,191507,11,1,1011303,Alexanderplatzviertel,2019,1,5,3,3,5,2,2,0,0,0,0,0,1,0
2205,191508,11,2,2040703,Wriezener Bahnhof/Entwicklungsgebiet,2019,1,22,3,3,6,3,2,0,1,1,0,0,0,1
2206,191509,11,3,3061228,Erich-Weinert-Straße,2019,1,17,3,3,2,2,1,0,1,0,0,1,0,1
2207,191510,11,6,6020409,Königsberger Straße,2019,1,17,3,3,6,4,1,0,1,1,0,0,0,1
2208,191511,11,12,12302110,Dannenwalder Weg,2019,1,17,3,2,6,4,1,0,1,1,0,0,0,1
2209,191512,11,8,8010404,Rixdorf,2019,1,15,3,3,6,4,0,0,1,1,0,0,0,1
2210,191513,11,4,4020313,Königin-Elisabeth-Straße,2019,1,17,3,2,5,2,1,0,1,0,0,0,0,1
2211,191514,11,5,5010206,Gütersloher Weg,2019,1,17,3,3,6,2,2,0,1,1,0,0,0,1
2212,191515,11,1,1011204,Leipziger Straße,2019,1,18,3,3,6,7,1,0,1,1,0,0,0,1
2213,191516,11,4,4030931,Breitscheidplatz,2019,1,18,3,3,6,7,1,0,1,1,0,0,0,1
2214,191517,11,5,5030730,Zitadellenweg,2019,1,19,3,3,4,1,2,0,1,0,0,0,0,1
2215,191518,11,1,1011201,Wilhelmstraße,2019,1,22,3,3,6,2,2,0,1,1,0,0,0,1
2216,191519,11,8,8010303,Donaustraße,2019,1,23,3,3,6,4,2,0,1,1,0,0,0,1
2217,191520,11,9,9020701,Adlershof West,2019,1,23,3,3,5,2,2,1,1,0,0,0,0,1
2218,191521,11,1,1022104,Emdener Straße,2019,1,22,2,3,0,7,2,0,1,0,0,0,0,0
2219,191522,11,1,1011101,Stülerstraße,2019,1,21,2,3,5,2,2,1,1,0,0,0,0,0
2220,191523,11,4,4030726,Droysenstraße,2019,1,17,2,3,6,7,2,0,1,1,0,0,0,0
2221,191524,11,8,8041036,Zittauer Straße,2019,1,6,2,3,5,3,2,0,1,0,0,0,0,1
2222,191525,11,12,12301203,Wittenau Süd,2019,1,7,2,3,5,3,0,0,1,0,0,0,1,1
2223,191526,11,7,7060603,Marienfelde Nordost,2019,1,8,2,3,6,4,0,0,0,1,0,1,0,1
2224,191527,11,1,1011102,Großer Tiergarten,2019,1,9,2,3,6,4,0,1,0,1,0,0,0,1
2225,191528,11,7,7070701,Kettinger Straße/Schillerstraße,2019,1,9,2,2,5,2,0,0,1,0,0,0,1,0
2226,191529,11,6,6020305,Gemeindepark Lankwitz,2019,1,18,2,2,6,2,2,0,1,1,0,0,0,0
2227,191530,11,4,4051448,Schaperstraße,2019,1,17,2,3,2,6,2,0,1,0,0,0,0,1
2228,191531,11,7,7050501,Rathausstraße,2019,1,17,2,3,5,3,2,0,1,0,0,0,0,0
2229,191532,11,3,3061228,Erich-Weinert-Straße,2019,1,17,2,3,6,4,2,0,1,1,0,0,0,1
2230,191533,11,1,1011303,Alexanderplatzviertel,2019,1,20,2,3,6,7,2,0,1,1,0,0,0,0
2231,191534,11,8,8010404,Rixdorf,2019,1,17,2,3,6,4,2,0,1,1,0,0,0,1
2232,191535,11,7,7040403,Manteuffelstraße,2019,1,16,2,3,6,4,2,0,1,1,0,0,0,1
2233,191536,11,4,4030417,Schloßstraße,2019,1,16,7,2,5,2,1,0,1,0,0,0,0,0
2234,191537,11,9,9051901,Dammvorstadt,2019,1,16,2,3,6,4,0,0,1,1,0,0,0,2
2235,191538,11,9,9020702,Adlershof Ost,2019,1,16,2,3,5,3,0,0,1,0,0,0,0,1
2236,191539,11,7,7050501,Rathausstraße,2019,1,16,2,2,6,4,2,0,1,1,0,0,0,0
2237,191540,11,10,10010310,Alt-Marzahn,2019,1,14,2,3,5,3,0,0,1,0,0,0,0,1
2238,191541,11,4,4020209,Eichkamp,2019,1,15,2,3,6,4,0,0,1,1,0,0,0,0
2239,191542,11,3,3010102,Buch,2019,1,14,2,3,5,2,0,0,1,0,0,0,0,1
2240,191543,11,2,2030302,Lausitzer Platz,2019,1,13,2,3,0,6,0,0,1,0,1,0,0,1
2241,191544,11,5,5010313,Ackerstraße,2019,1,13,2,3,5,2,0,0,1,0,0,0,0,0
2242,191545,11,1,1011303,Alexanderplatzviertel,2019,1,14,7,2,0,3,0,0,1,0,0,0,1,0
2243,191546,11,8,8010212,Rollberg,2019,1,13,2,2,5,3,0,0,1,0,1,0,0,0
2244,191547,11,7,7070703,John-Locke-Straße,2019,1,11,2,3,5,2,0,1,1,0,0,0,0,0
2245,191548,11,6,6020305,Gemeindepark Lankwitz,2019,1,13,7,3,2,1,0,0,1,0,0,0,0,0
2246,191549,11,7,7030303,Grazer Platz,2019,1,11,2,3,5,2,0,0,1,0,0,0,1,0
2247,191550,11,5,5020626,Adamstraße,2019,1,7,2,3,0,5,1,0,1,0,0,0,0,0
2248,191551,11,3,3050925,Komponistenviertel Weißensee,2019,1,10,2,3,6,4,0,0,1,1,0,0,0,1
2249,191552,11,12,12302212,Rollbergesiedlung,2019,1,15,1,3,5,3,1,0,1,0,0,0,0,1
2250,191553,11,1,1011304,Karl-Marx-Allee,2019,1,22,1,3,5,3,2,1,0,0,0,0,1,1
2251,191554,11,11,11030721,Rüdigerstraße,2019,1,20,1,2,5,2,2,0,1,0,0,0,0,1
2252,191555,11,3,3040512,Wilhelmsruh,2019,1,19,1,3,5,3,2,0,1,0,0,0,1,1
2253,191556,11,8,8010404,Rixdorf,2019,1,18,1,2,6,4,2,0,1,1,0,0,1,1
2254,191557,11,4,4030726,Droysenstraße,2019,1,17,1,3,6,2,2,0,1,1,0,0,0,1
2255,191558,11,10,10020622,Kaulsdorf Nord I,2019,1,17,1,3,2,6,2,0,1,0,0,0,0,1
2256,191559,11,12,12301203,Wittenau Süd,2019,1,16,1,2,6,2,2,0,1,1,0,0,0,1
2257,191560,11,5,5010206,Gütersloher Weg,2019,1,13,1,3,2,6,0,0,1,0,0,0,0,1
2258,191561,11,1,1011105,Nördlicher Landwehrkanal,2019,1,14,1,3,5,5,0,1,1,0,0,0,0,1
2259,191562,11,2,2020204,Urbanstraße,2019,1,3,1,3,5,3,2,0,1,0,0,0,0,1
2260,191563,11,8,8041035,Blumenviertel,2019,1,3,1,3,5,7,2,0,1,0,0,0,0,1
2261,191564,11,6,6030608,Schweizer Viertel,2019,1,7,1,3,6,2,2,0,1,1,0,0,0,1
2262,191565,11,1,1044202,Sparrplatz,2019,1,7,1,3,2,2,2,0,1,0,0,0,0,1
2263,191566,11,5,5010339,Freiheit,2019,1,11,1,2,1,1,0,0,1,0,1,0,0,1
2264,191567,11,11,11051330,Karlshorst West,2019,1,12,1,3,5,3,0,0,1,0,0,0,0,1
2265,191568,11,4,4051445,Eisenzahnstraße,2019,1,1,1,3,5,3,2,0,1,0,0,0,1,1
2266,191569,11,9,9020601,Schnellerstraße,2019,1,9,7,3,6,2,0,0,1,1,0,0,0,0
2267,191570,11,7,7010102,Nollendorfplatz,2019,1,11,7,3,2,2,0,0,1,0,0,0,0,1
2268,191571,11,8,8020727,Buckow Mitte,2019,1,17,7,3,6,2,1,0,1,1,0,0,0,1
2269,191572,11,7,7040405,Rathaus Tempelhof,2019,1,18,7,3,5,3,2,0,1,0,0,0,0,1
2270,191573,11,10,10020415,Hellersdorfer Promenade,2019,1,18,7,3,6,2,2,0,1,1,0,0,0,1
2271,191574,11,7,7010102,Nollendorfplatz,2019,1,18,7,3,6,2,2,0,1,1,0,0,0,1
2272,191575,11,7,7060604,Marienfelde Süd,2019,1,17,7,3,3,5,2,0,1,0,0,0,0,1
2273,191576,11,4,4030828,Savignyplatz,2019,1,17,7,3,6,2,2,0,1,1,0,0,0,1
2274,191577,11,7,7010102,Nollendorfplatz,2019,1,17,7,3,6,2,2,0,1,1,0,0,0,1
2275,191578,11,5,5020625,Borkumer Straße,2019,1,16,7,3,2,6,1,0,1,0,0,0,0,1
2276,191579,11,1,1033102,Gesundbrunnen,2019,1,15,7,3,2,6,1,0,1,0,0,0,0,1
2277,191580,11,1,1011204,Leipziger Straße,2019,1,14,7,3,5,3,0,0,1,0,0,0,0,1
2278,191581,11,3,3020209,Niederschönhausen,2019,1,11,7,3,5,3,0,0,1,0,0,0,0,1
2279,191582,11,5,5020625,Borkumer Straße,2019,1,11,7,3,2,6,0,0,1,0,0,0,1,1
2280,191583,11,8,8030829,Gropiusstadt Nord,2019,1,20,7,3,6,4,2,0,1,1,0,0,0,1
2281,191584,11,1,3040614,Pankow Zentrum,2019,1,21,7,3,2,1,2,0,1,0,0,0,0,1
2282,191585,11,11,11051331,Karlshorst Nord,2019,1,23,7,3,6,4,2,0,1,1,0,0,0,1
2283,191586,11,1,1022106,Elberfelder Straße,2019,1,23,7,2,0,4,2,0,0,1,1,0,0,1
2284,191587,11,9,9041501,Altstadt Kietz,2019,1,13,6,3,0,3,0,0,1,0,0,0,1,0
2285,191588,11,10,10010310,Alt-Marzahn,2019,1,19,7,3,6,2,2,0,1,1,0,0,0,1