,object id,city,district,sub district key,street,year,month,hour of day,weekday,category,accident type,accident type 2,light situation,bike involved,car involved,pedestrian involved,motor bike involved,big track involved,other vehicle involved,road condition
2286,191589,11,1,1011304,Karl-Marx-Allee,2019,1,19,7,3,8,1,2,0,0,0,1,0,0,1
2287,191590,11,11,11020412,Hauptstraße,2019,1,17,7,2,0,7,2,1,0,0,0,0,0,1
2288,191591,11,4,4041135,Hundekehle,2019,1,13,7,3,0,1,0,0,0,0,1,0,0,1
2289,191592,11,6,6030504,Teltower Damm,2019,1,18,7,1,6,4,2,0,1,1,0,0,1,1
2290,191593,11,6,6010210,Bismarckstraße,2019,1,17,6,3,0,7,1,0,1,0,1,0,0,1
2291,191594,11,5,5020626,Adamstraße,2019,1,18,6,3,5,5,2,0,1,0,1,0,0,1
2292,191595,11,6,6020305,Gemeindepark Lankwitz,2019,1,17,6,3,0,4,1,0,1,1,0,0,0,1
2293,191596,11,2,2040503,Richard-Sorge-Viertel,2019,1,15,6,3,4,6,0,1,1,0,0,0,0,1
2294,191597,11,4,4030623,Ernst-Reuter-Platz,2019,1,20,6,2,5,3,2,0,1,0,0,0,0,1
2295,191598,11,3,3061228,Erich-Weinert-Straße,2019,1,18,7,3,0,1,2,0,0,0,1,0,0,1
2296,191599,11,8,8010301,Reuterkiez,2019,1,19,6,3,5,3,2,0,1,0,0,0,0,1
2297,191600,11,2,2010102,Mehringplatz,2019,1,19,6,3,1,5,2,1,1,0,0,0,0,1
2298,191601,11,4,4041241,Breite Straße,2019,1,17,6,2,6,2,2,0,1,1,0,0,0,1
2299,191602,11,4,4030726,Droysenstraße,2019,1,17,6,3,6,2,2,0,0,1,0,0,1,1
2300,191603,11,10,10040830,Kaulsdorf Süd,2019,1,16,6,3,6,2,2,0,1,1,0,0,0,1
2301,191604,11,1,1011202,Unter den Linden Nord,2019,1,15,6,3,5,3,1,1,1,0,0,0,0,1
2302,191605,11,12,12214527,Alt-Tegel,2019,1,15,6,3,2,6,0,0,1,0,0,0,0,1
2303,191606,11,2,2050801,Traveplatz,2019,1,14,6,2,6,4,0,1,0,1,0,0,0,1
2304,191607,11,4,4030929,Hindemithplatz,2019,1,14,6,3,5,2,0,1,1,0,0,0,0,1
2305,191608,11,9,9020701,Adlershof West,2019,1,14,6,3,5,3,0,0,1,0,0,0,0,1
2306,191609,11,12,12304314,Ziekowstraße/Freie Scholle,2019,1,9,1,3,1,5,0,0,1,0,0,0,1,0
2307,191610,11,2,2010103,Moritzplatz,2019,1,14,6,3,5,7,0,1,1,0,0,0,0,1
2308,191611,11,11,11051331,Karlshorst Nord,2019,1,2,7,2,5,3,2,0,1,0,0,0,1,0
2309,191612,11,4,4020311,Reichsstraße,2019,1,13,6,3,6,3,0,0,1,1,0,0,0,1
2310,191613,11,11,11041128,Sewanstraße,2019,1,13,6,3,5,3,0,1,1,0,0,0,0,1
2311,191614,11,7,7020202,Volkspark (Rudolf-Wilde-Park),2019,1,11,6,3,6,4,0,0,1,1,0,0,0,1
2312,191615,11,5,5010312,Kurstraße,2019,1,13,1,3,5,2,0,0,1,0,0,0,0,0
2313,191616,11,7,7010104,Dennewitzplatz,2019,1,11,6,3,5,3,0,0,1,0,0,0,0,1
2314,191617,11,7,7040403,Manteuffelstraße,2019,1,10,6,3,5,2,0,0,1,0,0,0,0,1
2315,191618,11,11,11041128,Sewanstraße,2019,1,13,7,3,2,6,0,0,1,0,0,0,0,1
2316,191619,11,7,7010104,Dennewitzplatz,2019,1,10,6,3,5,3,0,1,1,0,0,0,0,1
2317,191620,11,12,12214527,Alt-Tegel,2019,1,10,6,2,5,7,0,0,1,1,0,0,0,1
2318,191621,11,4,4030415,Schloßgarten,2019,1,9,6,3,2,6,0,0,1,0,0,0,0,1
2319,191622,11,3,3061430,Volkspark Prenzlauer Berg,2019,1,8,6,3,0,7,0,1,0,0,0,0,0,1
2320,191623,11,10,10040933,Mahlsdorf Süd,2019,1,8,6,3,6,4,0,0,1,1,0,0,0,1
2321,191624,11,9,9030901,Dorf Altglienicke,2019,1,8,6,3,1,5,1,0,1,0,0,0,0,1
2322,191625,11,2,2030401,Reichenberger Straße,2019,1,14,6,2,0,3,0,0,1,0,0,0,1,1
2323,191626,11,12,12103220,Humboldtstraße,2019,1,0,7,3,6,4,2,0,1,1,0,0,0,2
2324,191627,11,9,9051901,Dammvorstadt,2019,1,7,6,3,5,2,2,1,1,0,0,0,0,1
2325,191628,11,9,9041501,Altstadt Kietz,2019,1,13,6,3,2,7,0,0,1,0,0,0,1,1
2326,191629,11,7,7060604,Marienfelde Süd,2019,1,17,5,3,1,7,1,0,1,0,0,0,0,0
2327,191630,11,7,7070703,John-Locke-Straße,2019,1,15,5,3,1,5,0,1,1,0,0,0,0,1
2328,191631,11,5,5020626,Adamstraße,2019,1,9,5,2,4,7,0,0,1,0,0,0,1,0
2329,191632,11,5,5040935,Groß-Glienicker Weg,2019,1,8,5,3,5,3,0,1,1,0,0,0,0,0
2330,191633,11,8,8010211,Flughafenstraße,2019,1,8,5,2,0,7,0,0,1,0,0,0,1,1
2331,191634,11,7,7030301,Friedenau,2019,1,7,5,2,6,4,0,0,1,1,0,0,0,1
2332,191635,11,5,5020626,Adamstraße,2019,1,7,7,3,2,6,1,0,1,0,0,0,0,0
2333,191636,11,11,11010309,Zingster Straße West,2019,1,7,5,2,6,4,1,0,1,1,0,0,0,1
2334,191637,11,7,7050505,Hundsteinweg,2019,1,7,5,3,6,2,2,0,1,1,0,0,0,1
2335,191638,11,1,1044201,Reinickendorfer Straße,2019,1,7,5,2,6,4,2,0,1,1,0,0,0,1
2336,191639,11,1,1011203,Unter den Linden Süd,2019,1,13,7,3,0,7,0,0,1,0,0,0,1,0
2337,191640,11,11,11010207,Wartenberg Nord,2019,1,16,5,2,0,6,2,0,1,0,0,0,1,0
2338,191641,11,8,8020620,Tempelhofer Weg,2019,1,19,5,3,5,3,2,0,1,0,0,0,0,0
2339,191642,11,9,9051901,Dammvorstadt,2019,1,15,7,2,6,2,0,0,1,1,0,0,0,0
2340,191643,11,11,11030721,Rüdigerstraße,2019,1,19,5,3,4,5,2,0,1,0,0,0,0,0
2341,191644,11,2,2050802,Boxhagener Platz,2019,1,13,7,3,5,2,0,1,1,0,0,0,0,0
2342,191645,11,7,7070704,Nahariyastraße,2019,1,10,7,2,5,3,0,0,1,0,0,0,0,0
2343,191646,11,3,3030715,Heinersdorf,2019,1,16,5,3,2,6,1,0,1,0,0,0,1,0
2344,191647,11,2,2040703,Wriezener Bahnhof/Entwicklungsgebiet,2019,1,16,5,3,5,3,2,1,1,0,0,0,0,0
2345,191648,11,8,8041040,Waltersdorfer Chaussee Ost,2019,1,14,5,3,1,5,0,0,1,0,0,0,0,0
2346,191649,11,12,12214424,Scharnweberstraße,2019,1,9,7,3,2,6,0,0,1,0,0,1,0,1
2347,191650,11,4,4030931,Breitscheidplatz,2019,1,14,5,3,1,5,0,1,1,0,0,0,0,1
2348,191651,11,11,11051330,Karlshorst West,2019,1,9,7,3,4,6,0,1,1,0,0,0,1,0
2349,191652,11,1,1044201,Reinickendorfer Straße,2019,1,14,5,3,2,6,0,0,1,0,0,0,0,0
2350,191653,11,7,7020202,Volkspark (Rudolf-Wilde-Park),2019,1,14,5,3,6,4,0,1,0,1,0,0,0,0
2351,191654,11,12,12301203,Wittenau Süd,2019,1,20,7,2,6,2,2,0,1,1,0,0,0,0
2352,191655,11,8,8010213,Körnerpark,2019,1,13,5,3,5,3,0,1,1,0,0,0,0,0
2353,191656,11,8,8020622,Parchimer Allee,2019,1,13,5,3,5,3,0,0,1,0,0,0,0,0
2354,191657,11,2,2050602,Samariterviertel,2019,1,12,5,3,1,5,0,1,1,0,0,0,0,0
2355,191658,11,12,12103220,Humboldtstraße,2019,1,12,5,3,2,2,0,0,1,0,0,0,0,0
2356,191659,11,7,7020201,Bayerischer Platz,2019,1,10,5,3,5,2,0,0,1,0,0,0,0,0
2357,191660,11,3,3061227,Humannplatz,2019,1,16,5,3,6,7,2,1,0,1,0,0,0,0
2358,191661,11,12,12214125,Waldidyll/Flughafensee,2019,1,21,6,3,2,6,2,0,1,0,0,0,0,1
2359,191662,11,10,10010310,Alt-Marzahn,2019,1,14,5,2,6,4,0,0,0,1,0,0,1,0
2360,191663,11,10,10040828,Kaulsdorf Nord,2019,1,16,5,2,5,2,1,1,1,0,0,0,0,0
2361,191664,11,12,12214125,Waldidyll/Flughafensee,2019,1,20,6,2,6,2,2,0,1,1,0,0,0,1
2362,191665,11,2,2020206,Graefekiez,2019,1,22,5,2,6,4,2,0,1,1,0,0,0,0
2363,191666,11,3,3040818,Pankow Süd,2019,1,20,5,3,5,3,2,1,1,0,0,0,0,0
2364,191667,11,8,8020619,Buschkrugallee Nord,2019,1,11,4,3,2,6,0,0,0,0,0,1,1,1
2365,191668,11,6,6010205,Südende,2019,1,17,4,3,2,6,1,0,1,0,0,0,0,1
2366,191669,11,2,2020204,Urbanstraße,2019,1,20,4,3,5,3,2,0,1,0,1,0,0,1
2367,191670,11,1,1011303,Alexanderplatzviertel,2019,1,20,4,3,2,6,2,0,1,0,0,0,0,1
2368,191671,11,6,6020302,Komponistenviertel Lankwitz,2019,1,19,4,3,5,3,2,1,1,0,0,0,0,1
2369,191672,11,4,4030931,Breitscheidplatz,2019,1,10,4,3,1,5,1,1,1,0,0,0,0,1
2370,191673,11,1,1044201,Reinickendorfer Straße,2019,1,20,7,3,2,6,2,0,1,0,0,0,0,0
2371,191674,11,2,2050801,Traveplatz,2019,1,8,4,3,3,6,0,1,0,0,0,0,1,1
2372,191675,11,6,6030501,Berlepschstraße,2019,1,16,4,3,5,3,2,1,1,0,0,0,0,1
2373,191676,11,5,5010313,Ackerstraße,2019,1,16,4,3,0,2,1,1,1,0,0,0,0,1
2374,191677,11,2,2040701,Andreasviertel,2019,1,18,4,3,5,3,2,0,1,0,0,0,0,1
2375,191678,11,3,3040818,Pankow Süd,2019,1,10,1,3,5,3,0,0,1,0,0,0,0,0
2376,191679,11,7,7040404,Marienhöhe,2019,1,13,4,3,1,5,0,1,1,0,0,0,0,0
2377,191680,11,3,3050925,Komponistenviertel Weißensee,2019,1,18,4,3,2,2,2,0,1,0,0,0,0,0
2378,191681,11,11,11030720,Herzbergstraße,2019,1,18,4,3,2,6,2,0,1,0,0,0,0,0
2379,191682,11,1,1033101,Soldiner Straße,2019,1,18,4,3,6,4,2,0,1,1,0,0,0,0
2380,191683,11,11,11051330,Karlshorst West,2019,1,7,4,3,2,6,0,0,1,0,0,0,0,2
2381,191684,11,6,6010209,Feuerbachstraße,2019,1,17,4,2,6,4,0,0,1,1,0,0,0,0
2382,191685,11,3,3071537,Kollwitzplatz,2019,1,18,5,3,2,2,1,0,1,0,0,0,0,0
2383,191686,11,12,12103117,Letteplatz,2019,1,7,4,3,6,4,0,0,1,1,0,0,0,0
2384,191687,11,1,1044202,Sparrplatz,2019,1,6,4,3,5,2,1,1,1,0,0,0,0,0
2385,191688,11,4,4051445,Eisenzahnstraße,2019,1,8,4,3,6,4,0,0,1,1,0,0,0,0
2386,191689,11,4,4051652,Nikolsburger Platz,2019,1,8,4,3,6,4,0,0,1,1,0,0,0,0
2387,191690,11,1,1033101,Soldiner Straße,2019,1,8,4,3,1,5,0,1,1,0,0,0,0,0
2388,191691,11,3,3020307,Buchholz,2019,1,9,4,3,6,2,0,0,1,1,0,0,0,0
2389,191692,11,7,7020201,Bayerischer Platz,2019,1,11,4,3,5,2,0,1,1,0,0,0,0,1
2390,191693,11,1,1011303,Alexanderplatzviertel,2019,1,11,4,3,5,2,0,1,1,0,0,0,0,0
2391,191694,11,2,2010103,Moritzplatz,2019,1,11,4,3,0,3,0,0,1,0,0,0,1,0
2392,191695,11,7,7010101,Wittenbergplatz/Viktoria-Luise-Platz,2019,1,15,5,3,5,2,0,1,1,0,0,0,0,0
2393,191696,11,10,10010207,Marzahner Promenade,2019,1,12,4,3,6,4,0,0,1,1,0,0,0,0
2394,191697,11,8,8020727,Buckow Mitte,2019,1,12,4,3,6,3,0,0,1,1,0,0,0,0
2395,191698,11,10,10040933,Mahlsdorf Süd,2019,1,17,4,3,6,2,2,0,1,1,0,0,0,0
2396,191699,11,9,9020501,Oberschöneweide West,2019,1,12,4,3,5,7,0,0,1,0,0,0,1,0
2397,191700,11,5,5010206,Gütersloher Weg,2019,1,18,5,3,6,2,2,0,0,1,0,0,1,0
2398,191701,11,1,1044203,Leopoldplatz,2019,1,17,4,3,6,4,2,1,0,1,0,0,0,1
2399,191702,11,12,12103219,Schäfersee,2019,1,15,4,3,2,6,0,0,1,0,0,0,0,0
2400,191703,11,3,3071537,Kollwitzplatz,2019,1,8,4,3,5,3,0,0,1,0,1,0,0,0
2401,191704,11,2,2030302,Lausitzer Platz,2019,1,19,3,2,6,4,2,0,1,1,0,0,0,0
2402,191705,11,9,9051801,Rahnsdorf/Hessenwinkel,2019,1,17,3,3,4,3,2,0,1,0,0,0,0,0
2403,191706,11,1,1022104,Emdener Straße,2019,2,11,6,1,6,2,0,0,0,1,0,0,1,1
2404,191707,11,5,5010208,Germersheimer Platz,2019,1,18,3,3,2,6,2,0,1,0,0,0,0,1
2405,191708,11,8,8010118,Silbersteinstraße,2019,1,18,3,3,2,6,2,0,1,0,0,0,0,0
2406,191709,11,11,11030721,Rüdigerstraße,2019,1,16,3,2,6,4,0,0,1,1,0,0,0,1
2407,191710,11,1,1022106,Elberfelder Straße,2019,1,16,4,3,6,4,0,1,0,1,0,0,0,0
2408,191711,11,8,8030829,Gropiusstadt Nord,2019,1,17,3,3,3,6,2,0,1,0,0,0,0,1
2409,191712,11,6,6010102,Schloßstraße,2019,1,16,3,2,6,4,1,0,1,1,0,0,0,0
2410,191713,11,2,2050801,Traveplatz,2019,1,16,3,3,1,5,2,1,1,0,0,0,0,0
2411,191714,11,1,1011305,Heine-Viertel West,2019,1,16,3,3,2,6,2,1,1,0,0,0,0,0
2412,191715,11,1,1033203,Humboldthain Nordwest,2019,1,16,3,3,5,2,2,0,1,0,0,0,0,1
2413,191716,11,6,6030610,Lichterfelde West,2019,1,16,3,2,6,4,0,0,1,1,0,0,0,0
2414,191717,11,1,1011204,Leipziger Straße,2019,1,16,3,3,5,3,1,1,1,0,0,0,0,1
2415,191718,11,7,7040403,Manteuffelstraße,2019,1,9,5,3,5,3,0,0,1,0,0,0,0,1
2416,191719,11,2,2010102,Mehringplatz,2019,1,16,3,3,6,4,0,0,1,1,0,0,0,1
2417,191720,11,6,6020303,Lankwitz Kirche,2019,1,15,3,3,5,7,0,0,1,0,0,0,0,1
2418,191721,11,4,4051655,Babelsberger Straße,2019,1,18,4,3,2,2,2,0,1,0,0,0,0,0
2419,191722,11,1,1022104,Emdener Straße,2019,1,7,3,3,0,5,0,1,0,0,0,0,0,2
2420,191723,11,11,11020514,Große-Leege-Straße,2019,1,20,3,2,0,1,2,1,0,0,0,0,0,1
2421,191724,11,1,1044203,Leopoldplatz,2019,1,15,3,3,5,3,1,1,1,0,0,0,0,0
2422,191725,11,4,4020310,Park Ruhwald,2019,1,14,3,3,2,6,0,0,1,0,0,0,0,0
2423,191726,11,12,12304314,Ziekowstraße/Freie Scholle,2019,1,13,3,3,2,6,0,0,1,0,0,0,0,0
2424,191727,11,5,5030731,Gartenfelder Straße,2019,1,13,3,3,6,4,0,0,1,1,0,0,0,0
2425,191728,11,12,12214125,Waldidyll/Flughafensee,2019,1,6,5,3,3,6,2,0,1,0,0,0,1,0
2426,191729,11,4,4030620,Alt-Lietzow,2019,1,13,3,3,0,3,0,0,1,0,1,0,0,0
2427,191730,11,2,2010102,Mehringplatz,2019,1,22,3,3,5,7,2,0,1,0,0,0,0,0
2428,191731,11,6,6030610,Lichterfelde West,2019,1,22,3,3,5,2,2,0,1,0,0,0,0,0
2429,191732,11,12,12231101,Hermsdorf,2019,1,11,5,3,6,2,0,0,0,1,0,1,0,0
2430,191733,11,4,4051652,Nikolsburger Platz,2019,1,10,3,3,2,6,0,1,1,0,0,0,0,1
2431,191734,11,1,1044101,Rehberge,2019,1,8,3,3,1,5,0,1,0,0,0,1,0,1
2432,191735,11,1,1011304,Karl-Marx-Allee,2019,1,8,3,3,5,2,0,1,0,0,0,0,1,1
2433,191736,11,8,8030830,Gropiusstadt Süd,2019,1,13,4,3,5,3,0,1,1,0,0,0,0,0
2434,191737,11,8,8010404,Rixdorf,2019,1,7,3,3,6,2,0,0,1,1,0,0,0,1
2435,191738,11,10,10010311,Landsberger Tor,2019,1,6,3,2,6,4,1,0,1,1,0,0,0,1
2436,191739,11,11,11010310,Mühlengrund,2019,1,2,3,3,6,4,2,0,1,1,0,0,0,1
2437,191740,11,1,1011306,Heine-Viertel Ost,2019,1,9,3,3,1,5,0,1,1,0,0,0,0,0
2438,191741,11,4,4030623,Ernst-Reuter-Platz,2019,1,21,2,3,5,3,2,0,1,0,0,0,0,0
2439,191742,11,7,7030303,Grazer Platz,2019,1,11,2,3,5,2,0,1,1,0,0,0,0,1
2440,191743,11,6,6030606,Hindenburgdamm,2019,1,18,5,3,1,5,2,1,1,0,0,0,0,0
2441,191744,11,5,5030832,Rohrdamm,2019,1,20,2,3,6,7,2,0,1,1,0,0,0,1
2442,191745,11,3,3010102,Buch,2019,1,17,2,3,2,6,1,1,0,0,0,0,1,1
2443,191746,11,10,10040931,Mahlsdorf Nord,2019,1,20,2,2,5,3,2,0,1,0,0,0,0,1
2444,191747,11,8,8010301,Reuterkiez,2019,1,18,2,2,6,2,2,0,1,1,0,0,0,1
2445,191748,11,7,8020726,Buckow West,2019,1,17,2,3,6,2,2,0,1,1,0,0,0,1
2446,191749,11,6,6010209,Feuerbachstraße,2019,1,17,2,2,6,4,2,0,1,1,0,0,0,1
2447,191750,11,6,6030610,Lichterfelde West,2019,1,17,2,3,2,2,2,0,1,0,0,0,0,1
2448,191751,11,7,7050502,Fritz-Werner-Straße,2019,1,16,2,2,5,3,1,0,1,0,1,0,0,1
2449,191752,11,7,7010104,Dennewitzplatz,2019,1,8,2,3,0,1,0,1,0,0,0,0,0,2
2450,191753,11,8,8020625,Handwerker-Siedlung,2019,1,15,2,3,5,3,1,1,1,0,0,0,0,1
2451,191754,11,4,4010102,Plötzensee,2019,1,8,2,3,2,6,0,0,1,0,0,0,0,1
2452,191755,11,5,5010101,Hakenfelde Nord,2019,1,15,2,2,5,3,0,0,1,0,0,0,0,1
2453,191756,11,8,8041035,Blumenviertel,2019,1,16,5,3,5,3,1,1,1,0,0,0,0,0
2454,191757,11,6,6040805,Fischerhüttenstraße,2019,1,9,2,3,1,1,0,0,1,0,0,0,1,2
2455,191758,11,10,10020412,Alte Hellersdorfer Straße,2019,1,20,2,3,5,3,2,0,1,0,0,0,0,1
2456,191759,11,6,6020303,Lankwitz Kirche,2019,1,15,2,3,5,2,0,0,1,0,1,0,0,0
2457,191760,11,9,9020502,Oberschöneweide Ost,2019,1,13,2,3,5,3,0,1,1,0,0,0,0,1
2458,191761,11,6,6040804,Krumme Lanke,2019,1,8,2,3,0,1,0,1,0,0,0,0,0,2
2459,191762,11,8,8041037,Alt-Rudow,2019,1,8,5,3,3,6,0,0,1,0,0,1,0,0
2460,191763,11,1,1033203,Humboldthain Nordwest,2019,1,13,2,3,2,6,0,0,1,0,0,0,1,0
2461,191764,11,4,4020314,Messegelände,2019,1,8,2,3,0,1,0,1,0,0,0,0,0,2
2462,191765,11,4,4030415,Schloßgarten,2019,1,6,2,2,6,2,2,0,1,1,0,0,0,1
2463,191766,11,6,6020302,Komponistenviertel Lankwitz,2019,2,13,6,3,2,6,0,0,1,0,0,0,0,0
2464,191767,11,9,9020702,Adlershof Ost,2019,1,6,2,2,6,2,2,0,1,1,0,0,0,1
2465,191768,11,1,1044103,Westliche Müllerstraße,2019,1,19,2,3,6,2,2,0,1,1,0,0,0,0
2466,191769,11,10,10040933,Mahlsdorf Süd,2019,1,13,2,3,5,2,0,0,1,0,0,0,0,0
2467,191770,11,4,4051549,Rathaus Wilmersdorf,2019,1,9,4,3,5,2,0,0,1,0,0,0,0,0
2468,191771,11,5,5030833,Motardstraße,2019,1,6,2,2,5,3,2,1,1,0,0,0,0,1
2469,191772,11,10,10010309,Springpfuhl,2019,1,19,2,2,6,4,2,0,1,1,0,0,0,1
2470,191773,11,10,10030727,Biesdorf Süd,2019,1,12,2,2,5,2,0,0,1,0,1,0,0,0
2471,191774,11,8,8010510,Gewerbegebiet Köllnische Heide,2019,1,5,2,3,5,7,2,1,0,0,0,0,1,1
2472,191775,11,4,4030725,Amtsgerichtsplatz,2019,1,19,2,3,5,3,2,0,1,0,0,0,0,1
2473,191776,11,4,4010101,Jungfernheide,2019,1,9,5,3,0,2,0,1,1,0,0,0,0,1
2474,191777,11,1,1044101,Rehberge,2019,1,5,2,3,6,2,2,0,1,1,0,0,0,1
2475,191778,11,12,12103218,Teichstraße,2019,1,19,2,3,6,2,2,0,1,1,0,0,0,1
2476,191779,11,4,4030929,Hindemithplatz,2019,1,14,4,3,5,7,0,0,1,0,0,0,1,1
2477,191780,11,1,1044101,Rehberge,2019,1,10,2,3,1,5,0,0,1,0,0,0,0,1
2478,191781,11,11,11040925,Victoriastadt,2019,1,18,2,3,2,2,2,0,1,0,0,0,0,1
2479,191782,11,3,3040818,Pankow Süd,2019,1,10,2,3,5,3,0,1,1,0,0,0,0,1
2480,191783,11,8,8010211,Flughafenstraße,2019,1,22,4,3,5,7,2,0,1,0,0,0,1,0
2481,191784,11,6,6030504,Teltower Damm,2019,1,10,2,3,0,3,0,1,1,0,0,0,0,2
2482,191785,11,6,6010206,Stadtpark,2019,1,18,2,2,6,2,2,0,1,1,0,0,0,1
2483,191786,11,5,5030832,Rohrdamm,2019,1,9,2,3,0,5,0,1,1,0,0,0,0,2
2484,191787,11,7,7050501,Rathausstraße,2019,1,9,2,3,2,2,0,0,1,0,0,0,0,1
2485,191788,11,1,1033202,Humboldthain Süd,2019,1,18,2,2,5,3,2,1,1,0,0,0,0,1
2486,191789,11,12,12231102,Frohnau,2019,1,8,2,3,0,1,0,1,0,0,0,0,0,2
2487,191790,11,7,7030301,Friedenau,2019,1,13,5,3,1,5,0,1,1,0,0,0,0,0
2488,191791,11,9,9051801,Rahnsdorf/Hessenwinkel,2019,1,9,2,2,0,1,0,1,0,0,0,0,0,2
2489,191792,11,4,4030726,Droysenstraße,2019,1,11,2,3,6,2,0,0,0,1,0,0,1,0
2490,191793,11,1,1022203,Lübecker Straße,2019,1,2,1,3,1,7,2,0,1,0,0,0,0,1
2491,191794,11,1,1011302,Oranienburger Straße,2019,1,11,1,3,6,7,0,0,1,1,0,0,0,1
2492,191795,11,5,5010101,Hakenfelde Nord,2019,1,19,1,3,6,2,2,0,1,1,0,0,0,1
2493,191796,11,5,5030730,Zitadellenweg,2019,1,19,1,3,2,6,2,0,1,0,0,0,0,1
2494,191797,11,5,5010314,Carl-Schurz-Straße,2019,1,20,1,3,6,4,2,0,1,1,0,0,0,0
2495,191798,11,8,8010212,Rollberg,2019,1,11,1,3,5,3,0,0,1,0,0,0,0,1
2496,191799,11,4,4030726,Droysenstraße,2019,1,8,1,2,1,1,0,0,1,0,0,0,0,1
2497,191800,11,1,1044201,Reinickendorfer Straße,2019,1,4,1,3,5,3,2,0,1,0,0,0,1,0
2498,191801,11,8,8010301,Reuterkiez,2019,1,18,1,3,2,6,2,0,1,0,0,0,0,1
2499,191802,11,4,4030620,Alt-Lietzow,2019,1,18,1,2,6,2,2,0,1,1,0,0,0,1
2500,191803,11,3,3020307,Buchholz,2019,1,5,5,3,0,6,2,0,1,0,0,0,1,1
2501,191804,11,1,1011102,Großer Tiergarten,2019,1,18,1,3,2,6,2,0,1,0,0,0,0,1
2502,191805,11,7,7050505,Hundsteinweg,2019,1,18,1,2,6,4,2,0,1,1,0,0,0,1
2503,191806,11,5,5010103,Amorbacher Weg,2019,1,17,1,3,5,3,2,0,1,0,0,0,0,1
2504,191807,11,6,6030504,Teltower Damm,2019,1,16,1,3,5,2,2,1,1,0,0,0,0,1
2505,191808,11,6,6030608,Schweizer Viertel,2019,1,15,1,3,4,6,0,1,1,0,0,0,0,1
2506,191809,11,12,12214528,Tegeler Forst,2019,1,21,7,3,4,6,2,0,1,0,0,0,0,1
2507,191810,11,4,4051446,Preußenpark,2019,1,22,7,2,6,4,2,0,1,1,0,0,0,1
2508,191811,11,7,7070701,Kettinger Straße/Schillerstraße,2019,1,14,7,2,0,7,0,0,1,0,0,0,0,1
2509,191812,11,11,11010310,Mühlengrund,2019,1,13,7,3,6,4,0,0,0,1,0,0,1,2
2510,191813,11,1,1011305,Heine-Viertel West,2019,1,15,5,3,5,7,0,1,0,0,0,0,1,0
2511,191814,11,12,12103117,Letteplatz,2019,1,13,7,3,5,3,0,0,1,0,0,0,0,1
2512,191815,11,8,8020727,Buckow Mitte,2019,1,12,7,3,6,4,0,0,1,1,0,0,0,1
2513,191816,11,9,9010202,Köpenicker Landstraße,2019,1,11,7,2,4,6,0,0,1,0,0,0,0,1
2514,191817,11,1,1011302,Oranienburger Straße,2019,1,19,5,3,1,5,2,1,1,0,0,0,0,0
2515,191818,11,3,3040818,Pankow Süd,2019,1,11,7,3,5,3,0,0,1,0,0,0,0,1
2516,191819,11,7,7050503,Eisenacher Straße,2019,1,10,7,2,1,5,0,0,1,0,0,0,0,1
2517,191820,11,1,1044201,Reinickendorfer Straße,2019,1,8,7,3,2,6,0,0,1,0,0,0,0,1
2518,191821,11,5,5010208,Germersheimer Platz,2019,1,22,7,3,6,7,2,0,1,1,0,0,0,1
2519,191822,11,2,2040703,Wriezener Bahnhof/Entwicklungsgebiet,2019,1,21,7,3,5,7,2,0,1,0,0,0,0,1
2520,191823,11,4,4030726,Droysenstraße,2019,1,20,7,3,6,7,2,0,1,1,0,0,0,1
2521,191824,11,8,8010117,Schillerpromenade,2019,2,22,6,3,4,5,2,1,0,0,0,0,1,0
2522,191825,11,6,6040810,Dahlem,2019,1,20,7,3,6,2,2,0,1,1,0,0,0,1
2523,191826,11,4,4031032,Halensee,2019,1,17,7,3,0,3,1,1,1,0,0,0,0,1
2524,191827,11,3,3010104,Lietzengraben,2019,1,4,7,3,9,1,2,0,1,0,0,0,0,2
2525,191828,11,2,2020202,Rathaus Yorckstraße,2019,1,12,4,3,5,3,0,1,1,0,0,0,0,0
2526,191829,11,9,9010402,Johannisthal Ost,2019,1,18,7,3,6,2,2,0,1,1,0,0,0,1
2527,191830,11,3,3040614,Pankow Zentrum,2019,1,17,7,3,5,3,1,0,1,0,0,0,0,1
2528,191831,11,1,1011204,Leipziger Straße,2019,1,17,7,3,5,2,1,0,1,0,0,0,0,1
2529,191832,11,7,7040403,Manteuffelstraße,2019,1,17,7,2,5,3,1,1,1,0,0,0,0,1
2530,191833,11,6,6020304,Kaiser-Wilhelm-Straße,2019,1,0,7,3,1,5,2,0,0,0,1,1,0,1
2531,191834,11,4,4030931,Breitscheidplatz,2019,1,12,5,3,5,3,0,0,1,0,0,0,0,0
2532,191835,11,9,9041501,Altstadt Kietz,2019,1,17,7,3,6,4,1,0,1,1,0,0,0,1
2533,191836,11,4,4010101,Jungfernheide,2019,1,16,7,3,2,2,1,0,1,0,0,0,0,1
2534,191837,11,10,10010308,Marzahner Chaussee,2019,1,13,5,3,2,6,0,0,1,0,0,0,0,0
2535,191838,11,7,7030301,Friedenau,2019,1,16,7,3,3,6,1,1,0,0,0,0,1,1
2536,191839,11,1,1011103,Lützowstraße,2019,1,18,6,3,2,6,2,0,1,0,0,0,0,1
2537,191840,11,7,7030303,Grazer Platz,2019,1,20,4,3,2,6,2,0,1,0,0,0,0,0