,object id,city,district,sub district key,street,year,month,hour of day,weekday,category,accident type,accident type 2,light situation,bike involved,car involved,pedestrian involved,motor bike involved,big track involved,other vehicle involved,road condition
2538,191841,11,8,8010303,Donaustraße,2019,1,22,6,3,5,2,2,1,1,0,0,0,0,1
2539,191842,11,3,3020307,Buchholz,2019,1,21,6,2,0,7,2,0,1,0,0,0,1,0
2540,191843,11,10,10010203,Gewerbegebiet Bitterfelder Straße,2019,1,12,6,3,9,1,0,0,1,0,0,0,0,2
2541,191844,11,8,8010117,Schillerpromenade,2019,1,19,6,3,0,5,2,1,1,0,0,0,0,1
2542,191845,11,6,6040809,Thielallee,2019,1,7,6,3,0,1,1,1,0,0,0,0,0,1
2543,191846,11,1,2040701,Andreasviertel,2019,1,7,6,2,5,2,1,1,1,0,0,0,0,1
2544,191847,11,6,6020302,Komponistenviertel Lankwitz,2019,1,6,5,3,2,6,2,0,1,0,0,0,1,0
2545,191848,11,1,1011102,Großer Tiergarten,2019,1,8,6,3,2,6,0,0,1,0,0,0,0,2
2546,191849,11,1,1011306,Heine-Viertel Ost,2019,1,10,6,3,6,2,0,0,0,1,0,0,1,1
2547,191850,11,4,4020313,Königin-Elisabeth-Straße,2019,1,11,6,3,5,2,0,0,1,0,0,0,1,0
2548,191851,11,7,7040401,Neu-Tempelhof,2019,1,11,6,3,2,7,0,0,1,0,0,0,0,1
2549,191852,11,11,11051229,Rummelsburg,2019,1,13,6,3,6,4,0,0,1,1,0,0,0,1
2550,191853,11,11,11051229,Rummelsburg,2019,1,13,6,2,2,2,0,1,0,0,0,1,0,0
2551,191854,11,9,9041401,Allende I,2019,1,14,6,3,5,3,0,0,1,0,0,0,0,0
2552,191855,11,12,12301204,Wittenau Nord,2019,1,6,6,3,5,2,1,0,1,0,0,0,0,1
2553,191856,11,2,2050801,Traveplatz,2019,1,18,6,3,5,2,2,0,1,0,1,0,0,1
2554,191857,11,9,9051702,Bölschestraße,2019,1,10,6,3,0,7,0,0,1,0,0,0,0,1
2555,191858,11,8,8030831,Gropiusstadt Ost,2019,1,18,6,2,6,4,2,0,1,1,0,0,0,1
2556,191859,11,9,9020701,Adlershof West,2019,1,17,6,3,5,2,2,0,1,0,0,0,0,1
2557,191860,11,7,7040405,Rathaus Tempelhof,2019,1,18,5,3,6,2,2,0,1,1,0,0,0,0
2558,191861,11,4,4051448,Schaperstraße,2019,1,16,6,3,5,3,1,0,1,0,0,0,0,0
2559,191862,11,4,4030828,Savignyplatz,2019,1,19,5,3,3,6,2,1,1,0,0,0,0,0
2560,191863,11,11,11030619,Fennpfuhl Ost,2019,1,18,5,3,2,6,2,0,1,0,0,0,0,0
2561,191864,11,8,8020619,Buschkrugallee Nord,2019,1,17,5,2,5,3,2,0,1,0,0,0,1,0
2562,191865,11,6,6040703,Nikolassee,2019,1,16,5,3,5,3,2,1,1,0,0,0,0,0
2563,191866,11,10,10010102,Havemannstraße,2019,1,15,5,2,6,4,0,0,1,1,0,0,0,0
2564,191867,11,6,6040701,Wannsee,2019,2,15,6,3,5,3,0,0,1,0,0,0,0,0
2565,191868,11,10,10010204,Wuhletalstraße,2019,1,15,5,3,5,3,0,0,1,0,0,1,0,0
2566,191869,11,8,8010118,Silbersteinstraße,2019,1,14,5,3,6,7,0,1,0,1,0,0,0,0
2567,191870,11,9,9020701,Adlershof West,2019,1,9,5,3,6,4,0,0,1,1,0,0,0,0
2568,191871,11,9,9030901,Dorf Altglienicke,2019,1,7,5,3,1,5,0,0,1,0,0,0,0,0
2569,191872,11,7,7020204,Schöneberger Insel,2019,1,12,4,3,2,6,0,0,1,0,0,0,0,0
2570,191873,11,5,5020522,Pillnitzer Weg,2019,1,15,4,2,6,4,0,0,1,1,0,0,0,0
2571,191874,11,8,8041037,Alt-Rudow,2019,1,16,4,3,5,2,2,0,1,0,0,0,0,0
2572,191875,11,9,9010101,Elsenstraße,2019,1,17,5,3,2,2,1,0,1,0,0,0,0,0
2573,191876,11,1,1011203,Unter den Linden Süd,2019,1,15,4,3,5,2,0,1,1,0,0,0,0,0
2574,191877,11,7,7010104,Dennewitzplatz,2019,1,15,4,3,2,6,0,0,0,0,1,0,0,0
2575,191878,11,3,3050925,Komponistenviertel Weißensee,2019,1,15,4,3,1,5,0,1,1,0,0,0,0,0
2576,191879,11,3,3061126,Arnimplatz,2019,1,14,4,3,1,5,0,0,1,0,0,0,0,0
2577,191880,11,4,4030726,Droysenstraße,2019,1,12,4,2,5,2,0,0,1,0,1,0,0,0
2578,191881,11,3,3030716,Märchenland,2019,1,7,5,3,2,6,0,0,1,0,0,0,0,0
2579,191882,11,9,9010401,Johannisthal West,2019,1,6,4,3,2,6,2,0,1,0,0,0,0,1
2580,191883,11,9,9010401,Johannisthal West,2019,1,6,4,3,0,6,2,0,1,0,0,0,1,0
2581,191884,11,2,2040701,Andreasviertel,2019,1,22,4,3,5,3,2,0,1,0,0,0,0,0
2582,191885,11,3,3020307,Buchholz,2019,1,7,4,3,6,4,0,0,1,1,0,0,0,0
2583,191886,11,4,4051448,Schaperstraße,2019,1,7,4,3,3,6,0,1,1,0,0,0,0,0
2584,191887,11,1,1011301,Charitéviertel,2019,1,8,4,3,2,6,0,1,1,0,0,0,0,1
2585,191888,11,9,9010301,Baumschulenstraße,2019,1,17,4,3,5,2,2,1,1,0,0,0,0,0
2586,191889,11,4,4030415,Schloßgarten,2019,1,8,4,3,2,6,0,0,1,0,0,0,0,0
2587,191890,11,4,4030519,Kaiserin-Augusta-Allee,2019,1,8,4,3,5,2,0,1,1,0,0,0,0,0
2588,191891,11,5,5010208,Germersheimer Platz,2019,1,9,4,3,6,2,0,0,1,1,0,0,0,0
2589,191892,11,7,7070701,Kettinger Straße/Schillerstraße,2019,1,11,4,2,6,2,0,0,1,1,0,0,0,0
2590,191893,11,12,12302108,Märkisches Zentrum,2019,1,6,4,3,2,6,2,0,1,0,0,0,0,0
2591,191894,11,8,8010301,Reuterkiez,2019,1,9,5,3,0,3,0,0,1,0,1,0,0,0
2592,191895,11,6,6030610,Lichterfelde West,2019,1,19,4,2,5,3,2,0,1,0,0,0,0,2
2593,191896,11,2,2020204,Urbanstraße,2019,1,18,4,3,5,2,2,1,1,0,0,0,0,0
2594,191897,11,4,4030623,Ernst-Reuter-Platz,2019,1,14,4,3,6,4,0,1,0,1,0,0,0,0
2595,191898,11,4,4051550,Leon-Jessel-Platz,2019,1,12,4,3,6,4,0,0,1,1,0,0,0,0
2596,191899,11,8,8010301,Reuterkiez,2019,1,18,4,3,2,6,2,0,1,0,0,0,0,0
2597,191900,11,6,6010209,Feuerbachstraße,2019,1,18,4,3,5,3,2,1,1,0,0,0,0,0
2598,191901,11,3,3040818,Pankow Süd,2019,1,12,4,2,5,3,0,1,1,0,0,0,0,0
2599,191902,11,2,2020206,Graefekiez,2019,1,4,4,2,8,1,2,0,1,0,0,0,0,0
2600,191903,11,4,4030931,Breitscheidplatz,2019,1,17,4,3,6,4,2,1,0,1,0,0,0,0
2601,191904,11,7,7040405,Rathaus Tempelhof,2019,1,17,4,3,5,2,2,1,1,0,0,0,0,0
2602,191905,11,2,2040503,Richard-Sorge-Viertel,2019,1,17,4,3,2,6,2,0,1,0,0,0,0,0
2603,191906,11,2,2030302,Lausitzer Platz,2019,1,13,4,3,1,5,0,1,0,0,0,0,1,0
2604,191907,11,6,6020409,Königsberger Straße,2019,1,13,5,3,5,2,0,1,1,0,0,0,0,0
2605,191908,11,8,8020622,Parchimer Allee,2019,1,7,3,3,2,6,0,0,1,0,0,0,0,0
2606,191909,11,3,3061126,Arnimplatz,2019,1,10,3,2,5,7,0,0,1,0,0,0,1,0
2607,191910,11,1,1033201,Brunnenstraße,2019,1,16,3,3,6,4,0,1,0,1,0,0,0,0
2608,191911,11,4,4030623,Ernst-Reuter-Platz,2019,1,13,4,2,5,3,0,1,1,0,0,0,0,0
2609,191912,11,11,11020515,Landsberger Allee,2019,1,14,3,3,5,3,0,0,1,0,0,0,0,0
2610,191913,11,3,3061429,Greifswalder Straße,2019,1,14,3,3,5,2,0,1,1,0,0,0,0,0
2611,191914,11,6,6040810,Dahlem,2019,1,13,3,3,2,2,0,0,1,0,0,1,0,0
2612,191915,11,6,6010208,Bergstraße,2019,1,13,3,3,2,2,0,1,1,0,0,0,0,0
2613,191916,11,8,8020621,Mohriner Allee Nord,2019,1,13,3,3,4,6,0,0,1,0,0,0,0,0
2614,191917,11,10,10040933,Mahlsdorf Süd,2019,1,12,3,3,5,2,0,0,1,0,0,0,1,0
2615,191918,11,12,12302110,Dannenwalder Weg,2019,1,18,5,2,6,2,2,0,1,1,0,0,0,0
2616,191919,11,3,3040512,Wilhelmsruh,2019,1,12,3,2,5,3,0,1,1,0,0,0,0,0
2617,191920,11,8,8020619,Buschkrugallee Nord,2019,1,12,3,3,6,7,0,0,1,1,0,0,0,0
2618,191921,11,8,8041036,Zittauer Straße,2019,1,18,3,3,6,4,1,0,1,1,0,0,0,0
2619,191922,11,8,8010405,Hertzbergplatz,2019,1,10,3,3,5,3,0,0,1,0,0,0,1,0
2620,191923,11,8,8030829,Gropiusstadt Nord,2019,1,18,5,2,6,2,1,0,1,1,0,0,0,0
2621,191924,11,11,11030720,Herzbergstraße,2019,1,9,3,3,2,6,0,0,1,0,0,0,1,0
2622,191925,11,4,4030930,George-Grosz-Platz,2019,1,9,3,2,3,3,0,0,1,0,0,0,1,0
2623,191926,11,3,3071537,Kollwitzplatz,2019,1,22,3,2,5,2,2,1,1,0,0,0,0,0
2624,191927,11,4,4020310,Park Ruhwald,2019,1,20,3,3,5,2,2,0,1,0,0,0,0,0
2625,191928,11,12,12214527,Alt-Tegel,2019,1,19,3,3,6,7,2,0,1,1,0,0,0,0
2626,191929,11,6,6040810,Dahlem,2019,1,8,3,3,2,2,0,1,1,0,0,0,0,0
2627,191930,11,2,2010104,Wassertorplatz,2019,1,18,3,3,6,4,1,1,0,1,0,0,0,0
2628,191931,11,10,10010310,Alt-Marzahn,2019,1,20,2,3,2,6,2,0,1,0,0,0,0,1
2629,191932,11,10,10020413,Gut Hellersdorf,2019,1,16,5,3,6,4,0,0,1,1,0,0,0,0
2630,191933,11,9,9010301,Baumschulenstraße,2019,1,19,2,3,5,3,2,0,1,0,0,0,0,0
2631,191934,11,1,1044202,Sparrplatz,2019,1,18,2,3,2,6,2,0,1,0,0,0,0,0
2632,191935,11,4,4030620,Alt-Lietzow,2019,1,17,2,2,6,2,2,0,1,1,0,0,0,0
2633,191936,11,11,11041023,Gensinger Straße,2019,1,17,2,2,6,4,2,0,1,1,0,0,0,0
2634,191937,11,9,9020501,Oberschöneweide West,2019,1,17,2,3,2,6,2,0,1,0,0,0,0,1
2635,191938,11,4,4031032,Halensee,2019,1,14,2,3,2,3,0,0,1,0,0,0,0,0
2636,191939,11,7,7040403,Manteuffelstraße,2019,1,7,2,3,2,6,0,0,1,0,0,0,0,1
2637,191940,11,7,7040406,Germaniagarten,2019,1,7,2,3,5,2,0,1,1,0,0,0,0,0
2638,191941,11,3,3040512,Wilhelmsruh,2019,1,7,2,3,3,6,2,0,1,0,0,1,0,0
2639,191942,11,12,12302110,Dannenwalder Weg,2019,2,12,6,3,5,2,0,1,0,0,0,1,0,0
2640,191943,11,6,6040804,Krumme Lanke,2019,1,6,2,3,6,2,2,0,1,1,0,0,0,1
2641,191944,11,9,9030901,Dorf Altglienicke,2019,1,5,2,3,5,2,2,0,1,0,0,0,0,0
2642,191945,11,8,8020728,Buckow Ost,2019,1,17,2,3,2,2,1,0,1,0,1,0,0,0
2643,191946,11,1,1011401,Invalidenstraße,2019,1,13,4,3,6,4,0,0,0,1,0,0,1,0
2644,191947,11,9,9052001,Köpenick Nord,2019,1,17,2,2,6,2,1,0,1,1,0,0,0,0
2645,191948,11,7,7020204,Schöneberger Insel,2019,1,15,2,3,6,4,0,1,0,1,0,0,0,0
2646,191949,11,10,10040829,Alt-Kaulsdorf,2019,1,15,2,3,2,2,0,0,1,0,0,0,0,0
2647,191950,11,4,4020313,Königin-Elisabeth-Straße,2019,1,13,2,3,2,2,0,0,1,0,0,0,0,0
2648,191951,11,8,8020622,Parchimer Allee,2019,1,13,2,3,0,3,0,0,1,0,0,0,1,0
2649,191952,11,2,2030301,Oranienplatz,2019,1,9,5,3,3,6,0,0,1,0,0,0,1,0
2650,191953,11,2,2020206,Graefekiez,2019,1,12,2,3,6,7,0,0,1,1,0,0,0,0
2651,191954,11,8,8020619,Buschkrugallee Nord,2019,1,11,2,3,2,6,0,0,1,0,0,0,0,0
2652,191955,11,4,4030827,Karl-August-Platz,2019,1,8,5,3,0,2,0,1,1,0,0,0,0,0
2653,191956,11,1,1011301,Charitéviertel,2019,1,11,2,3,6,4,0,0,1,1,0,0,0,0
2654,191957,11,6,6040810,Dahlem,2019,1,10,2,3,5,3,0,1,1,0,0,0,0,0
2655,191958,11,1,1022103,Westhafen,2019,1,9,2,3,2,6,0,0,1,0,0,0,0,0
2656,191959,11,1,1011303,Alexanderplatzviertel,2019,1,21,4,3,2,6,2,0,1,0,0,0,0,0
2657,191960,11,5,5020415,Isenburger Weg,2019,1,8,2,3,6,4,0,0,1,1,0,0,0,0
2658,191961,11,4,4030416,Klausenerplatz,2019,1,10,2,3,0,1,0,0,0,0,1,0,0,2
2659,191962,11,1,1033102,Gesundbrunnen,2019,1,15,1,3,1,5,0,1,1,0,0,0,1,1
2660,191963,11,1,1033203,Humboldthain Nordwest,2019,1,23,1,2,5,3,2,1,1,0,0,0,0,0
2661,191964,11,6,6010210,Bismarckstraße,2019,1,17,1,3,6,2,2,0,1,1,0,0,0,0
2662,191965,11,4,4010101,Jungfernheide,2019,1,17,1,3,5,2,2,0,1,0,0,0,0,1
2663,191966,11,4,4030622,Richard-Wagner-Straße,2019,1,10,5,3,5,2,0,0,1,0,0,0,0,0
2664,191967,11,1,1033202,Humboldthain Süd,2019,1,15,1,3,2,1,0,1,1,0,0,0,0,0
2665,191968,11,8,8030831,Gropiusstadt Ost,2019,1,14,1,3,5,2,0,0,1,0,0,0,0,1
2666,191969,11,12,12103117,Letteplatz,2019,1,1,1,2,1,1,2,0,1,0,0,0,1,1
2667,191970,11,1,1044102,Schillerpark,2019,2,15,3,3,5,3,0,0,1,0,0,0,0,0
2668,191971,11,12,12214424,Scharnweberstraße,2019,2,13,3,3,3,6,0,1,1,0,0,0,0,0
2669,191972,11,1,1022104,Emdener Straße,2019,2,14,3,3,5,3,0,1,1,0,0,0,0,0
2670,191973,11,3,3061228,Erich-Weinert-Straße,2019,2,17,5,3,5,3,2,1,1,0,0,0,0,0
2671,191974,11,9,9051701,Hirschgarten,2019,2,14,3,2,2,7,0,0,1,0,0,0,0,0
2672,191975,11,9,9041301,Kietzer Feld/Nachtheide,2019,2,15,3,2,6,4,0,0,1,1,0,0,0,0
2673,191976,11,6,6010206,Stadtpark,2019,2,14,3,3,5,2,0,1,1,1,0,0,0,0
2674,191977,11,4,4020310,Park Ruhwald,2019,2,14,5,2,5,2,0,0,1,0,0,0,0,0
2675,191978,11,4,4031032,Halensee,2019,2,14,3,3,6,7,0,0,1,1,0,0,0,0
2676,191979,11,5,5020521,Döberitzer Weg,2019,2,11,3,3,2,2,0,0,1,0,0,0,0,0
2677,191980,11,5,5010209,An der Kappe,2019,2,11,3,2,5,3,0,0,1,0,0,0,0,0
2678,191981,11,6,6020306,Lankwitz Süd,2019,2,7,3,3,3,6,0,1,0,0,0,0,1,0
2679,191982,11,2,2020204,Urbanstraße,2019,2,17,3,3,8,1,2,0,1,0,0,0,0,0
2680,191983,11,4,4031032,Halensee,2019,2,18,3,3,2,6,2,0,1,0,0,0,0,0
2681,191984,11,8,8030831,Gropiusstadt Ost,2019,2,20,3,3,5,3,2,1,1,0,0,0,0,0
2682,191985,11,8,8010117,Schillerpromenade,2019,2,17,3,3,2,6,2,1,1,0,0,0,0,0
2683,191986,11,1,1011305,Heine-Viertel West,2019,2,17,3,3,1,5,2,1,1,0,0,0,0,0
2684,191987,11,2,2030302,Lausitzer Platz,2019,2,13,5,2,6,4,0,1,0,1,0,0,0,0
2685,191988,11,7,7050501,Rathausstraße,2019,2,17,3,3,1,7,2,0,1,0,0,0,1,0
2686,191989,11,2,2020206,Graefekiez,2019,2,15,5,3,3,6,0,1,1,0,0,0,0,0
2687,191990,11,8,8041037,Alt-Rudow,2019,2,16,3,3,6,4,1,0,1,1,0,0,0,0
2688,191991,11,1,1033203,Humboldthain Nordwest,2019,2,16,3,3,6,4,0,0,0,1,1,0,0,0
2689,191992,11,12,12301203,Wittenau Süd,2019,2,16,3,3,5,2,0,0,1,0,0,0,0,0
2690,191993,11,5,5030731,Gartenfelder Straße,2019,2,13,5,3,2,6,0,0,1,0,0,0,0,0
2691,191994,11,5,5020523,Maulbeerallee,2019,2,15,3,3,5,3,0,1,1,0,0,0,0,0
2692,191995,11,4,4051446,Preußenpark,2019,2,17,3,2,5,2,2,1,1,0,0,0,0,0
2693,191996,11,12,12214125,Waldidyll/Flughafensee,2019,2,10,3,3,2,2,0,1,0,0,0,0,0,0
2694,191997,11,1,1011303,Alexanderplatzviertel,2019,2,14,6,3,5,2,0,1,0,0,0,0,1,0
2695,191998,11,6,6020303,Lankwitz Kirche,2019,2,10,3,3,3,6,0,0,1,0,0,0,1,0
2696,191999,11,5,5020626,Adamstraße,2019,2,7,3,3,2,7,0,0,1,0,0,0,0,0
2697,192000,11,1,1011101,Stülerstraße,2019,2,13,5,3,2,6,0,0,1,0,0,0,0,0
2698,192001,11,2,2040701,Andreasviertel,2019,2,7,3,3,5,3,1,1,1,0,0,0,0,0
2699,192002,11,2,2030402,Wrangelkiez,2019,2,17,2,3,2,6,2,0,1,0,0,0,0,0
2700,192003,11,2,2030402,Wrangelkiez,2019,2,17,2,3,2,6,2,0,1,0,0,0,0,0
2701,192004,11,11,11030721,Rüdigerstraße,2019,2,9,5,3,4,6,0,0,1,0,0,0,0,0
2702,192005,11,4,4030931,Breitscheidplatz,2019,2,15,2,3,2,6,0,0,1,0,0,0,0,0
2703,192006,11,3,3020209,Niederschönhausen,2019,2,9,2,3,5,2,0,0,1,0,0,1,0,1
2704,192007,11,9,9020802,Köllnische Vorstadt,2019,2,8,2,3,2,2,0,0,1,0,0,0,0,1
2705,192008,11,1,1011302,Oranienburger Straße,2019,2,9,5,3,5,2,0,1,1,0,0,0,0,0
2706,192009,11,9,9031202,Schmöckwitz/Rauchfangswerder,2019,2,11,2,3,2,6,0,0,1,0,0,0,0,1
2707,192010,11,1,1022205,Zillesiedlung,2019,2,21,2,3,6,7,2,0,1,1,0,0,0,0
2708,192011,11,4,4041241,Breite Straße,2019,2,14,6,3,0,1,0,1,0,0,0,0,0,0
2709,192012,11,9,9031101,Grünau,2019,2,21,2,3,6,7,2,0,0,1,0,0,1,0
2710,192013,11,5,5020419,Magistratsweg,2019,2,5,2,3,3,6,2,1,0,0,0,0,1,1
2711,192014,11,10,10010204,Wuhletalstraße,2019,2,11,5,3,5,3,0,0,1,0,0,0,0,0
2712,192015,11,12,12103219,Schäfersee,2019,2,7,2,3,6,2,0,0,1,1,0,0,0,1
2713,192016,11,8,8010406,Treptower Straße Nord,2019,2,5,2,2,5,3,2,0,0,0,1,0,1,1
2714,192017,11,8,8010404,Rixdorf,2019,2,11,5,3,2,6,0,0,1,0,0,0,1,0
2715,192018,11,5,5020626,Adamstraße,2019,2,19,2,3,6,2,2,0,1,1,0,0,0,0
2716,192019,11,1,1022207,Hansaviertel,2019,2,7,2,2,6,7,1,1,0,1,0,0,0,1
2717,192020,11,8,8020727,Buckow Mitte,2019,2,18,2,3,6,2,1,0,1,1,0,0,0,0
2718,192021,11,1,1011202,Unter den Linden Nord,2019,2,19,5,3,0,2,2,1,0,0,0,0,1,0
2719,192022,11,7,7010101,Wittenbergplatz/Viktoria-Luise-Platz,2019,2,16,2,3,6,7,0,1,0,1,0,0,0,0
2720,192023,11,11,11020514,Große-Leege-Straße,2019,2,16,2,2,5,3,0,1,1,0,0,0,0,0
2721,192024,11,8,8020622,Parchimer Allee,2019,2,15,2,3,6,4,0,0,1,1,0,0,0,0
2722,192025,11,4,4051445,Eisenzahnstraße,2019,2,7,5,3,5,2,0,1,1,0,0,0,0,1
2723,192026,11,9,9031101,Grünau,2019,2,15,2,2,0,1,0,1,1,0,0,0,0,0
2724,192027,11,1,1033201,Brunnenstraße,2019,2,14,2,3,2,6,0,0,1,0,0,0,0,1
2725,192028,11,10,10040932,Alt-Mahlsdorf,2019,2,12,2,3,2,6,0,0,1,0,1,0,0,0
2726,192029,11,6,6030609,Augustaplatz,2019,2,7,5,3,5,3,0,0,1,0,0,0,0,0
2727,192030,11,4,4020313,Königin-Elisabeth-Straße,2019,2,12,2,3,6,2,0,0,1,1,0,0,0,1
2728,192031,11,3,3061332,Helmholtzplatz,2019,2,8,2,3,5,7,0,0,1,0,0,0,1,1
2729,192032,11,12,12304313,Borsigwalde,2019,2,8,2,3,5,7,0,0,1,0,0,0,1,1
2730,192033,11,8,8020619,Buschkrugallee Nord,2019,2,7,5,3,5,2,0,0,1,0,0,0,1,1
2731,192034,11,9,9010202,Köpenicker Landstraße,2019,2,18,2,3,6,4,1,0,1,1,0,0,0,0
2732,192035,11,8,8010301,Reuterkiez,2019,2,16,1,3,2,2,2,0,1,0,0,0,0,1
2733,192036,11,9,9020702,Adlershof Ost,2019,2,21,1,3,2,7,2,0,1,0,1,0,0,1
2734,192037,11,12,12301203,Wittenau Süd,2019,2,16,5,3,5,2,0,1,1,0,0,0,0,0
2735,192038,11,10,10020413,Gut Hellersdorf,2019,2,15,1,3,5,2,0,0,1,0,0,0,0,1
2736,192039,11,5,5010314,Carl-Schurz-Straße,2019,2,1,1,3,8,1,1,0,1,0,0,0,0,1
2737,192040,11,2,2030301,Oranienplatz,2019,2,18,1,2,2,6,2,1,1,0,0,0,0,1
2738,192041,11,8,8041040,Waltersdorfer Chaussee Ost,2019,2,7,5,3,0,3,0,0,1,0,1,0,0,0
2739,192042,11,4,4031032,Halensee,2019,2,19,1,2,6,2,2,0,1,1,0,0,0,1
2740,192043,11,6,6020409,Königsberger Straße,2019,2,18,1,2,8,1,2,0,1,0,0,0,1,1
2741,192044,11,1,1044202,Sparrplatz,2019,2,9,1,3,2,6,0,0,1,0,0,0,0,1
2742,192045,11,2,2010102,Mehringplatz,2019,2,2,1,3,5,3,2,0,1,0,0,0,1,0
2743,192046,11,11,11020412,Hauptstraße,2019,2,10,6,3,5,2,0,1,1,0,0,0,0,0
2744,192047,11,2,2030302,Lausitzer Platz,2019,2,3,7,3,0,1,2,1,0,0,0,0,0,0
2745,192048,11,1,1044101,Rehberge,2019,2,1,7,2,8,1,2,0,1,0,0,0,0,0
2746,192049,11,12,12302110,Dannenwalder Weg,2019,2,23,7,3,0,3,2,0,1,0,1,0,0,1
2747,192050,11,8,8030831,Gropiusstadt Ost,2019,2,23,7,3,2,6,2,0,1,0,0,0,1,1
2748,192051,11,8,8010404,Rixdorf,2019,2,21,7,3,6,4,2,0,1,1,0,0,0,0
2749,192052,11,10,10010102,Havemannstraße,2019,2,14,5,3,6,4,0,0,1,1,0,0,0,0
2750,192053,11,1,1022206,Lüneburger Straße,2019,2,14,7,3,0,7,0,0,1,0,0,0,1,0
2751,192054,11,11,11010309,Zingster Straße West,2019,2,20,7,3,5,2,2,0,1,0,0,0,0,1
2752,192055,11,9,9051901,Dammvorstadt,2019,2,18,7,3,2,6,2,0,1,0,0,0,0,1
2753,192056,11,6,6010205,Südende,2019,2,5,5,3,3,6,2,0,1,0,0,0,0,0
2754,192057,11,1,1011305,Heine-Viertel West,2019,2,17,7,3,9,1,2,0,0,0,0,0,1,0
2755,192058,11,4,4010102,Plötzensee,2019,2,15,7,3,5,2,0,0,1,0,0,0,0,0
2756,192059,11,4,4010102,Plötzensee,2019,2,15,7,3,5,2,0,0,1,0,0,0,0,0
2757,192060,11,1,1033203,Humboldthain Nordwest,2019,2,11,6,2,6,2,0,0,0,1,0,1,0,0
2758,192061,11,4,4051655,Babelsberger Straße,2019,2,14,7,3,3,6,0,1,1,0,0,0,0,0
2759,192062,11,5,5030731,Gartenfelder Straße,2019,2,14,7,3,0,2,0,1,1,0,0,0,0,0
2760,192063,11,8,8040933,Vogelviertel Süd,2019,2,9,5,3,0,1,0,1,0,0,0,0,0,1
2761,192064,11,7,7040403,Manteuffelstraße,2019,2,20,7,2,5,3,2,0,1,0,0,0,0,1
2762,192065,11,5,5010313,Ackerstraße,2019,2,20,7,2,6,4,2,0,1,1,0,0,0,1
2763,192066,11,4,4051448,Schaperstraße,2019,2,13,7,3,2,6,0,0,1,0,0,0,1,0
2764,192067,11,1,1044202,Sparrplatz,2019,2,14,4,3,5,2,0,1,1,0,0,0,0,0
2765,192068,11,3,3061126,Arnimplatz,2019,2,13,7,3,5,3,0,0,1,0,0,0,0,0
2766,192069,11,9,9051901,Dammvorstadt,2019,2,13,7,3,2,6,0,0,1,0,0,0,0,0
2767,192070,11,1,1022104,Emdener Straße,2019,2,12,7,3,5,2,0,1,1,0,0,0,0,1
2768,192071,11,2,2050802,Boxhagener Platz,2019,2,7,4,3,2,2,0,1,1,0,0,0,0,0
2769,192072,11,7,7050503,Eisenacher Straße,2019,2,12,7,2,5,2,0,1,1,0,0,0,0,0
2770,192073,11,9,9020501,Oberschöneweide West,2019,2,12,7,3,2,6,0,0,1,0,0,0,0,0
2771,192074,11,3,3050919,Gustav-Adolf-Straße,2019,2,14,7,3,5,3,0,1,0,0,0,0,1,0
2772,192075,11,6,6020411,Schütte-Lanz-Straße,2019,2,18,5,2,0,3,1,0,0,0,0,0,1,0
2773,192076,11,4,4030931,Breitscheidplatz,2019,2,10,6,3,1,5,0,0,1,0,0,1,0,0
2774,192077,11,10,10010102,Havemannstraße,2019,2,12,6,3,5,3,0,0,1,0,0,0,0,0
2775,192078,11,4,4020311,Reichsstraße,2019,2,13,4,3,5,3,0,0,1,0,0,0,0,0
2776,192079,11,11,11010206,Wartenberg Süd,2019,2,9,6,2,5,3,0,0,1,0,0,0,0,0
2777,192080,11,11,11030619,Fennpfuhl Ost,2019,2,14,6,3,0,7,0,0,0,0,0,0,1,0
2778,192081,11,11,11020412,Hauptstraße,2019,2,15,4,3,5,3,0,0,1,0,0,0,0,1
2779,192082,11,2,2050802,Boxhagener Platz,2019,2,23,6,3,6,7,2,0,1,1,0,0,0,0
2780,192083,11,4,4041134,Bismarckallee,2019,2,9,6,3,0,6,0,0,1,0,0,0,0,0
2781,192084,11,10,10010309,Springpfuhl,2019,2,5,6,3,6,4,2,0,1,1,0,0,0,0
2782,192085,11,11,11030720,Herzbergstraße,2019,2,15,4,2,3,6,0,0,1,0,1,0,0,1
2783,192086,11,4,4030931,Breitscheidplatz,2019,2,15,6,2,5,2,0,0,1,0,1,0,0,0
2784,192087,11,6,6010206,Stadtpark,2019,2,17,6,3,5,2,1,0,1,0,0,0,0,0
2785,192088,11,1,1011202,Unter den Linden Nord,2019,2,18,6,3,6,4,1,0,1,1,0,0,0,0
2786,192089,11,1,1044201,Reinickendorfer Straße,2019,2,21,5,2,5,2,2,1,0,0,0,1,0,0
2787,192090,11,6,6040809,Thielallee,2019,2,2,6,2,5,3,2,0,1,0,0,0,0,1
2788,192091,11,11,11010207,Wartenberg Nord,2019,2,5,6,3,5,3,2,0,1,0,0,0,0,0
2789,192092,11,3,3040512,Wilhelmsruh,2019,2,5,6,3,2,6,2,0,1,0,0,0,0,0
2790,192093,11,1,1044103,Westliche Müllerstraße,2019,2,15,4,3,5,3,0,0,1,0,1,0,0,1
2791,192094,11,3,3061430,Volkspark Prenzlauer Berg,2019,2,8,6,3,2,6,0,0,1,0,0,0,1,0