,object id,city,district,sub district key,street,year,month,hour of day,weekday,category,accident type,accident type 2,light situation,bike involved,car involved,pedestrian involved,motor bike involved,big track involved,other vehicle involved,road condition
2792,192095,11,4,4030929,Hindemithplatz,2019,2,9,6,2,1,5,0,1,0,0,0,0,1,1
2793,192096,11,3,3020307,Buchholz,2019,2,11,6,3,0,2,0,0,1,0,0,0,1,0
2794,192097,11,8,8010213,Körnerpark,2019,2,11,6,3,5,3,0,0,1,0,0,0,0,0
2795,192098,11,9,9041601,Müggelheim,2019,2,11,6,3,4,2,0,0,1,0,0,0,0,0
2796,192099,11,2,2040701,Andreasviertel,2019,2,16,5,3,5,2,0,1,1,0,0,0,0,0
2797,192100,11,3,3020307,Buchholz,2019,2,13,6,2,6,4,0,0,1,1,0,0,0,0
2798,192101,11,5,5030730,Zitadellenweg,2019,2,14,6,3,2,6,0,0,1,0,0,0,0,0
2799,192102,11,2,2020206,Graefekiez,2019,2,14,6,3,2,6,0,0,1,0,0,0,0,0
2800,192103,11,12,12224230,Heiligensee,2019,2,14,6,3,5,3,0,0,1,0,0,0,0,0
2801,192104,11,1,1011402,Arkonaplatz,2019,2,20,5,3,6,7,2,1,0,1,0,0,0,0
2802,192105,11,7,7020202,Volkspark (Rudolf-Wilde-Park),2019,2,15,6,3,1,5,0,1,1,0,0,0,0,0
2803,192106,11,6,6020410,Oberhofer Platz,2019,2,5,6,2,9,1,1,0,1,0,0,0,0,1
2804,192107,11,12,12304314,Ziekowstraße/Freie Scholle,2019,2,20,5,2,9,1,2,0,1,0,0,0,0,1
2805,192108,11,10,10020412,Alte Hellersdorfer Straße,2019,2,15,4,3,2,6,0,0,1,0,0,0,1,0
2806,192109,11,1,1011306,Heine-Viertel Ost,2019,2,5,5,3,5,3,2,0,1,0,1,0,0,0
2807,192110,11,3,3010102,Buch,2019,2,10,5,3,5,2,0,0,1,0,0,0,0,0
2808,192111,11,6,6030503,Zehlendorf Mitte,2019,2,10,5,3,2,2,0,0,1,0,0,0,0,0
2809,192112,11,9,9031101,Grünau,2019,2,11,5,3,2,7,0,0,1,0,0,0,1,0
2810,192113,11,8,8010214,Glasower Straße,2019,2,13,5,3,5,3,0,0,1,0,0,0,0,0
2811,192114,11,5,5030730,Zitadellenweg,2019,2,15,5,3,5,7,0,0,1,0,0,0,1,1
2812,192115,11,7,7040403,Manteuffelstraße,2019,2,14,5,3,5,2,0,1,1,0,0,0,0,0
2813,192116,11,7,7040401,Neu-Tempelhof,2019,2,17,5,3,3,6,2,0,1,0,0,0,0,0
2814,192117,11,3,3061430,Volkspark Prenzlauer Berg,2019,2,18,5,3,2,2,2,0,1,0,0,0,0,0
2815,192118,11,10,10040828,Kaulsdorf Nord,2019,2,20,5,3,5,3,2,0,1,0,0,0,0,0
2816,192119,11,9,9010302,Späthsfelde,2019,2,16,4,3,2,6,0,0,1,0,0,0,1,0
2817,192120,11,7,7040403,Manteuffelstraße,2019,2,20,5,3,2,6,2,0,1,0,0,0,0,0
2818,192121,11,5,5030730,Zitadellenweg,2019,2,21,5,3,2,6,2,0,1,0,0,1,0,0
2819,192122,11,9,9010301,Baumschulenstraße,2019,2,21,5,3,5,3,2,0,1,0,0,0,0,0
2820,192123,11,4,4030519,Kaiserin-Augusta-Allee,2019,2,16,4,2,5,7,0,0,1,0,1,0,0,0
2821,192124,11,4,5030833,Motardstraße,2019,2,18,5,2,2,6,1,0,1,0,1,0,0,1
2822,192125,11,1,1033102,Gesundbrunnen,2019,2,23,5,3,5,2,2,0,1,0,0,0,0,0
2823,192126,11,6,6020306,Lankwitz Süd,2019,2,16,5,3,5,3,0,0,1,0,0,0,0,1
2824,192127,11,5,5020627,Tiefwerder,2019,2,11,5,3,2,6,0,0,1,0,0,0,0,0
2825,192128,11,1,1011305,Heine-Viertel West,2019,2,14,6,3,2,6,0,1,1,0,0,0,0,0
2826,192129,11,11,11010102,Dorf Wartenberg,2019,2,17,5,3,0,7,2,0,0,0,0,1,0,1
2827,192130,11,8,8030831,Gropiusstadt Ost,2019,2,20,5,3,6,7,2,0,1,1,0,0,0,0
2828,192131,11,1,1011303,Alexanderplatzviertel,2019,2,16,4,3,0,4,1,0,0,1,0,0,1,1
2829,192132,11,12,12214424,Scharnweberstraße,2019,2,11,4,3,2,6,0,0,1,0,0,0,0,0
2830,192133,11,12,12214421,Reinickes Hof,2019,2,10,4,3,2,6,0,0,1,0,0,0,0,0
2831,192134,11,8,8020728,Buckow Ost,2019,2,16,4,2,5,2,0,0,1,0,1,0,0,0
2832,192135,11,3,3030406,Alt-Karow,2019,2,12,4,3,5,3,0,0,1,0,0,0,0,1
2833,192136,11,2,2040701,Andreasviertel,2019,2,22,4,3,6,4,2,1,0,1,0,0,0,0
2834,192137,11,3,3050920,Weißer See,2019,2,15,4,3,2,2,0,0,1,0,0,0,0,0
2835,192138,11,12,12302107,Schorfheidestraße,2019,2,15,4,3,6,7,0,0,1,1,0,0,0,0
2836,192139,11,6,6030605,Botanischer Garten,2019,2,16,5,3,5,3,0,0,1,0,0,0,0,0
2837,192140,11,11,11020515,Landsberger Allee,2019,2,15,4,2,5,3,0,1,1,0,0,0,0,0
2838,192141,11,10,10020413,Gut Hellersdorf,2019,2,14,4,3,5,3,0,0,1,0,0,0,0,0
2839,192142,11,5,5030731,Gartenfelder Straße,2019,2,12,4,3,1,5,0,0,1,0,0,1,0,0
2840,192143,11,1,1022103,Westhafen,2019,2,13,6,3,2,2,0,0,1,0,0,0,1,0
2841,192144,11,3,3030715,Heinersdorf,2019,2,14,4,3,2,7,0,0,1,0,0,0,0,0
2842,192145,11,1,1044101,Rehberge,2019,2,14,4,2,5,2,0,0,1,0,0,0,0,0
2843,192146,11,9,9010401,Johannisthal West,2019,2,11,4,3,9,1,0,0,1,0,0,0,0,0
2844,192147,11,1,1011302,Oranienburger Straße,2019,2,13,4,3,6,7,0,0,1,1,0,0,0,0
2845,192148,11,7,7040405,Rathaus Tempelhof,2019,2,13,4,3,6,4,0,0,1,1,0,0,0,0
2846,192149,11,3,3061126,Arnimplatz,2019,2,20,4,3,6,2,2,0,1,1,0,0,0,1
2847,192150,11,11,11040925,Victoriastadt,2019,2,11,4,3,1,5,0,1,0,0,0,1,1,0
2848,192151,11,7,7060604,Marienfelde Süd,2019,2,10,4,3,5,3,0,0,1,0,0,0,1,1
2849,192152,11,12,12301203,Wittenau Süd,2019,2,9,4,2,9,1,0,0,1,0,0,0,0,1
2850,192153,11,6,6030607,Goerzwerke,2019,2,19,5,3,2,6,2,0,1,0,0,0,0,0
2851,192154,11,3,3050923,Weißenseer Spitze,2019,2,9,4,3,5,3,0,0,1,0,0,0,0,0
2852,192155,11,8,8010404,Rixdorf,2019,2,8,4,3,9,1,0,1,0,0,0,0,0,0
2853,192156,11,12,12214126,Tegel Süd,2019,2,7,4,3,0,5,0,0,1,0,0,1,0,0
2854,192157,11,1,1044203,Leopoldplatz,2019,2,5,4,3,6,4,2,0,1,1,0,0,0,1
2855,192158,11,12,12224230,Heiligensee,2019,2,7,4,2,5,2,0,1,1,0,0,0,0,0
2856,192159,11,2,2040702,Weberwiese,2019,2,19,4,3,1,5,2,1,1,0,0,0,0,0
2857,192160,11,1,1011304,Karl-Marx-Allee,2019,2,19,4,3,0,6,1,0,1,0,0,0,1,0
2858,192161,11,4,4030621,Spreestadt,2019,2,18,4,3,0,1,2,1,0,0,0,0,0,0
2859,192162,11,5,5020625,Borkumer Straße,2019,2,16,4,3,0,2,0,0,0,0,0,0,1,0
2860,192163,11,10,10040933,Mahlsdorf Süd,2019,2,6,4,3,5,2,2,0,1,0,0,0,1,1
2861,192164,11,6,6040807,Zehlendorf Eiche,2019,2,8,3,3,5,3,0,1,1,0,0,0,0,1
2862,192165,11,2,2030401,Reichenberger Straße,2019,2,15,3,3,5,3,0,0,1,0,0,0,0,0
2863,192166,11,2,2040703,Wriezener Bahnhof/Entwicklungsgebiet,2019,2,11,3,3,5,2,0,0,1,0,0,0,0,0
2864,192167,11,3,3030405,Karow Nord,2019,2,16,5,3,5,3,1,0,1,0,0,0,0,1
2865,192168,11,7,7040404,Marienhöhe,2019,2,10,3,3,5,2,0,1,1,0,0,0,0,1
2866,192169,11,2,2050803,Stralauer Kiez,2019,2,5,3,2,5,3,2,0,1,0,0,0,0,0
2867,192170,11,6,6010103,Markelstraße,2019,2,11,3,3,5,3,0,0,1,0,1,0,0,1
2868,192171,11,1,1011402,Arkonaplatz,2019,2,20,4,2,5,3,2,0,1,0,0,0,0,1
2869,192172,11,2,2010103,Moritzplatz,2019,2,12,3,3,6,4,0,0,1,1,0,0,0,1
2870,192173,11,1,1011302,Oranienburger Straße,2019,2,15,3,3,2,6,0,0,1,0,0,0,0,0
2871,192174,11,4,4030930,George-Grosz-Platz,2019,2,7,3,3,5,3,0,0,1,0,0,0,0,1
2872,192175,11,2,2010103,Moritzplatz,2019,2,17,3,3,6,7,2,0,1,1,0,0,0,0
2873,192176,11,9,9020801,Spindlersfeld,2019,2,20,3,3,2,6,2,0,1,0,0,0,0,1
2874,192177,11,12,12214423,Mellerbogen,2019,2,22,3,3,6,2,2,0,1,1,0,0,0,0
2875,192178,11,1,1011301,Charitéviertel,2019,2,6,4,3,6,2,1,0,1,1,0,0,0,1
2876,192179,11,1,1011301,Charitéviertel,2019,2,22,3,3,5,2,2,0,1,0,0,0,0,0
2877,192180,11,7,7010104,Dennewitzplatz,2019,2,22,3,3,0,2,2,0,1,0,1,0,0,0
2878,192181,11,12,12301203,Wittenau Süd,2019,2,21,3,3,5,2,2,0,1,0,0,0,0,0
2879,192182,11,4,4030417,Schloßstraße,2019,2,11,3,2,5,2,0,1,1,0,0,0,0,1
2880,192183,11,10,10040932,Alt-Mahlsdorf,2019,2,15,5,3,5,2,0,1,1,0,0,0,0,0
2881,192184,11,8,8010301,Reuterkiez,2019,2,17,3,2,5,2,2,0,1,0,1,0,0,1
2882,192185,11,4,4010102,Plötzensee,2019,2,11,3,2,4,6,0,0,1,0,0,0,1,0
2883,192186,11,7,7040405,Rathaus Tempelhof,2019,2,13,3,2,2,6,0,0,1,0,0,0,0,1
2884,192187,11,6,6020409,Königsberger Straße,2019,2,18,4,3,2,6,2,0,1,0,0,0,0,1
2885,192188,11,5,5030730,Zitadellenweg,2019,2,17,3,3,1,6,2,0,1,0,0,0,0,1
2886,192189,11,5,5010314,Carl-Schurz-Straße,2019,2,12,3,2,1,5,0,1,1,0,0,0,0,1
2887,192190,11,8,8010303,Donaustraße,2019,2,21,3,3,0,1,2,1,0,0,0,0,0,1
2888,192191,11,4,4051549,Rathaus Wilmersdorf,2019,2,10,6,3,6,2,0,0,1,1,0,0,0,0
2889,192192,11,7,7020204,Schöneberger Insel,2019,2,14,3,3,8,1,0,0,1,0,0,0,0,0
2890,192193,11,12,12214424,Scharnweberstraße,2019,2,9,2,3,5,3,0,1,1,0,0,0,0,1
2891,192194,11,9,9030901,Dorf Altglienicke,2019,2,18,4,2,6,2,2,0,1,1,0,0,0,1
2892,192195,11,4,4030725,Amtsgerichtsplatz,2019,2,21,2,3,0,7,2,0,0,0,1,0,0,1
2893,192196,11,3,3030405,Karow Nord,2019,2,20,2,3,5,3,2,0,1,0,0,0,0,1
2894,192197,11,9,9010302,Späthsfelde,2019,2,6,4,3,2,6,1,0,1,0,0,0,0,1
2895,192198,11,8,8010211,Flughafenstraße,2019,2,20,2,3,1,5,2,1,1,0,0,0,0,0
2896,192199,11,1,1011201,Wilhelmstraße,2019,2,20,2,3,5,3,2,0,1,0,0,0,0,0
2897,192200,11,4,4041137,Flinsberger Platz,2019,2,20,2,3,5,2,2,0,1,0,0,0,0,0
2898,192201,11,4,4030519,Kaiserin-Augusta-Allee,2019,2,9,4,3,0,1,0,0,0,0,1,0,0,1
2899,192202,11,8,8010404,Rixdorf,2019,2,19,2,3,2,6,2,0,1,0,0,0,0,1
2900,192203,11,3,3061430,Volkspark Prenzlauer Berg,2019,2,18,2,3,2,6,2,0,1,0,0,0,0,0
2901,192204,11,8,8010117,Schillerpromenade,2019,2,18,2,2,6,4,2,0,1,1,0,0,0,0
2902,192205,11,10,10010310,Alt-Marzahn,2019,2,15,6,2,5,3,0,0,1,0,0,0,1,0
2903,192206,11,5,5020626,Adamstraße,2019,2,17,2,2,6,4,2,0,1,1,0,0,0,0
2904,192207,11,2,2010103,Moritzplatz,2019,2,17,2,2,6,4,2,0,1,1,0,0,0,0
2905,192208,11,6,6020409,Königsberger Straße,2019,2,7,4,3,3,2,0,1,0,0,0,1,0,0
2906,192209,11,6,6020409,Königsberger Straße,2019,2,15,2,3,2,6,0,0,1,0,0,0,1,0
2907,192210,11,4,4030620,Alt-Lietzow,2019,2,14,2,3,5,3,0,1,1,0,0,0,0,0
2908,192211,11,7,7020201,Bayerischer Platz,2019,2,8,4,3,5,3,0,0,1,0,0,0,0,1
2909,192212,11,4,4030620,Alt-Lietzow,2019,2,14,2,3,9,1,0,0,1,0,0,0,0,0
2910,192213,11,5,5010314,Carl-Schurz-Straße,2019,2,14,2,3,6,4,0,0,1,1,0,0,0,0
2911,192214,11,2,2040701,Andreasviertel,2019,2,13,2,3,5,3,0,1,1,0,0,0,0,0
2912,192215,11,7,7010104,Dennewitzplatz,2019,2,19,5,3,5,2,2,0,1,0,0,0,1,0
2913,192216,11,2,2040701,Andreasviertel,2019,2,13,2,3,6,2,0,0,1,1,0,0,0,0
2914,192217,11,3,3061126,Arnimplatz,2019,2,11,2,3,0,7,0,0,1,0,0,0,1,1
2915,192218,11,5,5030832,Rohrdamm,2019,2,5,2,3,6,2,2,0,1,1,0,0,0,1
2916,192219,11,11,11030721,Rüdigerstraße,2019,2,20,5,3,6,2,2,0,1,1,0,0,0,0
2917,192220,11,12,12214527,Alt-Tegel,2019,2,6,2,3,6,4,1,0,1,1,0,0,0,1
2918,192221,11,3,3040818,Pankow Süd,2019,2,6,2,3,2,2,2,0,1,0,0,0,1,1
2919,192222,11,4,4051549,Rathaus Wilmersdorf,2019,2,7,2,3,5,3,0,1,1,0,0,0,0,1
2920,192223,11,9,9051702,Bölschestraße,2019,2,8,4,3,0,1,0,1,0,0,0,0,0,1
2921,192224,11,6,6040809,Thielallee,2019,2,7,2,3,6,2,0,0,1,1,0,0,0,1
2922,192225,11,4,4041344,Rüdesheimer Platz,2019,2,8,2,3,6,2,0,0,1,1,0,0,0,1
2923,192226,11,12,12214421,Reinickes Hof,2019,2,9,2,3,2,6,0,0,1,0,0,0,0,1
2924,192227,11,1,1011204,Leipziger Straße,2019,2,18,4,3,5,3,2,0,1,0,0,0,0,1
2925,192228,11,2,2020203,Viktoriapark,2019,2,12,2,3,2,6,0,0,1,0,0,0,0,1
2926,192229,11,11,11010207,Wartenberg Nord,2019,2,12,2,3,0,3,0,0,1,0,0,0,1,0
2927,192230,11,12,12103115,Breitkopfbecken,2019,2,11,1,3,5,2,0,0,1,0,0,0,0,1
2928,192231,11,3,3020307,Buchholz,2019,2,16,5,2,6,4,0,0,1,1,0,0,0,0
2929,192232,11,2,2010103,Moritzplatz,2019,2,4,1,3,5,3,2,0,1,0,0,0,0,0
2930,192233,11,8,8010213,Körnerpark,2019,2,1,1,3,5,3,2,0,1,0,0,0,0,1
2931,192234,11,4,4020207,Flatowallee,2019,2,15,1,3,5,3,0,0,1,0,1,0,0,1
2932,192235,11,4,4030726,Droysenstraße,2019,2,18,4,3,6,2,2,0,1,1,0,0,0,1
2933,192236,11,4,4041344,Rüdesheimer Platz,2019,2,15,1,3,6,2,0,0,1,1,0,0,0,0
2934,192237,11,1,1011402,Arkonaplatz,2019,2,16,1,3,5,3,1,0,1,0,0,0,0,0
2935,192238,11,1,1011101,Stülerstraße,2019,2,17,1,3,6,4,1,1,0,1,0,0,0,0
2936,192239,11,10,10020413,Gut Hellersdorf,2019,2,19,1,3,5,2,2,0,1,0,0,0,0,1
2937,192240,11,6,6020303,Lankwitz Kirche,2019,2,7,4,3,6,4,0,0,1,1,0,0,0,0
2938,192241,11,11,11030619,Fennpfuhl Ost,2019,2,13,1,3,5,3,0,0,1,0,0,0,0,1
2939,192242,11,8,8010303,Donaustraße,2019,2,23,7,3,6,4,2,0,1,1,0,0,0,1
2940,192243,11,4,4030621,Spreestadt,2019,2,21,7,3,5,2,2,0,1,0,0,0,0,1
2941,192244,11,9,9020701,Adlershof West,2019,2,20,7,3,5,2,2,0,1,0,0,0,0,1
2942,192245,11,4,4051653,Prager Platz,2019,2,18,7,2,5,3,2,0,1,0,0,0,0,1
2943,192246,11,3,3030716,Märchenland,2019,2,14,5,3,2,6,0,0,1,0,0,0,1,0
2944,192247,11,4,4020310,Park Ruhwald,2019,2,20,7,3,2,6,2,0,1,0,0,0,0,1
2945,192248,11,3,3030405,Karow Nord,2019,2,18,7,3,5,3,2,0,1,0,0,0,0,1
2946,192249,11,1,1011304,Karl-Marx-Allee,2019,2,17,7,3,5,2,2,0,1,0,0,0,0,1
2947,192250,11,10,10010204,Wuhletalstraße,2019,2,17,4,2,6,4,1,0,1,1,0,0,0,1
2948,192251,11,7,7050504,Imbrosweg,2019,2,16,7,3,3,2,2,0,1,0,0,0,1,1
2949,192252,11,1,1033203,Humboldthain Nordwest,2019,2,16,7,3,5,3,1,0,1,0,0,0,0,1
2950,192253,11,11,11030721,Rüdigerstraße,2019,2,16,7,3,5,3,1,0,1,0,0,0,0,1
2951,192254,11,1,1022101,Huttenkiez,2019,2,14,6,3,2,6,0,0,1,0,0,0,0,0
2952,192255,11,7,7010102,Nollendorfplatz,2019,2,15,7,3,5,3,0,1,1,0,0,0,0,1
2953,192256,11,6,6040810,Dahlem,2019,2,15,7,3,5,2,0,0,1,0,0,0,0,2
2954,192257,11,5,5010208,Germersheimer Platz,2019,2,15,7,3,2,6,0,0,1,0,0,0,0,1
2955,192258,11,9,9010302,Späthsfelde,2019,2,15,7,3,5,3,0,0,1,0,0,0,0,1
2956,192259,11,4,4020204,Olympiagelände,2019,2,11,6,3,5,2,0,0,1,0,0,0,0,0
2957,192260,11,2,2010103,Moritzplatz,2019,2,12,7,3,1,5,0,1,1,0,0,0,0,0
2958,192261,11,12,12301203,Wittenau Süd,2019,2,9,7,3,2,2,0,0,1,0,0,0,0,1
2959,192262,11,8,8020622,Parchimer Allee,2019,2,17,4,3,5,3,1,1,1,0,0,0,0,0
2960,192263,11,4,7010101,Wittenbergplatz/Viktoria-Luise-Platz,2019,2,19,6,3,2,6,2,0,1,0,0,0,0,0
2961,192264,11,5,5010314,Carl-Schurz-Straße,2019,2,10,6,3,3,6,0,0,1,0,0,0,0,0
2962,192265,11,1,1022104,Emdener Straße,2019,2,12,6,3,2,6,0,0,1,0,0,0,0,1
2963,192266,11,2,2040703,Wriezener Bahnhof/Entwicklungsgebiet,2019,2,7,4,3,2,2,0,0,1,0,0,0,0,1
2964,192267,11,1,1033102,Gesundbrunnen,2019,2,17,6,3,1,5,1,0,1,0,0,0,0,0
2965,192268,11,4,4030931,Breitscheidplatz,2019,2,20,6,3,5,2,2,0,1,0,0,0,1,0
2966,192269,11,5,5020628,Graetschelsteig,2019,2,19,6,3,5,2,2,0,1,0,0,0,0,1
2967,192270,11,11,11030619,Fennpfuhl Ost,2019,2,18,5,3,2,6,2,0,1,0,0,0,0,0
2968,192271,11,9,9020802,Köllnische Vorstadt,2019,2,17,6,3,2,6,2,0,1,0,0,0,0,1
2969,192272,11,6,6020305,Gemeindepark Lankwitz,2019,2,15,6,3,5,3,0,0,1,0,0,0,0,1
2970,192273,11,5,5010206,Gütersloher Weg,2019,2,16,4,2,6,4,1,0,1,1,0,0,0,1
2971,192274,11,3,3061430,Volkspark Prenzlauer Berg,2019,2,23,6,2,6,4,2,0,1,1,0,0,0,1
2972,192275,11,3,3040818,Pankow Süd,2019,2,8,6,3,5,3,0,1,1,0,0,0,0,1
2973,192276,11,3,3020209,Niederschönhausen,2019,2,7,4,3,3,2,0,0,1,0,0,1,0,0
2974,192277,11,7,7030301,Friedenau,2019,2,16,6,3,2,6,1,0,1,0,0,0,0,0
2975,192278,11,1,1011201,Wilhelmstraße,2019,2,17,6,3,1,5,1,1,1,0,0,0,0,0
2976,192279,11,3,3040614,Pankow Zentrum,2019,2,10,6,3,0,2,0,0,1,0,0,0,1,0
2977,192280,11,2,2020204,Urbanstraße,2019,2,7,4,3,2,6,0,0,1,0,0,0,1,0
2978,192281,11,4,4030930,George-Grosz-Platz,2019,2,10,6,3,0,5,0,0,1,0,1,0,0,0
2979,192282,11,4,4030725,Amtsgerichtsplatz,2019,2,9,6,2,1,5,0,1,1,0,0,0,1,0
2980,192283,11,4,4030931,Breitscheidplatz,2019,2,9,6,3,1,5,0,0,1,0,1,0,0,0
2981,192284,11,2,2030302,Lausitzer Platz,2019,2,19,5,3,1,5,2,1,1,0,0,0,0,0
2982,192285,11,6,6040804,Krumme Lanke,2019,2,7,6,3,5,2,1,1,1,0,0,0,0,1
2983,192286,11,1,1044201,Reinickendorfer Straße,2019,2,7,6,3,5,3,1,0,1,0,0,0,0,0
2984,192287,11,8,8041036,Zittauer Straße,2019,2,7,6,3,5,3,1,0,1,0,0,0,0,0
2985,192288,11,1,2040701,Andreasviertel,2019,2,9,3,3,2,6,0,0,1,0,0,0,0,0
2986,192289,11,2,2010104,Wassertorplatz,2019,2,7,6,3,5,3,1,1,1,0,0,0,0,1
2987,192290,11,2,2020206,Graefekiez,2019,2,6,6,3,6,4,2,0,1,1,0,0,0,1
2988,192291,11,2,2010101,Askanischer Platz,2019,2,20,1,3,5,3,2,0,1,0,1,0,0,0
2989,192292,11,1,1011402,Arkonaplatz,2019,2,12,4,3,6,4,0,1,0,1,0,0,0,0
2990,192293,11,9,9031001,Bohnsdorf,2019,2,14,1,3,5,3,0,0,1,0,1,0,0,0
2991,192294,11,12,12302108,Märkisches Zentrum,2019,2,13,1,3,6,4,0,0,1,1,0,0,0,0
2992,192295,11,12,12231101,Hermsdorf,2019,2,7,4,3,5,2,0,1,1,0,0,0,0,0
2993,192296,11,3,3061227,Humannplatz,2019,2,12,1,3,5,3,0,0,1,0,0,0,0,0
2994,192297,11,4,4031032,Halensee,2019,2,0,1,3,2,6,2,0,1,0,0,0,0,0
2995,192298,11,2,2020202,Rathaus Yorckstraße,2019,2,0,1,3,5,3,2,0,1,0,0,0,0,0
2996,192299,11,1,1011204,Leipziger Straße,2019,2,22,4,3,5,3,2,0,1,0,0,0,0,0
2997,192300,11,2,2030401,Reichenberger Straße,2019,2,5,7,3,5,3,1,0,1,0,0,0,0,0
2998,192301,11,10,10030727,Biesdorf Süd,2019,2,13,7,3,6,4,0,0,1,1,0,0,0,0
2999,192302,11,10,10010204,Wuhletalstraße,2019,2,19,7,2,6,4,2,0,0,1,0,0,1,0
3000,192303,11,2,2030302,Lausitzer Platz,2019,2,20,7,3,5,3,2,1,1,0,0,0,0,0
3001,192304,11,11,11010103,Dorf Falkenberg,2019,2,20,7,3,2,6,2,0,1,0,0,0,0,0
3002,192305,11,12,12304313,Borsigwalde,2019,2,19,7,3,5,2,2,0,1,0,0,0,0,0
3003,192306,11,4,4041137,Flinsberger Platz,2019,2,19,7,3,3,6,2,0,1,0,0,0,0,0
3004,192307,11,5,5010314,Carl-Schurz-Straße,2019,2,21,7,2,0,1,2,0,1,0,0,0,0,0
3005,192308,11,4,4051550,Leon-Jessel-Platz,2019,2,8,7,3,1,5,0,1,1,0,0,0,0,0
3006,192309,11,6,6030607,Goerzwerke,2019,2,20,4,3,1,5,2,0,1,0,0,0,0,0
3007,192310,11,5,5010101,Hakenfelde Nord,2019,2,13,7,3,0,7,0,0,1,0,0,0,0,0
3008,192311,11,4,4030725,Amtsgerichtsplatz,2019,2,20,4,3,5,3,2,1,1,0,0,0,0,0
3009,192312,11,3,3071537,Kollwitzplatz,2019,2,12,7,3,2,6,0,0,1,0,0,0,0,0
3010,192313,11,7,7050505,Hundsteinweg,2019,2,12,7,2,6,4,0,0,1,1,0,0,0,0
3011,192314,11,11,11010310,Mühlengrund,2019,2,12,7,3,6,4,0,1,0,1,0,0,0,0
3012,192315,11,4,4041136,Hagenplatz,2019,2,19,4,3,3,6,2,0,1,0,0,0,0,0
3013,192316,11,4,4030725,Amtsgerichtsplatz,2019,2,11,7,3,0,1,0,0,0,0,1,0,0,0
3014,192317,11,9,9010301,Baumschulenstraße,2019,2,11,7,3,5,2,0,1,1,0,0,0,0,0
3015,192318,11,4,4020314,Messegelände,2019,2,11,7,3,5,2,0,1,1,0,0,0,0,0
3016,192319,11,12,12214527,Alt-Tegel,2019,2,19,4,2,6,4,2,0,1,1,0,0,0,0
3017,192320,11,10,10010308,Marzahner Chaussee,2019,2,10,7,3,2,6,0,0,1,0,0,0,0,0
3018,192321,11,2,2030302,Lausitzer Platz,2019,2,1,7,3,1,5,2,1,1,0,0,0,0,0
3019,192322,11,1,1011201,Wilhelmstraße,2019,2,19,4,3,5,2,2,1,0,0,0,0,1,0
3020,192323,11,9,9010101,Elsenstraße,2019,2,3,7,2,5,3,2,0,1,0,0,0,0,0
3021,192324,11,5,5010313,Ackerstraße,2019,2,9,7,3,5,2,0,0,1,0,0,0,0,0
3022,192325,11,12,12302109,Treuenbrietzener Straße,2019,2,10,7,3,6,7,0,0,1,1,0,0,0,0
3023,192326,11,8,8040933,Vogelviertel Süd,2019,2,19,4,3,6,2,2,0,1,1,0,0,0,0
3024,192327,11,1,1022104,Emdener Straße,2019,2,10,7,3,2,6,0,0,1,0,0,0,0,0
3025,192328,11,11,11040925,Victoriastadt,2019,2,19,5,2,0,1,2,1,0,0,0,0,0,0
3026,192329,11,1,1011303,Alexanderplatzviertel,2019,2,19,7,3,2,6,2,0,1,0,0,0,0,0
3027,192330,11,12,12304313,Borsigwalde,2019,2,17,7,3,5,3,1,0,1,0,0,0,1,0
3028,192331,11,4,4030827,Karl-August-Platz,2019,2,18,4,3,1,5,1,1,1,0,0,0,0,0
3029,192332,11,1,1011301,Charitéviertel,2019,2,10,5,3,1,5,0,1,1,0,0,0,0,0
3030,192333,11,3,3061228,Erich-Weinert-Straße,2019,2,17,7,3,2,6,2,0,1,0,0,0,0,0
3031,192334,11,1,1011301,Charitéviertel,2019,2,16,7,3,5,3,0,1,1,0,0,0,0,0
3032,192335,11,7,7060603,Marienfelde Nordost,2019,2,18,4,3,5,3,2,0,1,0,0,0,0,0
3033,192336,11,3,3050925,Komponistenviertel Weißensee,2019,2,15,7,3,5,3,0,0,1,0,0,0,0,0
3034,192337,11,1,1011303,Alexanderplatzviertel,2019,2,13,7,3,6,7,0,0,1,1,0,0,0,0
3035,192338,11,3,3071537,Kollwitzplatz,2019,2,17,4,3,2,7,1,1,1,0,0,0,0,0
3036,192339,11,12,12103115,Breitkopfbecken,2019,2,13,7,2,6,7,0,0,0,1,0,0,1,0
3037,192340,11,4,4051446,Preußenpark,2019,2,9,6,3,0,5,0,0,1,0,1,0,0,0
3038,192341,11,3,3061441,Eldenaer Straße,2019,2,18,4,3,5,3,1,1,0,0,0,0,0,0
3039,192342,11,6,6020408,Lichterfelde Süd,2019,2,18,6,3,3,2,2,1,1,0,0,0,0,1
3040,192343,11,3,3061126,Arnimplatz,2019,2,13,4,3,5,2,0,1,1,0,0,0,0,0
3041,192344,11,6,6010208,Bergstraße,2019,2,14,6,3,2,6,0,0,1,0,0,0,0,0
3042,192345,11,6,6030502,Zehlendorf Süd,2019,2,8,6,3,2,6,0,0,1,0,0,0,1,0
3043,192346,11,4,4051549,Rathaus Wilmersdorf,2019,2,17,4,3,5,2,0,1,1,0,0,0,0,0
3044,192347,11,4,4031032,Halensee,2019,2,21,6,3,5,2,2,1,1,0,0,0,0,0
3045,192348,11,11,11010309,Zingster Straße West,2019,2,13,6,3,6,4,0,0,1,1,0,0,0,0
3046,192349,11,1,1044202,Sparrplatz,2019,2,12,6,3,5,2,0,1,0,0,0,1,0,0