,object id,city,district,sub district key,street,year,month,hour of day,weekday,category,accident type,accident type 2,light situation,bike involved,car involved,pedestrian involved,motor bike involved,big track involved,other vehicle involved,road condition
3047,192350,11,1,1033102,Gesundbrunnen,2019,2,16,4,3,2,6,1,0,1,0,0,0,1,0
3048,192351,11,2,2040502,Friedenstraße,2019,2,13,6,3,6,2,0,0,1,1,0,0,0,0
3049,192352,11,5,5010314,Carl-Schurz-Straße,2019,2,13,6,3,6,4,0,0,1,1,0,0,0,0
3050,192353,11,1,1044201,Reinickendorfer Straße,2019,2,14,6,3,2,2,0,1,1,0,0,0,0,0
3051,192354,11,6,6030501,Berlepschstraße,2019,2,17,4,3,2,6,2,1,1,0,0,0,0,0
3052,192355,11,3,3071537,Kollwitzplatz,2019,2,13,6,3,0,3,0,1,0,0,1,0,0,0
3053,192356,11,3,3010101,Bucher Forst,2019,2,14,6,3,2,6,0,0,1,0,0,0,0,0
3054,192357,11,2,2040502,Friedenstraße,2019,2,14,6,3,1,5,0,1,1,0,0,0,0,0
3055,192358,11,8,8020727,Buckow Mitte,2019,2,16,4,3,1,5,0,0,1,0,0,0,0,0
3056,192359,11,9,9020501,Oberschöneweide West,2019,2,14,6,3,6,4,0,0,1,1,0,0,0,0
3057,192360,11,9,9020701,Adlershof West,2019,2,10,4,3,2,6,0,0,1,0,0,0,0,0
3058,192361,11,2,2040502,Friedenstraße,2019,2,7,6,3,6,7,0,0,1,1,0,0,0,0
3059,192362,11,2,2040703,Wriezener Bahnhof/Entwicklungsgebiet,2019,2,15,6,3,5,3,0,1,1,0,0,0,0,0
3060,192363,11,1,1033202,Humboldthain Süd,2019,2,15,4,3,5,3,0,0,1,0,0,0,0,0
3061,192364,11,2,2020205,Chamissokiez,2019,2,12,6,3,5,7,0,1,1,0,0,0,0,0
3062,192365,11,7,7030301,Friedenau,2019,2,5,6,3,0,5,2,0,0,0,0,0,1,0
3063,192366,11,1,1011204,Leipziger Straße,2019,2,16,6,3,5,3,0,0,1,0,0,0,0,0
3064,192367,11,4,4030930,George-Grosz-Platz,2019,2,15,4,3,1,5,0,1,1,0,0,0,0,0
3065,192368,11,2,2030401,Reichenberger Straße,2019,2,11,6,3,5,5,0,0,1,0,1,0,0,0
3066,192369,11,2,2040703,Wriezener Bahnhof/Entwicklungsgebiet,2019,2,16,6,3,1,5,0,1,1,0,0,0,1,0
3067,192370,11,3,3050919,Gustav-Adolf-Straße,2019,2,11,6,3,5,2,0,0,0,0,1,1,0,1
3068,192371,11,11,11020411,Malchower Weg,2019,2,16,6,3,2,7,0,0,1,0,0,0,0,0
3069,192372,11,8,8041037,Alt-Rudow,2019,2,15,4,2,6,4,0,0,1,1,0,0,0,0
3070,192373,11,4,4030518,Tegeler Weg,2019,2,11,6,3,2,6,0,0,0,0,0,1,1,0
3071,192374,11,4,4051446,Preußenpark,2019,2,10,6,3,5,3,0,0,1,0,0,0,0,0
3072,192375,11,1,1011302,Oranienburger Straße,2019,2,18,6,3,1,5,1,1,1,0,0,0,0,0
3073,192376,11,5,5020625,Borkumer Straße,2019,2,7,4,3,0,2,0,1,1,0,0,0,0,0
3074,192377,11,3,3061131,Falkplatz,2019,2,14,6,3,5,2,0,1,1,0,0,0,0,0
3075,192378,11,3,3061131,Falkplatz,2019,2,19,6,3,2,6,2,0,1,0,1,0,0,0
3076,192379,11,4,4030726,Droysenstraße,2019,2,5,4,3,6,4,2,0,1,1,0,0,0,0
3077,192380,11,11,11030721,Rüdigerstraße,2019,2,10,6,3,5,2,0,1,1,0,0,0,0,0
3078,192381,11,4,4051447,Ludwigkirchplatz,2019,2,19,6,3,6,7,2,0,1,1,0,0,0,0
3079,192382,11,2,2050801,Traveplatz,2019,2,20,6,3,5,3,2,1,1,0,0,0,0,0
3080,192383,11,5,5010314,Carl-Schurz-Straße,2019,2,7,3,3,2,6,0,0,1,0,0,0,0,0
3081,192384,11,7,7070704,Nahariyastraße,2019,2,20,6,3,6,4,2,1,0,1,0,0,0,0
3082,192385,11,4,4051445,Eisenzahnstraße,2019,2,21,6,3,5,2,2,0,1,0,0,0,0,0
3083,192386,11,10,10040931,Mahlsdorf Nord,2019,2,11,6,2,5,3,0,1,1,0,0,0,0,0
3084,192387,11,5,5010312,Kurstraße,2019,2,13,3,3,5,3,0,0,1,0,0,0,0,0
3085,192388,11,1,1044202,Sparrplatz,2019,2,9,6,3,2,6,0,0,1,0,0,0,1,0
3086,192389,11,8,8020727,Buckow Mitte,2019,2,14,6,3,5,2,0,0,1,0,0,0,1,0
3087,192390,11,10,10010206,Ringkolonnaden,2019,2,7,3,3,5,3,0,0,1,0,0,0,1,0
3088,192391,11,12,12214125,Waldidyll/Flughafensee,2019,2,16,6,2,3,6,0,1,1,0,0,0,0,0
3089,192392,11,6,6020301,Alt-Lankwitz,2019,2,20,6,3,0,1,2,0,0,0,1,0,0,0
3090,192393,11,9,9051901,Dammvorstadt,2019,2,16,6,2,0,1,0,0,0,0,1,0,0,0
3091,192394,11,12,12214125,Waldidyll/Flughafensee,2019,2,12,3,3,6,4,0,0,1,1,0,0,0,0
3092,192395,11,7,7020201,Bayerischer Platz,2019,2,16,5,3,3,6,0,0,1,0,0,0,0,0
3093,192396,11,7,7040404,Marienhöhe,2019,2,15,5,3,5,2,0,0,1,0,0,0,1,0
3094,192397,11,7,7020201,Bayerischer Platz,2019,2,18,5,2,6,2,2,0,1,1,0,0,0,1
3095,192398,11,7,7070703,John-Locke-Straße,2019,2,15,3,3,5,3,0,0,1,0,0,0,0,0
3096,192399,11,8,8010405,Hertzbergplatz,2019,2,16,5,3,1,5,0,0,1,0,0,0,0,1
3097,192400,11,8,8010301,Reuterkiez,2019,2,20,5,3,6,2,2,0,1,1,0,0,0,0
3098,192401,11,7,7030301,Friedenau,2019,2,11,5,3,2,6,0,0,1,0,0,0,0,1
3099,192402,11,4,4041241,Breite Straße,2019,2,21,5,3,6,2,2,0,1,1,0,0,0,1
3100,192403,11,10,10040933,Mahlsdorf Süd,2019,2,12,3,3,5,3,0,0,1,0,0,0,0,0
3101,192404,11,1,1011105,Nördlicher Landwehrkanal,2019,2,19,5,2,5,2,2,0,1,0,1,0,0,1
3102,192405,11,2,2030301,Oranienplatz,2019,2,19,5,3,6,2,2,0,1,1,0,0,0,1
3103,192406,11,2,2030302,Lausitzer Platz,2019,2,9,3,3,3,6,0,1,0,0,0,1,0,0
3104,192407,11,1,7010101,Wittenbergplatz/Viktoria-Luise-Platz,2019,2,19,5,3,5,3,2,1,1,0,0,0,0,1
3105,192408,11,8,8010301,Reuterkiez,2019,2,19,5,3,5,2,2,0,0,0,1,0,1,1
3106,192409,11,2,2040703,Wriezener Bahnhof/Entwicklungsgebiet,2019,2,9,3,3,5,2,0,1,1,0,0,0,0,0
3107,192410,11,10,10040931,Mahlsdorf Nord,2019,2,19,5,2,6,2,2,0,1,1,0,0,0,1
3108,192411,11,4,4020311,Reichsstraße,2019,2,13,4,3,6,2,0,0,1,1,0,0,0,0
3109,192412,11,7,7050505,Hundsteinweg,2019,2,18,5,3,5,2,1,0,1,0,1,0,0,1
3110,192413,11,5,5030731,Gartenfelder Straße,2019,2,17,5,3,5,7,2,0,1,0,1,0,0,1
3111,192414,11,1,1011104,Körnerstraße,2019,2,8,3,3,5,2,0,1,1,0,0,0,0,0
3112,192415,11,3,3061228,Erich-Weinert-Straße,2019,2,17,5,3,5,3,2,1,1,0,0,0,0,1
3113,192416,11,1,1011204,Leipziger Straße,2019,2,15,4,3,2,6,0,0,1,0,0,0,0,0
3114,192417,11,4,4030726,Droysenstraße,2019,2,16,5,3,5,7,0,0,1,0,0,0,0,1
3115,192418,11,12,12214527,Alt-Tegel,2019,2,16,5,3,0,2,0,1,1,0,0,0,0,1
3116,192419,11,9,9010402,Johannisthal Ost,2019,2,6,3,3,3,6,0,0,1,0,0,0,0,0
3117,192420,11,6,6030503,Zehlendorf Mitte,2019,2,10,5,3,0,7,0,0,1,0,0,0,0,1
3118,192421,11,11,11051229,Rummelsburg,2019,2,8,5,3,2,2,0,0,1,0,0,0,0,1
3119,192422,11,8,8020625,Handwerker-Siedlung,2019,2,8,5,3,5,2,0,0,1,0,0,0,1,1
3120,192423,11,11,11020412,Hauptstraße,2019,2,18,3,3,1,1,2,0,1,0,0,0,0,0
3121,192424,11,1,1011202,Unter den Linden Nord,2019,2,8,5,3,6,7,0,0,1,1,0,0,0,1
3122,192425,11,10,10030724,Oberfeldstraße,2019,2,7,5,3,5,2,0,0,1,0,0,0,1,0
3123,192426,11,1,1033201,Brunnenstraße,2019,2,6,5,3,6,2,0,0,1,1,0,0,0,1
3124,192427,11,6,6030609,Augustaplatz,2019,2,8,4,3,5,7,0,0,1,0,0,0,0,0
3125,192428,11,9,9020802,Köllnische Vorstadt,2019,2,6,5,2,5,2,0,1,1,0,0,0,0,1
3126,192429,11,1,1033102,Gesundbrunnen,2019,2,1,5,3,1,1,2,0,1,0,0,0,0,0
3127,192430,11,3,3010102,Buch,2019,2,5,3,3,2,6,2,0,1,0,0,0,0,0
3128,192431,11,4,4010103,Paul-Hertz-Siedlung,2019,2,6,5,3,5,2,1,0,1,0,1,0,0,1
3129,192432,11,1,1033202,Humboldthain Süd,2019,2,13,5,3,5,3,0,0,1,0,0,0,0,0
3130,192433,11,2,2040503,Richard-Sorge-Viertel,2019,2,12,5,3,5,3,0,0,1,0,1,0,0,1
3131,192434,11,1,1011202,Unter den Linden Nord,2019,2,12,5,3,2,6,0,0,1,0,0,0,0,0
3132,192435,11,4,4020206,Angerburger Allee,2019,2,0,3,3,5,3,2,0,1,0,0,0,0,0
3133,192436,11,10,10010308,Marzahner Chaussee,2019,2,12,5,3,6,4,0,0,1,1,0,0,0,1
3134,192437,11,5,5010339,Freiheit,2019,2,11,5,2,2,6,0,0,1,0,0,0,1,0
3135,192438,11,8,8020727,Buckow Mitte,2019,2,11,5,2,6,2,0,0,0,1,0,0,1,1
3136,192439,11,5,5030833,Motardstraße,2019,2,16,3,2,5,2,0,0,1,0,0,0,0,0
3137,192440,11,7,7040404,Marienhöhe,2019,2,9,5,3,0,6,0,1,1,0,0,0,0,0
3138,192441,11,3,3030715,Heinersdorf,2019,2,11,5,2,6,3,0,0,1,1,0,0,0,0
3139,192442,11,7,7030303,Grazer Platz,2019,2,10,5,3,5,3,0,0,1,0,0,0,0,1
3140,192443,11,1,1011302,Oranienburger Straße,2019,2,18,4,3,3,6,2,1,0,0,0,0,0,0
3141,192444,11,10,10030724,Oberfeldstraße,2019,2,14,4,3,2,6,0,0,1,0,0,0,0,0
3142,192445,11,12,12304313,Borsigwalde,2019,2,8,4,3,0,6,0,0,1,0,0,0,0,0
3143,192446,11,1,1011105,Nördlicher Landwehrkanal,2019,2,17,4,3,0,3,0,1,1,0,0,0,0,0
3144,192447,11,11,11041022,Rosenfelder Ring,2019,2,16,3,3,2,2,0,1,1,0,0,0,1,0
3145,192448,11,6,6010205,Südende,2019,2,8,4,3,6,4,0,0,1,1,0,0,0,0
3146,192449,11,3,3030406,Alt-Karow,2019,2,5,4,3,5,2,2,1,1,0,0,0,0,0
3147,192450,11,3,3020209,Niederschönhausen,2019,2,7,4,3,5,3,0,0,1,0,0,0,0,0
3148,192451,11,8,8020619,Buschkrugallee Nord,2019,2,11,3,2,0,1,0,0,0,0,1,0,0,0
3149,192452,11,7,7070702,Alt-Lichtenrade/Töpchiner Weg,2019,2,7,4,3,5,3,0,1,1,0,0,0,0,0
3150,192453,11,10,10020623,Rotes Viertel,2019,2,11,5,3,5,3,0,0,1,0,0,0,0,0
3151,192454,11,8,8010115,Hasenheide,2019,2,12,4,3,2,6,0,0,1,0,0,0,0,0
3152,192455,11,10,11020516,Weiße Taube,2019,2,13,4,3,0,3,0,0,1,0,0,0,1,0
3153,192456,11,2,2020204,Urbanstraße,2019,2,16,3,3,3,6,0,1,1,0,0,0,0,0
3154,192457,11,4,4030726,Droysenstraße,2019,2,10,4,3,6,2,0,0,1,1,0,0,0,0
3155,192458,11,8,8010117,Schillerpromenade,2019,2,11,4,3,0,2,0,0,1,0,1,0,0,0
3156,192459,11,1,1022104,Emdener Straße,2019,2,11,4,3,1,5,0,1,1,0,0,0,0,0
3157,192460,11,5,5030730,Zitadellenweg,2019,2,14,4,3,5,3,0,0,1,0,0,0,0,0
3158,192461,11,1,1011304,Karl-Marx-Allee,2019,2,18,2,2,0,7,2,0,0,0,1,0,0,0
3159,192462,11,1,1022204,Thomasiusstraße,2019,2,11,4,3,6,3,0,0,1,1,0,0,0,0
3160,192463,11,1,1022204,Thomasiusstraße,2019,2,13,4,3,5,2,0,1,1,0,0,0,0,0
3161,192464,11,8,8010302,Bouchéstraße,2019,2,14,2,3,1,5,0,0,1,0,0,0,0,0
3162,192465,11,2,2030302,Lausitzer Platz,2019,2,14,4,3,3,6,0,1,1,0,0,0,0,0
3163,192466,11,4,4030931,Breitscheidplatz,2019,2,15,4,3,5,2,0,0,1,0,0,0,0,0
3164,192467,11,4,4030620,Alt-Lietzow,2019,2,10,4,3,0,1,0,0,0,0,1,0,0,0
3165,192468,11,1,1022103,Westhafen,2019,2,8,2,3,2,6,0,0,0,0,0,1,1,0
3166,192469,11,5,5010207,Darbystraße,2019,2,16,4,2,5,3,0,0,1,0,0,0,0,0
3167,192470,11,7,7020201,Bayerischer Platz,2019,2,17,5,3,5,2,1,0,1,0,0,0,0,0
3168,192471,11,3,3050925,Komponistenviertel Weißensee,2019,2,17,4,2,6,4,0,0,1,1,0,0,0,0
3169,192472,11,8,8020622,Parchimer Allee,2019,2,17,4,3,2,6,1,0,1,0,0,0,0,0
3170,192473,11,10,10010309,Springpfuhl,2019,2,7,2,3,0,7,0,1,0,0,0,0,0,0
3171,192474,11,3,3061228,Erich-Weinert-Straße,2019,2,18,4,2,6,4,1,0,1,1,0,0,0,0
3172,192475,11,2,2020202,Rathaus Yorckstraße,2019,2,12,3,3,5,2,0,0,1,0,0,0,0,0
3173,192476,11,6,6010103,Markelstraße,2019,2,18,2,3,5,2,2,1,0,0,0,0,1,0
3174,192477,11,3,3030716,Märchenland,2019,2,17,2,3,1,5,1,1,0,0,0,1,0,0
3175,192478,11,4,4030827,Karl-August-Platz,2019,2,8,3,3,0,4,0,1,0,1,0,0,0,0
3176,192479,11,1,1011202,Unter den Linden Nord,2019,2,10,3,3,5,7,0,0,1,0,0,0,0,0
3177,192480,11,3,3040614,Pankow Zentrum,2019,2,17,2,2,6,4,0,0,1,1,0,0,0,0
3178,192481,11,4,4030929,Hindemithplatz,2019,2,16,3,3,1,5,0,1,1,0,0,0,0,0
3179,192482,11,5,5010206,Gütersloher Weg,2019,2,15,3,3,5,7,0,0,1,0,1,0,0,0
3180,192483,11,6,6030503,Zehlendorf Mitte,2019,2,16,2,3,0,2,0,1,0,0,0,0,1,0
3181,192484,11,3,3050919,Gustav-Adolf-Straße,2019,2,14,3,3,4,7,0,0,1,0,0,0,0,0
3182,192485,11,2,2020206,Graefekiez,2019,2,12,4,3,2,6,0,0,1,0,0,0,0,0
3183,192486,11,12,12214125,Waldidyll/Flughafensee,2019,2,12,3,3,5,3,0,0,1,0,0,0,1,0
3184,192487,11,12,12301203,Wittenau Süd,2019,2,11,3,3,5,3,0,0,1,0,0,0,1,0
3185,192488,11,2,2020205,Chamissokiez,2019,2,16,2,3,5,3,0,0,1,0,0,0,0,0
3186,192489,11,6,6020303,Lankwitz Kirche,2019,2,10,3,3,2,6,0,0,1,0,0,0,0,0
3187,192490,11,11,11010310,Mühlengrund,2019,2,9,3,3,2,4,0,0,1,1,1,0,0,0
3188,192491,11,9,9041302,Wendenschloß,2019,2,9,3,3,0,1,0,1,0,0,0,0,0,0
3189,192492,11,12,12214125,Waldidyll/Flughafensee,2019,2,16,2,3,5,3,0,0,1,0,1,0,0,0
3190,192493,11,2,2050801,Traveplatz,2019,2,8,3,3,5,7,0,1,1,0,0,0,0,0
3191,192494,11,1,1044101,Rehberge,2019,2,8,3,3,5,3,0,1,1,0,0,0,0,0
3192,192495,11,1,1022106,Elberfelder Straße,2019,2,8,3,3,5,2,0,1,1,0,0,0,0,0
3193,192496,11,12,12214125,Waldidyll/Flughafensee,2019,2,7,3,3,6,4,0,1,0,1,0,0,0,0
3194,192497,11,1,1011105,Nördlicher Landwehrkanal,2019,2,22,3,3,0,7,2,1,0,0,0,0,0,0
3195,192498,11,8,8010118,Silbersteinstraße,2019,2,20,3,3,6,4,2,0,1,1,0,0,0,1
3196,192499,11,8,8010301,Reuterkiez,2019,2,18,3,3,5,2,2,1,1,0,0,0,0,0
3197,192500,11,6,6040804,Krumme Lanke,2019,2,11,4,3,5,2,0,1,1,0,0,0,0,0
3198,192501,11,12,12103117,Letteplatz,2019,2,17,3,3,3,6,2,1,1,0,0,0,0,0
3199,192502,11,1,1011304,Karl-Marx-Allee,2019,2,17,3,3,2,6,2,1,1,0,0,0,0,0
3200,192503,11,12,12224229,Konradshöhe/Tegelort,2019,2,15,2,3,0,7,0,0,0,0,0,0,1,0
3201,192504,11,1,1022101,Huttenkiez,2019,2,17,3,3,6,4,1,0,1,1,0,0,0,0
3202,192505,11,9,9030901,Dorf Altglienicke,2019,2,14,2,3,5,2,0,0,1,0,0,0,0,0
3203,192506,11,8,8010212,Rollberg,2019,2,7,2,3,5,3,0,0,1,0,0,0,0,0
3204,192507,11,6,6030607,Goerzwerke,2019,2,15,2,3,2,6,0,0,1,0,0,0,1,0
3205,192508,11,2,2040703,Wriezener Bahnhof/Entwicklungsgebiet,2019,2,19,2,3,1,5,2,1,1,0,0,0,1,0
3206,192509,11,9,9051901,Dammvorstadt,2019,2,13,2,2,6,4,0,1,0,1,0,0,0,0
3207,192510,11,1,1011103,Lützowstraße,2019,2,21,2,3,5,3,2,1,1,0,0,0,0,0
3208,192511,11,2,2010104,Wassertorplatz,2019,2,19,2,3,3,6,2,0,1,0,1,0,0,0
3209,192512,11,9,9020802,Köllnische Vorstadt,2019,2,17,2,3,2,7,2,0,1,0,0,0,0,0
3210,192513,11,7,7010103,Barbarossaplatz,2019,2,17,2,3,6,4,1,1,0,1,0,0,0,0
3211,192514,11,2,2020205,Chamissokiez,2019,2,15,2,3,4,5,0,1,0,0,0,0,0,0
3212,192515,11,4,4030931,Breitscheidplatz,2019,2,17,2,2,0,6,0,0,1,0,0,0,1,0
3213,192516,11,8,8010211,Flughafenstraße,2019,2,17,2,3,6,4,0,0,1,1,0,0,0,0
3214,192517,11,2,2010102,Mehringplatz,2019,2,9,4,2,5,3,0,0,1,0,0,0,0,0
3215,192518,11,12,12103117,Letteplatz,2019,2,14,2,3,5,3,0,1,1,0,0,0,0,0
3216,192519,11,8,8010508,Weiße Siedlung,2019,2,14,2,3,5,3,0,0,1,0,0,0,0,0
3217,192520,11,10,10020413,Gut Hellersdorf,2019,2,14,2,3,2,6,0,0,1,0,0,0,0,0
3218,192521,11,11,11020515,Landsberger Allee,2019,2,12,2,3,5,3,0,1,0,0,0,0,1,0
3219,192522,11,10,11030720,Herzbergstraße,2019,2,11,2,3,3,6,0,0,1,0,0,0,0,0
3220,192523,11,3,3020210,Herthaplatz,2019,2,11,2,3,0,5,0,1,1,0,0,0,0,0
3221,192524,11,5,5010103,Amorbacher Weg,2019,2,14,2,3,3,6,0,1,1,0,0,0,0,0
3222,192525,11,9,9041501,Altstadt Kietz,2019,2,11,2,2,0,1,0,1,0,0,0,0,0,0
3223,192526,11,1,1044103,Westliche Müllerstraße,2019,2,10,2,3,2,6,0,0,1,0,0,0,0,0
3224,192527,11,4,4030417,Schloßstraße,2019,2,8,2,2,6,4,0,0,1,1,0,0,0,0
3225,192528,11,8,8040933,Vogelviertel Süd,2019,2,13,2,3,1,1,0,0,1,0,0,0,1,0
3226,192529,11,1,1011401,Invalidenstraße,2019,2,17,2,3,5,3,0,0,1,0,1,0,0,0
3227,192530,11,7,7020203,Kaiser-Wilhelm-Platz,2019,2,16,2,3,5,2,0,1,0,0,0,0,0,0
3228,192531,11,11,11020412,Hauptstraße,2019,2,13,2,2,6,4,0,0,1,1,0,0,0,0
3229,192532,11,3,3020307,Buchholz,2019,2,16,2,3,5,2,0,1,1,0,0,0,0,0
3230,192533,11,6,6030605,Botanischer Garten,2019,2,16,2,3,5,2,0,0,1,0,0,0,0,0
3231,192534,11,12,12214423,Mellerbogen,2019,2,13,2,3,2,6,0,0,1,0,1,0,0,0
3232,192535,11,1,1011102,Großer Tiergarten,2019,2,15,2,3,3,2,0,0,1,0,1,0,0,0
3233,192536,11,4,4041241,Breite Straße,2019,2,15,5,2,5,3,0,0,1,0,0,0,0,0
3234,192537,11,9,9020502,Oberschöneweide Ost,2019,2,14,2,3,5,3,0,1,1,0,0,0,0,0
3235,192538,11,1,1022106,Elberfelder Straße,2019,2,14,2,3,5,5,0,0,1,0,1,0,0,0
3236,192539,11,9,9010301,Baumschulenstraße,2019,2,10,2,3,6,4,0,0,1,1,0,0,0,0
3237,192540,11,3,3061429,Greifswalder Straße,2019,2,20,1,3,6,4,2,0,1,1,0,0,0,0
3238,192541,11,1,1011105,Nördlicher Landwehrkanal,2019,2,23,5,3,5,2,2,0,1,0,0,0,0,0
3239,192542,11,7,7020202,Volkspark (Rudolf-Wilde-Park),2019,2,13,1,3,1,5,0,1,1,0,0,0,0,0
3240,192543,11,8,8020726,Buckow West,2019,2,14,1,3,2,6,0,0,1,0,0,0,0,0
3241,192544,11,3,3020210,Herthaplatz,2019,2,10,2,3,3,6,0,0,1,0,0,1,0,0
3242,192545,11,9,9010402,Johannisthal Ost,2019,2,9,1,3,3,6,0,1,0,0,0,0,1,0
3243,192546,11,5,5010314,Carl-Schurz-Straße,2019,2,18,1,2,2,4,2,0,1,1,0,0,0,0
3244,192547,11,11,11041128,Sewanstraße,2019,2,10,2,3,6,2,0,0,1,1,0,0,0,0
3245,192548,11,4,4041344,Rüdesheimer Platz,2019,2,16,1,3,1,5,0,1,1,0,0,0,0,0
3246,192549,11,2,2010101,Askanischer Platz,2019,2,21,1,2,6,2,2,0,1,1,0,0,0,0
3247,192550,11,1,1011202,Unter den Linden Nord,2019,2,9,2,3,0,7,0,0,1,0,1,0,0,0
3248,192551,11,2,2040502,Friedenstraße,2019,2,21,1,2,5,2,2,0,1,0,1,0,0,0
3249,192552,11,11,11030618,Fennpfuhl West,2019,2,13,4,3,5,2,0,1,1,0,0,0,0,0
3250,192553,11,1,1011204,Leipziger Straße,2019,2,17,1,3,5,2,1,1,1,0,0,0,0,0
3251,192554,11,9,9041501,Altstadt Kietz,2019,2,15,1,3,6,4,0,1,0,1,0,0,0,0
3252,192555,11,4,4051445,Eisenzahnstraße,2019,2,9,2,3,5,7,0,0,1,0,0,0,1,0
3253,192556,11,1,1033102,Gesundbrunnen,2019,2,15,1,3,6,2,0,0,1,1,0,0,0,0
3254,192557,11,2,2030402,Wrangelkiez,2019,2,15,1,3,2,6,0,1,1,0,0,0,0,0
3255,192558,11,11,11030619,Fennpfuhl Ost,2019,2,14,1,3,5,3,0,0,1,0,0,0,0,0
3256,192559,11,12,12231101,Hermsdorf,2019,2,8,2,3,2,6,0,0,1,0,0,0,0,0
3257,192560,11,1,1044202,Sparrplatz,2019,2,14,1,3,2,1,0,1,1,0,0,0,0,0
3258,192561,11,4,4010101,Jungfernheide,2019,2,3,1,3,9,1,2,0,1,0,0,0,0,0
3259,192562,11,2,2030302,Lausitzer Platz,2019,2,14,1,3,1,5,0,0,1,0,0,0,0,0
3260,192563,11,1,1011303,Alexanderplatzviertel,2019,2,22,2,3,5,2,2,1,1,0,0,0,0,0
3261,192564,11,1,1011202,Unter den Linden Nord,2019,2,18,1,2,5,2,2,1,1,0,0,0,0,0
3262,192565,11,7,7020202,Volkspark (Rudolf-Wilde-Park),2019,2,21,1,2,5,2,2,0,1,0,0,0,1,0
3263,192566,11,10,10010311,Landsberger Tor,2019,2,15,1,2,5,2,0,0,1,0,0,0,0,0
3264,192567,11,12,12103117,Letteplatz,2019,2,5,2,3,2,6,2,0,1,0,0,0,0,0
3265,192568,11,2,2020203,Viktoriapark,2019,2,8,1,3,1,5,0,0,1,0,0,0,1,0
3266,192569,11,6,6040703,Nikolassee,2019,2,8,4,3,5,3,0,1,1,0,0,0,0,0
3267,192570,11,11,11010102,Dorf Wartenberg,2019,2,10,7,3,5,2,0,0,1,0,1,0,0,0
3268,192571,11,1,1022206,Lüneburger Straße,2019,2,2,7,3,6,4,2,0,1,1,0,0,0,0
3269,192572,11,9,9041301,Kietzer Feld/Nachtheide,2019,2,6,2,3,2,6,1,0,1,0,0,0,0,0
3270,192573,11,4,4030931,Breitscheidplatz,2019,2,22,7,3,5,3,2,1,1,0,0,0,0,0
3271,192574,11,2,2030301,Oranienplatz,2019,2,21,7,3,3,6,2,1,1,0,0,0,0,0
3272,192575,11,4,4030827,Karl-August-Platz,2019,2,18,7,3,1,5,2,0,1,0,0,0,0,0
3273,192576,11,12,12214424,Scharnweberstraße,2019,2,7,2,3,3,6,0,0,1,0,0,1,0,0
3274,192577,11,10,10020413,Gut Hellersdorf,2019,2,17,7,3,5,3,1,0,1,0,0,0,1,0
3275,192578,11,7,7010101,Wittenbergplatz/Viktoria-Luise-Platz,2019,2,11,7,3,5,2,0,1,1,0,0,0,0,0
3276,192579,11,3,3030406,Alt-Karow,2019,2,9,7,3,5,3,0,0,1,0,0,0,0,0
3277,192580,11,5,5010103,Amorbacher Weg,2019,2,16,7,3,0,7,0,0,1,0,0,0,0,0
3278,192581,11,12,12214424,Scharnweberstraße,2019,2,20,2,3,1,5,2,0,1,0,0,0,0,0
3279,192582,11,4,4030931,Breitscheidplatz,2019,2,15,7,3,6,4,0,0,1,1,0,0,0,0
3280,192583,11,8,8010214,Glasower Straße,2019,2,14,7,3,5,2,0,1,1,0,0,0,0,0
3281,192584,11,2,2020204,Urbanstraße,2019,2,14,7,3,2,6,0,0,1,0,0,0,0,0
3282,192585,11,3,3051022,Hansastraße,2019,2,7,4,3,5,2,0,1,1,0,0,0,0,0
3283,192586,11,4,4051445,Eisenzahnstraße,2019,2,13,7,2,6,7,0,0,1,1,0,0,0,0
3284,192587,11,7,7040401,Neu-Tempelhof,2019,2,13,7,3,6,4,0,0,1,1,0,0,0,0
3285,192588,11,10,10010309,Springpfuhl,2019,2,19,2,3,6,7,2,0,1,1,0,0,0,0
3286,192589,11,7,7060604,Marienfelde Süd,2019,2,13,7,3,2,6,0,0,1,0,0,0,0,0
3287,192590,11,1,1011202,Unter den Linden Nord,2019,2,20,6,2,5,3,2,1,1,0,0,0,0,0
3288,192591,11,5,5010314,Carl-Schurz-Straße,2019,2,19,6,3,2,6,2,0,1,0,0,0,0,0
3289,192592,11,12,12231101,Hermsdorf,2019,2,7,2,3,1,5,0,1,1,0,0,0,0,0
3290,192593,11,3,3061227,Humannplatz,2019,2,21,6,3,6,4,2,1,0,1,0,0,0,0
3291,192594,11,5,5010310,Eckschanze,2019,2,10,5,2,1,7,0,0,1,0,0,0,1,0
3292,192595,11,4,5030833,Motardstraße,2019,2,20,6,3,2,6,2,0,1,0,1,0,0,0
3293,192596,11,12,12302110,Dannenwalder Weg,2019,2,18,6,3,2,6,2,0,1,0,0,0,0,0
3294,192597,11,10,10030725,Buckower Ring,2019,2,21,2,2,9,1,2,0,0,0,1,0,0,0
3295,192598,11,9,9041301,Kietzer Feld/Nachtheide,2019,2,8,6,3,5,3,0,0,1,0,0,0,1,0
3296,192599,11,4,4030931,Breitscheidplatz,2019,2,8,6,3,1,5,0,0,1,0,1,0,0,0
3297,192600,11,8,8010406,Treptower Straße Nord,2019,2,8,6,3,6,4,0,0,1,1,0,0,0,0
3298,192601,11,4,4051653,Prager Platz,2019,2,7,6,3,5,2,0,1,1,0,0,0,0,0