,object id,city,district,sub district key,street,year,month,hour of day,weekday,category,accident type,accident type 2,light situation,bike involved,car involved,pedestrian involved,motor bike involved,big track involved,other vehicle involved,road condition
3299,192602,11,7,7030302,Ceciliengärten,2019,2,7,2,3,0,1,0,0,0,0,1,0,0,0
3300,192603,11,1,1022106,Elberfelder Straße,2019,2,15,6,2,6,2,0,0,1,1,0,0,0,0
3301,192604,11,12,12103218,Teichstraße,2019,2,15,6,3,2,6,0,0,1,0,0,0,0,0
3302,192605,11,3,3020209,Niederschönhausen,2019,2,8,2,3,5,3,0,1,1,0,0,0,0,0
3303,192606,11,1,1011105,Nördlicher Landwehrkanal,2019,2,15,6,3,1,5,0,1,1,0,0,0,0,0
3304,192607,11,9,9010101,Elsenstraße,2019,2,16,6,2,2,7,0,1,1,0,0,0,0,0
3305,192608,11,1,1044203,Leopoldplatz,2019,2,7,6,2,2,7,0,1,0,0,0,0,0,0
3306,192609,11,4,4010102,Plötzensee,2019,2,16,1,3,2,6,0,0,1,0,0,0,0,0
3307,192610,11,10,10020622,Kaulsdorf Nord I,2019,2,7,6,3,3,6,0,0,1,0,0,1,0,0
3308,192611,11,11,11020513,Orankesee,2019,2,18,5,3,2,6,1,0,1,0,0,0,0,0
3309,192612,11,8,8010301,Reuterkiez,2019,2,7,6,3,6,2,0,0,1,1,0,0,0,0
3310,192613,11,7,7050503,Eisenacher Straße,2019,2,7,6,3,5,3,1,1,1,0,0,0,0,0
3311,192614,11,7,7070701,Kettinger Straße/Schillerstraße,2019,2,16,1,3,0,7,0,0,0,1,0,0,1,0
3312,192615,11,1,1011201,Wilhelmstraße,2019,2,6,6,3,2,6,0,0,1,0,0,0,0,0
3313,192616,11,2,2020203,Viktoriapark,2019,2,5,6,2,5,2,2,1,1,0,0,0,0,0
3314,192617,11,9,9020702,Adlershof Ost,2019,2,16,1,3,2,6,0,0,1,0,0,0,0,0
3315,192618,11,9,9020501,Oberschöneweide West,2019,2,5,6,2,3,6,2,0,1,0,0,1,0,0
3316,192619,11,3,3050919,Gustav-Adolf-Straße,2019,2,16,6,3,6,4,0,0,1,1,0,0,0,0
3317,192620,11,8,8040933,Vogelviertel Süd,2019,2,16,1,3,1,5,0,0,1,0,0,0,1,0
3318,192621,11,3,3040818,Pankow Süd,2019,2,16,6,2,2,6,1,0,1,0,0,0,0,0
3319,192622,11,8,8020727,Buckow Mitte,2019,2,17,6,3,1,1,1,0,1,0,0,0,1,0
3320,192623,11,2,2020202,Rathaus Yorckstraße,2019,2,8,6,3,2,3,0,1,1,0,0,0,0,0
3321,192624,11,1,1011303,Alexanderplatzviertel,2019,2,16,1,3,5,7,0,0,1,0,0,0,0,0
3322,192625,11,2,2020204,Urbanstraße,2019,2,8,6,3,5,2,0,1,1,0,0,0,0,0
3323,192626,11,3,3061227,Humannplatz,2019,2,14,4,3,3,6,0,0,1,0,0,0,0,0
3324,192627,11,6,6030605,Botanischer Garten,2019,2,18,6,3,5,2,1,0,1,0,0,0,1,0
3325,192628,11,3,3071536,Teutoburger Platz,2019,2,18,6,3,6,4,1,0,1,1,0,0,0,0
3326,192629,11,4,4051448,Schaperstraße,2019,2,17,1,3,5,7,1,1,1,0,0,0,0,0
3327,192630,11,9,9051901,Dammvorstadt,2019,2,9,6,3,3,6,0,1,0,0,0,0,0,0
3328,192631,11,8,8020619,Buschkrugallee Nord,2019,2,18,6,3,5,3,2,0,1,0,0,0,0,0
3329,192632,11,5,5030731,Gartenfelder Straße,2019,2,15,6,3,5,2,0,1,1,0,0,0,0,0
3330,192633,11,4,4010103,Paul-Hertz-Siedlung,2019,2,17,1,3,2,7,2,0,1,0,0,1,0,0
3331,192634,11,11,11030721,Rüdigerstraße,2019,2,10,6,3,5,3,0,0,1,0,0,0,0,0
3332,192635,11,4,4030620,Alt-Lietzow,2019,2,7,4,3,6,4,0,0,1,1,0,0,0,0
3333,192636,11,2,2020203,Viktoriapark,2019,3,23,2,3,5,3,2,0,1,0,0,0,0,1
3334,192637,11,9,9020802,Köllnische Vorstadt,2019,3,17,5,3,6,2,0,0,1,1,0,0,0,1
3335,192638,11,7,7020201,Bayerischer Platz,2019,3,8,2,3,5,2,0,0,1,0,0,0,0,1
3336,192639,11,12,12103115,Breitkopfbecken,2019,3,22,2,3,9,1,2,0,1,0,0,0,0,1
3337,192640,11,6,6040703,Nikolassee,2019,3,16,5,2,5,3,0,1,1,0,0,0,0,1
3338,192641,11,4,4030931,Breitscheidplatz,2019,3,8,2,3,1,5,0,1,1,0,0,0,1,1
3339,192642,11,3,3050925,Komponistenviertel Weißensee,2019,3,5,1,3,1,1,2,0,1,0,0,0,0,0
3340,192643,11,11,11020513,Orankesee,2019,3,5,1,3,2,6,2,0,1,0,0,0,0,0
3341,192644,11,12,12304314,Ziekowstraße/Freie Scholle,2019,3,16,5,3,5,3,1,1,1,0,0,0,0,1
3342,192645,11,9,9010101,Elsenstraße,2019,3,20,1,3,6,2,2,0,1,1,0,0,0,1
3343,192646,11,2,2020203,Viktoriapark,2019,3,19,5,3,5,3,2,1,1,0,0,0,0,1
3344,192647,11,7,7010102,Nollendorfplatz,2019,3,19,1,3,5,2,2,1,1,0,0,0,0,1
3345,192648,11,2,2050803,Stralauer Kiez,2019,3,20,1,3,5,2,2,1,1,0,0,0,0,1
3346,192649,11,11,11041128,Sewanstraße,2019,3,18,1,3,6,2,1,0,1,1,0,0,0,1
3347,192650,11,2,2020206,Graefekiez,2019,3,20,1,2,5,7,2,0,1,0,0,0,0,1
3348,192651,11,12,12214424,Scharnweberstraße,2019,3,19,1,3,5,3,2,0,1,0,0,0,0,1
3349,192652,11,10,10020413,Gut Hellersdorf,2019,3,18,1,2,6,2,2,0,1,1,0,0,0,1
3350,192653,11,4,4030828,Savignyplatz,2019,3,18,1,3,6,2,2,0,1,1,0,0,0,1
3351,192654,11,5,5010101,Hakenfelde Nord,2019,3,8,1,2,9,1,0,0,1,0,0,0,0,1
3352,192655,11,1,1011204,Leipziger Straße,2019,3,16,5,3,5,2,0,1,0,0,0,0,1,1
3353,192656,11,8,8010404,Rixdorf,2019,3,17,1,3,2,6,1,0,1,0,0,0,0,1
3354,192657,11,10,10030727,Biesdorf Süd,2019,3,16,5,3,5,3,0,1,1,0,0,0,0,1
3355,192658,11,1,1033202,Humboldthain Süd,2019,3,14,1,3,0,1,0,0,0,0,1,0,0,1
3356,192659,11,6,6020306,Lankwitz Süd,2019,3,14,1,3,5,7,0,0,1,0,0,0,0,1
3357,192660,11,7,7010102,Nollendorfplatz,2019,3,12,1,3,2,6,0,0,1,0,0,0,0,1
3358,192661,11,11,11030618,Fennpfuhl West,2019,3,15,5,3,5,2,0,1,1,0,0,0,0,1
3359,192662,11,1,1022206,Lüneburger Straße,2019,3,12,1,3,5,2,0,1,1,0,0,0,0,1
3360,192663,11,1,1011102,Großer Tiergarten,2019,3,19,5,3,5,3,2,0,1,0,1,0,0,1
3361,192664,11,12,12103117,Letteplatz,2019,3,12,1,3,5,2,0,0,1,0,0,0,0,1
3362,192665,11,8,8010213,Körnerpark,2019,3,20,7,3,5,3,2,1,1,0,0,0,0,1
3363,192666,11,3,3020209,Niederschönhausen,2019,3,15,5,3,5,3,0,0,1,0,0,0,0,1
3364,192667,11,3,3010101,Bucher Forst,2019,3,14,7,2,5,2,0,0,1,0,0,0,0,1
3365,192668,11,5,5010314,Carl-Schurz-Straße,2019,3,15,7,3,0,6,0,0,1,0,1,0,0,1
3366,192669,11,12,12214125,Waldidyll/Flughafensee,2019,3,20,5,3,6,4,2,0,0,1,1,0,0,1
3367,192670,11,5,5010339,Freiheit,2019,3,8,7,2,1,5,0,0,1,0,1,0,0,1
3368,192671,11,8,8040933,Vogelviertel Süd,2019,3,16,7,3,5,3,0,0,1,0,0,0,0,1
3369,192672,11,12,12304314,Ziekowstraße/Freie Scholle,2019,3,17,7,3,6,4,1,0,1,1,0,0,0,0
3370,192673,11,4,4030726,Droysenstraße,2019,3,20,5,3,5,2,2,1,1,0,0,0,0,1
3371,192674,11,7,7060604,Marienfelde Süd,2019,3,17,7,3,5,7,1,0,1,0,0,0,0,1
3372,192675,11,5,5010313,Ackerstraße,2019,3,20,5,2,5,7,2,0,1,0,0,0,0,1
3373,192676,11,12,12103115,Breitkopfbecken,2019,3,19,7,3,6,2,2,0,1,1,0,0,0,1
3374,192677,11,7,7040403,Manteuffelstraße,2019,3,13,7,3,2,7,0,0,1,0,0,0,0,0
3375,192678,11,4,4030726,Droysenstraße,2019,3,22,5,3,6,2,2,0,1,1,0,0,0,1
3376,192679,11,12,12103219,Schäfersee,2019,3,23,5,3,1,5,2,1,1,0,0,0,1,1
3377,192680,11,4,4030726,Droysenstraße,2019,3,12,7,3,3,6,0,0,1,0,0,0,0,0
3378,192681,11,6,6030503,Zehlendorf Mitte,2019,3,9,7,3,5,3,0,0,1,0,0,0,0,1
3379,192682,11,12,12214424,Scharnweberstraße,2019,3,16,5,3,2,6,0,0,1,0,0,0,0,1
3380,192683,11,12,12103219,Schäfersee,2019,3,9,7,3,5,2,0,0,1,0,0,0,1,0
3381,192684,11,10,10020412,Alte Hellersdorfer Straße,2019,3,15,7,3,6,4,0,1,0,1,0,0,0,1
3382,192685,11,8,8010509,Schulenburgpark,2019,3,14,5,3,5,7,0,0,1,0,0,0,1,1
3383,192686,11,2,2020203,Viktoriapark,2019,3,2,7,3,5,2,2,0,1,0,0,0,0,0
3384,192687,11,2,2010102,Mehringplatz,2019,3,19,7,2,6,4,2,0,1,1,0,0,0,1
3385,192688,11,9,9010302,Späthsfelde,2019,3,15,5,3,2,6,0,0,1,0,0,0,0,1
3386,192689,11,6,6030610,Lichterfelde West,2019,3,19,7,2,5,2,2,1,1,0,0,0,0,1
3387,192690,11,9,9030901,Dorf Altglienicke,2019,3,16,5,3,5,2,1,0,1,0,0,0,0,1
3388,192691,11,12,12302107,Schorfheidestraße,2019,3,19,7,3,6,2,2,0,1,1,0,0,0,1
3389,192692,11,4,4041342,Schlangenbader Straße,2019,3,19,7,3,5,2,2,0,1,0,0,0,0,1
3390,192693,11,4,4051653,Prager Platz,2019,3,23,5,2,9,1,2,0,1,0,0,0,0,1
3391,192694,11,6,6010205,Südende,2019,3,19,7,3,6,2,2,0,1,1,0,0,0,1
3392,192695,11,8,8010118,Silbersteinstraße,2019,3,20,7,3,5,3,2,1,1,0,0,0,0,1
3393,192696,11,9,9020802,Köllnische Vorstadt,2019,3,20,7,3,8,1,2,0,1,0,0,0,0,1
3394,192697,11,8,8010118,Silbersteinstraße,2019,3,18,5,3,6,2,1,0,1,1,0,0,0,0
3395,192698,11,8,8020622,Parchimer Allee,2019,3,10,7,3,5,2,0,0,1,0,0,0,0,0
3396,192699,11,9,9020701,Adlershof West,2019,3,20,7,3,5,3,2,0,1,0,0,0,0,1
3397,192700,11,8,8020619,Buschkrugallee Nord,2019,3,21,7,2,6,4,2,0,1,1,0,0,0,1
3398,192701,11,1,1033202,Humboldthain Süd,2019,3,18,5,3,0,1,2,0,0,0,1,0,0,1
3399,192702,11,4,4030931,Breitscheidplatz,2019,3,22,7,3,5,3,2,0,1,0,0,0,0,1
3400,192703,11,8,8010213,Körnerpark,2019,3,23,7,3,5,3,2,0,1,0,0,0,0,1
3401,192704,11,8,8010404,Rixdorf,2019,3,11,6,3,5,3,0,0,1,0,0,0,0,1
3402,192705,11,7,7070703,John-Locke-Straße,2019,3,13,5,3,5,3,0,1,1,0,0,0,0,0
3403,192706,11,1,1044201,Reinickendorfer Straße,2019,3,23,6,2,6,4,2,0,1,1,0,0,0,0
3404,192707,11,9,9052001,Köpenick Nord,2019,3,1,5,3,9,1,2,0,1,0,0,0,0,1
3405,192708,11,3,3061131,Falkplatz,2019,3,23,6,3,6,4,2,0,1,1,0,0,0,0
3406,192709,11,2,2010102,Mehringplatz,2019,3,17,6,3,2,6,0,1,1,0,0,0,0,0
3407,192710,11,3,3010102,Buch,2019,3,6,5,2,6,4,0,0,1,1,0,0,0,1
3408,192711,11,9,9020501,Oberschöneweide West,2019,3,17,6,2,1,1,0,0,1,0,0,0,1,0
3409,192712,11,3,3040614,Pankow Zentrum,2019,3,16,6,2,6,4,0,0,1,1,0,0,0,0
3410,192713,11,3,3061227,Humannplatz,2019,3,14,6,3,5,3,0,0,1,0,0,0,0,1
3411,192714,11,8,8010407,Gewerbegebiet Ederstraße,2019,3,13,5,3,5,3,0,0,1,0,0,0,0,1
3412,192715,11,2,2010103,Moritzplatz,2019,3,8,6,3,5,3,0,1,1,0,0,0,0,0
3413,192716,11,9,9010301,Baumschulenstraße,2019,3,19,5,3,3,6,2,1,0,0,0,0,0,1
3414,192717,11,4,4041137,Flinsberger Platz,2019,3,5,5,3,0,3,2,0,1,0,1,0,0,1
3415,192718,11,1,1033102,Gesundbrunnen,2019,3,17,5,3,2,6,0,0,1,0,0,0,0,1
3416,192719,11,4,4051448,Schaperstraße,2019,3,6,5,2,5,2,0,1,1,0,0,0,0,1
3417,192720,11,9,9020501,Oberschöneweide West,2019,3,7,5,3,5,3,0,0,1,0,0,0,1,1
3418,192721,11,8,8041036,Zittauer Straße,2019,3,8,5,2,5,3,0,1,1,0,0,0,0,1
3419,192722,11,6,6040810,Dahlem,2019,3,22,5,3,6,7,2,0,1,1,0,0,0,1
3420,192723,11,2,2010103,Moritzplatz,2019,3,23,5,3,5,3,2,1,1,0,0,0,0,0
3421,192724,11,2,2030301,Oranienplatz,2019,3,20,5,3,1,5,2,1,1,0,0,0,0,1
3422,192725,11,3,3030715,Heinersdorf,2019,3,13,5,3,5,3,0,0,1,0,0,0,1,1
3423,192726,11,10,10020517,Adele-Sandrock-Straße,2019,3,20,5,3,5,3,2,0,1,0,0,0,0,0
3424,192727,11,8,8010117,Schillerpromenade,2019,3,19,5,3,2,5,2,1,1,0,0,0,0,0
3425,192728,11,9,9052001,Köpenick Nord,2019,3,8,5,3,5,3,0,1,1,0,0,0,0,1
3426,192729,11,6,6020303,Lankwitz Kirche,2019,3,18,5,3,6,2,1,0,1,1,0,0,0,0
3427,192730,11,2,2020203,Viktoriapark,2019,3,18,5,3,5,2,2,1,1,0,0,0,0,1
3428,192731,11,2,2030301,Oranienplatz,2019,3,18,5,3,2,6,0,1,1,0,0,0,0,1
3429,192732,11,6,6030610,Lichterfelde West,2019,3,8,5,3,1,5,0,1,1,0,0,0,0,1
3430,192733,11,12,12214424,Scharnweberstraße,2019,3,17,5,3,3,6,0,0,1,0,0,0,1,1
3431,192734,11,2,2030302,Lausitzer Platz,2019,3,17,5,3,5,3,1,0,1,0,1,0,0,1
3432,192735,11,4,4030827,Karl-August-Platz,2019,3,17,5,3,2,6,0,0,1,0,0,0,0,0
3433,192736,11,2,2030301,Oranienplatz,2019,3,17,5,3,6,4,0,1,0,1,0,0,0,1
3434,192737,11,1,1044202,Sparrplatz,2019,3,12,5,3,5,2,0,0,1,0,0,0,0,1
3435,192738,11,9,9051901,Dammvorstadt,2019,3,17,5,3,2,1,0,0,1,0,0,0,0,0
3436,192739,11,3,3010102,Buch,2019,3,16,5,3,0,3,0,0,1,0,1,0,0,1
3437,192740,11,1,1022104,Emdener Straße,2019,3,12,5,3,2,6,0,0,1,0,0,0,0,1
3438,192741,11,1,1011401,Invalidenstraße,2019,3,16,5,3,2,7,0,1,1,0,0,0,0,1
3439,192742,11,1,1022204,Thomasiusstraße,2019,3,16,5,3,2,2,0,0,1,0,1,0,0,1
3440,192743,11,8,8020727,Buckow Mitte,2019,3,15,5,3,2,1,0,0,1,0,0,0,0,0
3441,192744,11,10,10040828,Kaulsdorf Nord,2019,3,10,5,3,5,3,0,0,1,0,0,0,0,1
3442,192745,11,2,2030302,Lausitzer Platz,2019,3,7,5,3,5,2,0,1,1,0,0,0,0,1
3443,192746,11,12,12214424,Scharnweberstraße,2019,3,8,5,2,5,3,0,0,1,0,0,1,0,0
3444,192747,11,1,1011402,Arkonaplatz,2019,3,8,5,3,2,6,0,0,1,0,1,0,0,1
3445,192748,11,10,10030724,Oberfeldstraße,2019,3,10,5,3,5,7,0,0,1,0,0,0,0,1
3446,192749,11,11,11020514,Große-Leege-Straße,2019,3,10,5,3,5,2,0,1,1,0,0,0,0,0
3447,192750,11,10,10010308,Marzahner Chaussee,2019,3,9,5,3,2,6,0,0,1,0,0,0,0,1
3448,192751,11,4,4051654,Wilhelmsaue,2019,3,12,5,3,5,2,0,1,1,0,0,0,0,0
3449,192752,11,9,9051702,Bölschestraße,2019,3,12,5,3,1,5,0,1,1,0,0,0,0,0
3450,192753,11,1,1033201,Brunnenstraße,2019,3,9,5,3,5,5,0,1,1,0,0,0,0,1
3451,192754,11,9,9052001,Köpenick Nord,2019,3,12,5,3,2,2,0,0,1,0,0,0,0,0
3452,192755,11,3,3040614,Pankow Zentrum,2019,3,14,5,3,3,6,0,1,1,0,0,0,0,0
3453,192756,11,4,4041134,Bismarckallee,2019,3,6,4,2,5,3,0,1,1,0,0,0,0,1
3454,192757,11,4,4051653,Prager Platz,2019,3,14,5,3,6,7,0,0,1,1,0,0,0,0
3455,192758,11,3,3061227,Humannplatz,2019,3,7,5,3,6,4,0,1,0,1,0,0,0,1
3456,192759,11,7,7040403,Manteuffelstraße,2019,3,13,4,2,6,4,0,1,0,1,0,0,0,1
3457,192760,11,11,11051331,Karlshorst Nord,2019,3,5,5,3,5,3,2,1,0,0,0,0,1,1
3458,192761,11,9,9052001,Köpenick Nord,2019,3,9,4,3,2,2,0,0,1,0,0,0,0,0
3459,192762,11,3,3020203,Blankenfelde,2019,3,9,5,3,2,6,0,0,1,0,0,1,0,0
3460,192763,11,4,4020314,Messegelände,2019,3,8,5,3,5,2,0,0,1,0,0,0,0,0
3461,192764,11,3,3020209,Niederschönhausen,2019,3,15,4,3,0,3,0,1,1,0,0,0,0,1
3462,192765,11,7,7010101,Wittenbergplatz/Viktoria-Luise-Platz,2019,3,9,5,2,5,3,0,1,1,0,0,0,0,1
3463,192766,11,1,1011401,Invalidenstraße,2019,3,20,4,2,6,4,2,0,1,1,0,0,0,1
3464,192767,11,11,11010205,Falkenberg West,2019,3,0,5,2,6,4,2,0,1,1,0,0,0,0
3465,192768,11,8,8020620,Tempelhofer Weg,2019,3,14,4,3,3,6,0,0,1,0,0,1,0,0
3466,192769,11,4,4030931,Breitscheidplatz,2019,3,23,4,3,6,2,2,0,1,1,0,0,0,1
3467,192770,11,4,4051448,Schaperstraße,2019,3,10,4,3,5,2,0,0,1,0,0,0,0,0
3468,192771,11,5,5010209,An der Kappe,2019,3,16,4,3,5,2,0,0,1,0,0,0,0,0
3469,192772,11,9,9020702,Adlershof Ost,2019,3,5,4,3,2,6,2,1,0,0,0,0,1,0
3470,192773,11,12,12302107,Schorfheidestraße,2019,3,5,4,3,5,3,2,0,1,0,0,0,0,1
3471,192774,11,10,10040933,Mahlsdorf Süd,2019,3,11,4,2,5,3,0,1,1,0,0,0,0,0
3472,192775,11,3,3030711,Blankenburg,2019,3,12,6,3,5,3,0,1,1,0,0,0,0,1
3473,192776,11,2,2050601,Hausburgviertel,2019,3,20,4,2,6,2,2,0,1,1,0,0,0,0
3474,192777,11,4,4051448,Schaperstraße,2019,3,20,4,3,5,2,2,1,1,0,0,0,0,0
3475,192778,11,6,6010210,Bismarckstraße,2019,3,5,4,3,6,2,2,0,1,1,0,0,0,1
3476,192779,11,5,5010206,Gütersloher Weg,2019,3,20,4,2,6,2,2,0,1,1,0,0,0,0
3477,192780,11,12,12214125,Waldidyll/Flughafensee,2019,3,19,4,3,5,2,2,0,1,0,0,0,0,0
3478,192781,11,1,1011306,Heine-Viertel Ost,2019,3,6,4,3,5,5,2,0,1,0,1,0,0,1
3479,192782,11,2,2030401,Reichenberger Straße,2019,3,19,4,3,4,5,2,0,1,0,0,0,1,0
3480,192783,11,12,12231101,Hermsdorf,2019,3,18,4,3,5,3,1,0,1,0,0,0,0,1
3481,192784,11,2,2020202,Rathaus Yorckstraße,2019,3,16,4,3,2,2,0,0,1,0,0,0,0,0
3482,192785,11,8,8010404,Rixdorf,2019,3,16,4,2,3,6,0,0,1,0,1,0,1,0
3483,192786,11,11,11010309,Zingster Straße West,2019,3,6,4,3,4,7,2,0,1,0,0,0,0,0
3484,192787,11,3,3071537,Kollwitzplatz,2019,3,15,4,3,5,3,0,0,1,0,0,0,0,0
3485,192788,11,9,9041402,Siedlung Kämmereiheide,2019,3,7,4,3,5,2,0,1,0,0,0,0,1,0
3486,192789,11,10,10040932,Alt-Mahlsdorf,2019,3,15,4,3,6,4,0,0,0,1,0,0,1,0
3487,192790,11,4,4030519,Kaiserin-Augusta-Allee,2019,3,7,4,3,1,5,0,1,1,0,0,0,0,0
3488,192791,11,4,4030415,Schloßgarten,2019,3,13,4,3,5,2,0,1,1,0,0,0,0,0
3489,192792,11,11,11030721,Rüdigerstraße,2019,3,19,5,3,6,2,2,0,1,1,0,0,0,1
3490,192793,11,4,4030931,Breitscheidplatz,2019,3,12,4,3,1,5,0,1,1,0,0,0,0,0
3491,192794,11,1,1022202,Heidestraße,2019,3,13,4,3,5,2,0,0,1,0,0,0,0,0
3492,192795,11,6,6020409,Königsberger Straße,2019,3,11,4,3,5,7,0,1,1,0,0,0,0,0
3493,192796,11,7,7030301,Friedenau,2019,3,13,4,3,1,7,0,0,1,0,0,0,1,0
3494,192797,11,1,1011101,Stülerstraße,2019,3,11,4,3,5,3,0,1,1,0,0,0,0,0
3495,192798,11,1,1011201,Wilhelmstraße,2019,3,11,4,2,5,2,0,1,1,0,0,0,0,0
3496,192799,11,1,1022202,Heidestraße,2019,3,13,4,3,5,2,0,1,1,0,0,0,0,0
3497,192800,11,7,7070703,John-Locke-Straße,2019,3,11,4,3,5,2,0,0,1,0,1,0,0,0
3498,192801,11,4,4030621,Spreestadt,2019,3,9,4,3,6,4,0,1,0,1,0,0,0,0
3499,192802,11,9,9051901,Dammvorstadt,2019,3,8,4,3,3,6,0,0,0,0,1,0,1,0
3500,192803,11,7,7020203,Kaiser-Wilhelm-Platz,2019,3,15,4,2,6,4,0,0,1,1,0,0,0,0
3501,192804,11,1,1033203,Humboldthain Nordwest,2019,3,7,4,3,5,2,0,0,1,0,0,0,0,0
3502,192805,11,4,4030621,Spreestadt,2019,3,15,4,3,2,6,0,0,1,0,0,0,1,0
3503,192806,11,3,3030715,Heinersdorf,2019,3,7,4,3,5,2,0,1,1,0,0,0,0,0
3504,192807,11,10,10040931,Mahlsdorf Nord,2019,3,6,4,3,6,4,1,0,1,1,0,0,0,0
3505,192808,11,5,5010314,Carl-Schurz-Straße,2019,3,15,4,3,0,2,0,0,1,0,0,0,1,0
3506,192809,11,3,3040614,Pankow Zentrum,2019,3,15,3,3,5,3,0,1,1,0,0,0,0,0
3507,192810,11,4,4030726,Droysenstraße,2019,3,19,5,3,5,3,2,1,1,0,0,0,0,1
3508,192811,11,6,6010101,Fichtenberg,2019,3,8,3,3,5,3,0,1,0,0,0,0,1,0
3509,192812,11,4,4051445,Eisenzahnstraße,2019,3,21,3,3,6,2,2,1,0,1,0,0,0,0
3510,192813,11,2,2050802,Boxhagener Platz,2019,3,19,3,3,5,3,2,0,1,0,0,0,1,1
3511,192814,11,11,11030619,Fennpfuhl Ost,2019,3,16,4,2,5,7,0,0,1,0,1,0,0,0
3512,192815,11,4,4041134,Bismarckallee,2019,3,19,3,3,2,6,2,0,1,0,0,0,0,1
3513,192816,11,2,2010103,Moritzplatz,2019,3,19,3,3,5,2,2,1,1,0,0,0,0,0
3514,192817,11,4,4030620,Alt-Lietzow,2019,3,16,4,3,2,7,0,1,1,0,0,0,0,0
3515,192818,11,7,7020203,Kaiser-Wilhelm-Platz,2019,3,18,3,3,6,2,2,0,1,1,0,0,0,1
3516,192819,11,1,1011105,Nördlicher Landwehrkanal,2019,3,18,3,3,5,3,2,1,1,0,0,0,0,1
3517,192820,11,8,8010406,Treptower Straße Nord,2019,3,19,3,3,5,2,2,1,1,0,0,0,0,1
3518,192821,11,5,5010312,Kurstraße,2019,3,16,4,2,5,7,0,0,1,0,0,0,0,0
3519,192822,11,7,7040405,Rathaus Tempelhof,2019,3,17,3,3,5,3,2,0,1,0,0,0,0,1
3520,192823,11,7,7070705,Franziusweg/Rohrbachstraße,2019,3,18,4,3,5,2,1,1,1,0,0,0,0,0
3521,192824,11,1,1022206,Lüneburger Straße,2019,3,17,3,2,6,4,1,0,1,1,0,0,0,1
3522,192825,11,8,8010404,Rixdorf,2019,3,16,3,2,6,7,0,0,1,1,0,0,0,0
3523,192826,11,2,2020204,Urbanstraße,2019,3,20,4,3,0,1,2,1,1,0,0,0,0,0
3524,192827,11,9,9051701,Hirschgarten,2019,3,15,3,3,5,3,2,1,1,0,0,0,0,0
3525,192828,11,1,1011101,Stülerstraße,2019,3,15,3,3,3,6,0,0,1,0,1,0,0,1
3526,192829,11,6,6020302,Komponistenviertel Lankwitz,2019,3,23,4,3,6,7,2,0,1,1,0,0,0,1
3527,192830,11,4,4020310,Park Ruhwald,2019,3,10,3,3,6,3,0,0,1,1,0,0,0,1
3528,192831,11,10,10020413,Gut Hellersdorf,2019,3,12,3,2,0,3,0,0,1,0,1,0,0,1
3529,192832,11,6,6040810,Dahlem,2019,3,12,3,2,5,2,0,0,1,0,0,1,0,0
3530,192833,11,4,4030931,Breitscheidplatz,2019,3,16,3,3,2,6,0,0,1,0,0,0,1,0
3531,192834,11,11,11020515,Landsberger Allee,2019,3,6,3,3,6,4,1,0,0,1,1,0,0,0
3532,192835,11,1,1011402,Arkonaplatz,2019,3,6,3,3,5,2,0,1,1,0,0,0,0,0
3533,192836,11,2,2010102,Mehringplatz,2019,3,9,3,2,1,5,0,1,1,0,0,0,0,0
3534,192837,11,12,12302212,Rollbergesiedlung,2019,3,6,3,3,0,3,0,0,1,0,1,0,0,1
3535,192838,11,7,7030301,Friedenau,2019,3,19,3,3,0,2,2,0,1,0,0,0,1,0
3536,192839,11,1,1011203,Unter den Linden Süd,2019,3,6,3,3,5,3,0,0,1,0,0,0,0,0
3537,192840,11,1,1022103,Westhafen,2019,3,7,3,3,3,6,0,1,0,0,0,1,0,0
3538,192841,11,3,3040513,Schönholz,2019,3,19,3,2,5,3,2,1,1,0,0,0,0,0
3539,192842,11,3,3061332,Helmholtzplatz,2019,3,8,3,3,2,2,0,1,1,0,0,0,0,0
3540,192843,11,2,2020204,Urbanstraße,2019,3,8,3,3,5,3,0,1,1,0,0,0,0,0
3541,192844,11,6,6020409,Königsberger Straße,2019,3,17,3,3,0,2,0,1,1,0,0,0,0,1
3542,192845,11,3,3050920,Weißer See,2019,3,19,3,3,5,3,2,0,1,0,0,0,0,0
3543,192846,11,1,1033202,Humboldthain Süd,2019,3,9,3,3,6,4,0,0,1,1,0,0,0,0
3544,192847,11,1,1044203,Leopoldplatz,2019,3,5,5,3,0,6,2,0,1,0,1,0,0,1
3545,192848,11,1,1011305,Heine-Viertel West,2019,3,9,3,3,5,2,0,1,1,0,0,0,0,0
3546,192849,11,4,4020310,Park Ruhwald,2019,3,17,3,3,5,2,1,1,1,0,0,0,0,0
3547,192850,11,6,6030610,Lichterfelde West,2019,3,10,3,3,5,3,0,0,1,0,0,0,0,0
3548,192851,11,4,4030620,Alt-Lietzow,2019,3,11,3,3,5,3,0,0,1,0,0,0,0,0
3549,192852,11,5,5030730,Zitadellenweg,2019,3,16,3,3,5,3,0,1,1,0,0,0,0,0
3550,192853,11,4,4051653,Prager Platz,2019,3,11,3,3,5,2,0,1,1,0,0,0,0,0
3551,192854,11,4,4030417,Schloßstraße,2019,3,18,3,3,5,3,2,1,1,0,0,0,0,1
3552,192855,11,1,1011204,Leipziger Straße,2019,3,16,3,3,5,7,0,0,1,0,0,0,0,0
3553,192856,11,2,2050802,Boxhagener Platz,2019,3,16,3,3,1,5,0,1,1,0,0,0,0,1