,object id,city,district,sub district key,street,year,month,hour of day,weekday,category,accident type,accident type 2,light situation,bike involved,car involved,pedestrian involved,motor bike involved,big track involved,other vehicle involved,road condition
3554,192857,11,11,11030618,Fennpfuhl West,2019,3,17,3,3,5,3,0,0,1,0,0,0,0,0
3555,192858,11,2,2020202,Rathaus Yorckstraße,2019,3,16,3,2,6,4,0,0,1,1,0,0,0,0
3556,192859,11,7,7040403,Manteuffelstraße,2019,3,16,3,3,5,3,0,1,1,0,0,0,0,0
3557,192860,11,1,1011105,Nördlicher Landwehrkanal,2019,3,9,2,3,1,5,0,1,1,0,0,0,0,0
3558,192861,11,1,1011401,Invalidenstraße,2019,3,17,3,3,5,3,0,1,0,0,0,1,0,0
3559,192862,11,2,2020206,Graefekiez,2019,3,18,2,3,2,2,2,0,1,0,0,0,0,1
3560,192863,11,8,8010406,Treptower Straße Nord,2019,3,18,5,3,5,3,2,1,1,0,0,0,0,1
3561,192864,11,4,4051446,Preußenpark,2019,3,16,2,3,6,4,0,0,1,1,0,0,0,0
3562,192865,11,4,4051653,Prager Platz,2019,3,16,2,3,2,6,1,0,1,0,0,0,0,1
3563,192866,11,2,2020206,Graefekiez,2019,3,16,2,3,5,3,0,1,1,0,0,0,0,0
3564,192867,11,6,6010102,Schloßstraße,2019,3,15,2,3,2,6,0,0,1,0,0,0,0,0
3565,192868,11,1,1022101,Huttenkiez,2019,3,14,2,3,5,7,0,0,1,0,1,0,0,0
3566,192869,11,5,5030730,Zitadellenweg,2019,3,14,3,3,2,6,0,0,1,0,0,0,0,0
3567,192870,11,10,10010310,Alt-Marzahn,2019,3,14,2,3,5,3,0,0,1,0,0,0,0,0
3568,192871,11,6,6020410,Oberhofer Platz,2019,3,12,2,3,3,6,0,1,1,0,0,0,0,1
3569,192872,11,3,3061332,Helmholtzplatz,2019,3,11,3,3,5,7,0,1,0,0,0,0,1,0
3570,192873,11,7,7060604,Marienfelde Süd,2019,3,13,2,3,5,2,0,0,1,0,0,0,1,1
3571,192874,11,6,6020408,Lichterfelde Süd,2019,3,13,2,3,1,5,0,0,1,0,1,0,0,1
3572,192875,11,8,8010211,Flughafenstraße,2019,3,10,3,3,5,3,0,1,0,0,0,0,1,1
3573,192876,11,7,7040401,Neu-Tempelhof,2019,3,12,2,3,5,3,0,0,1,0,0,0,0,1
3574,192877,11,4,4030518,Tegeler Weg,2019,3,12,2,3,5,3,0,0,1,0,0,0,0,1
3575,192878,11,1,1033102,Gesundbrunnen,2019,3,11,2,3,1,5,0,0,1,0,1,0,0,0
3576,192879,11,4,4051653,Prager Platz,2019,3,10,3,3,6,4,0,1,0,1,0,0,0,0
3577,192880,11,4,4020313,Königin-Elisabeth-Straße,2019,3,9,2,3,2,6,0,0,1,0,0,0,0,1
3578,192881,11,8,8010404,Rixdorf,2019,3,17,5,3,2,6,2,0,1,0,0,0,0,1
3579,192882,11,4,4030623,Ernst-Reuter-Platz,2019,3,6,2,3,3,6,0,0,1,0,0,0,0,1
3580,192883,11,4,4030930,George-Grosz-Platz,2019,3,18,2,3,5,2,1,0,1,0,1,0,0,1
3581,192884,11,4,4051448,Schaperstraße,2019,3,9,3,3,5,2,0,0,1,0,1,0,0,0
3582,192885,11,1,1011204,Leipziger Straße,2019,3,19,2,3,5,3,2,1,1,0,0,0,0,1
3583,192886,11,9,9020701,Adlershof West,2019,3,19,2,3,5,3,2,1,1,0,0,0,0,1
3584,192887,11,2,2020202,Rathaus Yorckstraße,2019,3,8,3,2,6,2,0,0,0,1,0,1,0,0
3585,192888,11,2,2020206,Graefekiez,2019,3,20,2,2,5,3,2,1,1,0,0,0,0,1
3586,192889,11,1,1022202,Heidestraße,2019,3,22,2,2,5,2,2,0,1,0,0,0,0,1
3587,192890,11,9,9010101,Elsenstraße,2019,3,8,3,3,5,3,0,1,1,0,0,0,0,1
3588,192891,11,1,1011301,Charitéviertel,2019,3,23,2,2,6,4,2,0,1,1,0,0,0,0
3589,192892,11,1,1011201,Wilhelmstraße,2019,3,8,3,3,5,3,0,1,1,0,0,0,0,1
3590,192893,11,5,5010314,Carl-Schurz-Straße,2019,3,17,2,2,6,4,1,0,1,1,0,0,0,1
3591,192894,11,9,9020702,Adlershof Ost,2019,3,8,2,3,5,3,0,0,1,0,0,0,0,0
3592,192895,11,2,2020203,Viktoriapark,2019,3,0,3,3,5,3,2,0,1,0,0,0,0,1
3593,192896,11,11,11030721,Rüdigerstraße,2019,3,17,2,2,0,1,0,1,0,0,0,0,0,1
3594,192897,11,5,5010314,Carl-Schurz-Straße,2019,3,6,3,3,0,6,0,0,0,0,1,0,1,1
3595,192898,11,10,10040933,Mahlsdorf Süd,2019,3,4,2,3,0,6,2,0,1,0,0,0,1,1
3596,192899,11,1,1044103,Westliche Müllerstraße,2019,3,13,2,3,0,1,0,0,0,0,1,0,0,1
3597,192900,11,6,6030502,Zehlendorf Süd,2019,3,7,3,3,5,2,0,1,1,0,0,0,0,0
3598,192901,11,12,12302110,Dannenwalder Weg,2019,3,18,1,3,5,2,1,1,1,0,0,0,0,0
3599,192902,11,8,8020619,Buschkrugallee Nord,2019,3,13,1,3,5,2,0,0,1,0,0,0,0,1
3600,192903,11,4,4030827,Karl-August-Platz,2019,3,7,3,3,3,6,0,0,1,0,1,0,0,0
3601,192904,11,9,9030901,Dorf Altglienicke,2019,3,0,1,2,1,5,2,0,1,0,0,0,0,0
3602,192905,11,4,4020310,Park Ruhwald,2019,3,22,1,3,4,1,2,0,1,0,0,0,1,1
3603,192906,11,1,1033203,Humboldthain Nordwest,2019,3,16,3,3,2,6,0,0,1,0,0,0,0,0
3604,192907,11,3,3061131,Falkplatz,2019,3,18,1,3,0,6,2,0,1,0,1,0,0,1
3605,192908,11,3,3030715,Heinersdorf,2019,3,8,3,3,5,2,0,1,1,0,0,0,0,1
3606,192909,11,1,1011304,Karl-Marx-Allee,2019,3,17,1,3,5,2,1,1,1,0,0,0,0,1
3607,192910,11,5,5020625,Borkumer Straße,2019,3,16,1,3,2,1,0,0,1,0,1,0,0,1
3608,192911,11,5,5020626,Adamstraße,2019,3,16,3,3,6,4,0,0,1,1,0,0,0,0
3609,192912,11,2,2010104,Wassertorplatz,2019,3,15,1,3,3,6,0,0,1,0,1,0,0,1
3610,192913,11,4,4020208,Kranzallee,2019,3,15,1,3,5,3,0,0,1,0,0,0,0,1
3611,192914,11,12,12214422,Klixstraße,2019,3,10,1,3,5,3,0,0,1,0,0,0,0,1
3612,192915,11,3,3040614,Pankow Zentrum,2019,3,8,3,3,1,5,0,1,1,0,0,0,0,1
3613,192916,11,6,6030504,Teltower Damm,2019,3,4,1,2,6,4,2,0,0,1,0,0,1,1
3614,192917,11,2,2020206,Graefekiez,2019,3,23,1,3,2,2,2,0,1,0,0,0,0,1
3615,192918,11,6,6020411,Schütte-Lanz-Straße,2019,3,10,1,3,2,6,0,0,1,0,0,0,0,1
3616,192919,11,3,3040614,Pankow Zentrum,2019,3,16,3,3,2,6,0,1,1,0,0,0,0,0
3617,192920,11,1,1044202,Sparrplatz,2019,3,10,1,3,5,3,0,0,1,0,0,0,0,0
3618,192921,11,1,1044201,Reinickendorfer Straße,2019,3,23,1,3,9,1,2,0,1,0,0,0,0,1
3619,192922,11,7,7010102,Nollendorfplatz,2019,3,13,7,3,2,6,0,0,1,0,0,0,0,0
3620,192923,11,7,7040404,Marienhöhe,2019,3,16,3,3,2,6,0,0,1,0,0,1,0,0
3621,192924,11,1,1011303,Alexanderplatzviertel,2019,3,17,7,3,6,4,1,0,1,1,0,0,0,0
3622,192925,11,3,3050920,Weißer See,2019,3,16,3,3,3,6,0,0,1,0,0,0,1,0
3623,192926,11,4,4030620,Alt-Lietzow,2019,3,18,7,3,5,2,2,1,1,0,0,0,0,0
3624,192927,11,5,5020524,Weinmeisterhornweg,2019,3,14,7,3,5,3,0,0,1,0,0,0,0,0
3625,192928,11,4,4030416,Klausenerplatz,2019,3,14,3,3,1,5,0,0,1,0,1,0,0,0
3626,192929,11,11,11020513,Orankesee,2019,3,13,7,3,5,2,0,0,1,0,0,0,0,0
3627,192930,11,4,4030621,Spreestadt,2019,3,12,7,3,3,1,0,1,0,0,0,0,1,0
3628,192931,11,3,3051017,Rennbahnstraße,2019,3,18,7,3,5,3,2,0,1,0,0,0,0,0
3629,192932,11,4,4010101,Jungfernheide,2019,3,14,3,2,5,2,0,0,1,0,1,0,0,0
3630,192933,11,7,7020203,Kaiser-Wilhelm-Platz,2019,3,12,7,3,6,4,0,1,0,1,0,0,0,0
3631,192934,11,9,9020702,Adlershof Ost,2019,3,18,5,2,6,2,2,0,1,1,0,0,0,1
3632,192935,11,2,2040502,Friedenstraße,2019,3,12,7,3,5,7,0,0,1,0,0,0,0,0
3633,192936,11,1,1022201,Stephankiez,2019,3,6,7,3,2,6,2,0,1,0,0,0,1,1
3634,192937,11,1,1011201,Wilhelmstraße,2019,3,19,7,3,2,2,2,0,1,0,0,0,0,0
3635,192938,11,12,12103218,Teichstraße,2019,3,14,3,3,5,3,0,0,1,0,0,0,0,0
3636,192939,11,8,8041037,Alt-Rudow,2019,3,19,7,2,6,7,2,1,0,1,0,0,0,0
3637,192940,11,1,1033202,Humboldthain Süd,2019,3,18,5,3,5,2,1,1,1,0,0,0,0,1
3638,192941,11,5,5020523,Maulbeerallee,2019,3,18,7,2,1,1,2,0,1,0,0,0,0,0
3639,192942,11,3,3071537,Kollwitzplatz,2019,3,1,7,3,5,5,2,0,1,0,0,0,0,0
3640,192943,11,4,4051446,Preußenpark,2019,3,18,2,3,6,2,1,0,1,1,0,0,0,0
3641,192944,11,11,11051332,Karlshorst Süd,2019,3,1,7,3,0,1,2,1,0,0,0,0,0,0
3642,192945,11,2,2050802,Boxhagener Platz,2019,3,15,6,2,5,2,0,1,1,0,0,0,0,0
3643,192946,11,3,3040818,Pankow Süd,2019,3,14,2,3,2,6,0,0,1,0,0,0,0,1
3644,192947,11,1,1011201,Wilhelmstraße,2019,3,17,6,3,2,2,1,0,1,0,0,0,0,0
3645,192948,11,8,8020622,Parchimer Allee,2019,3,17,6,3,6,4,0,1,0,1,0,0,0,0
3646,192949,11,2,2010104,Wassertorplatz,2019,3,16,6,3,2,3,0,1,0,0,0,0,1,0
3647,192950,11,2,2020204,Urbanstraße,2019,3,19,2,3,6,2,2,0,1,1,0,0,0,1
3648,192951,11,3,3040614,Pankow Zentrum,2019,3,13,6,3,6,3,0,0,1,1,0,0,0,0
3649,192952,11,4,4020311,Reichsstraße,2019,3,12,2,3,6,2,0,0,1,1,0,0,0,0
3650,192953,11,4,4030931,Breitscheidplatz,2019,3,14,6,3,2,2,0,0,0,0,0,0,1,0
3651,192954,11,5,5020626,Adamstraße,2019,3,14,6,2,5,3,0,1,0,0,1,0,0,0
3652,192955,11,6,6010207,Mittelstraße,2019,3,12,2,3,5,7,0,0,1,0,1,0,0,1
3653,192956,11,4,4031032,Halensee,2019,3,12,6,3,5,3,0,0,1,0,0,0,0,0
3654,192957,11,9,9020701,Adlershof West,2019,3,13,6,3,5,2,0,1,1,0,0,0,0,0
3655,192958,11,6,6040809,Thielallee,2019,3,14,6,3,0,7,0,0,1,0,0,0,0,0
3656,192959,11,1,1011303,Alexanderplatzviertel,2019,3,8,6,3,5,7,0,0,1,0,1,0,0,0
3657,192960,11,5,5030731,Gartenfelder Straße,2019,3,7,2,3,0,5,0,0,1,0,0,0,0,0
3658,192961,11,10,10030727,Biesdorf Süd,2019,3,8,6,2,0,6,0,0,1,0,0,0,1,0
3659,192962,11,3,3020209,Niederschönhausen,2019,3,14,6,3,5,3,0,1,1,0,0,0,0,0
3660,192963,11,9,9051701,Hirschgarten,2019,3,8,2,3,5,3,0,1,1,0,0,0,0,1
3661,192964,11,1,1011402,Arkonaplatz,2019,3,1,6,3,3,6,2,0,1,0,0,0,0,0
3662,192965,11,8,8010213,Körnerpark,2019,3,19,6,3,5,3,2,0,1,0,0,0,0,0
3663,192966,11,3,3061441,Eldenaer Straße,2019,3,18,6,2,4,2,2,0,1,0,1,0,0,0
3664,192967,11,8,8010301,Reuterkiez,2019,3,10,2,3,2,6,0,0,0,0,0,0,1,0
3665,192968,11,1,1022207,Hansaviertel,2019,3,18,6,3,2,6,2,0,1,0,0,0,0,0
3666,192969,11,4,4051446,Preußenpark,2019,3,11,2,3,5,3,0,1,1,0,0,0,0,1
3667,192970,11,5,5010206,Gütersloher Weg,2019,3,18,6,3,0,2,2,0,1,0,1,0,0,0
3668,192971,11,10,10040830,Kaulsdorf Süd,2019,2,13,5,3,3,6,0,1,0,0,0,0,1,0
3669,192972,11,10,10030727,Biesdorf Süd,2019,3,13,2,3,6,4,0,0,1,1,0,0,0,1
3670,192973,11,8,8010301,Reuterkiez,2019,2,16,5,3,5,3,0,0,1,0,1,0,0,0
3671,192974,11,4,4020311,Reichsstraße,2019,2,10,5,3,5,3,0,0,1,0,0,0,0,0
3672,192975,11,8,8020620,Tempelhofer Weg,2019,3,15,2,3,5,3,0,0,1,0,0,0,0,1
3673,192976,11,5,5030833,Motardstraße,2019,2,12,5,3,5,2,0,0,1,0,1,0,0,0
3674,192977,11,8,8040933,Vogelviertel Süd,2019,2,8,5,3,5,2,0,0,1,0,1,0,0,0
3675,192978,11,12,12304314,Ziekowstraße/Freie Scholle,2019,3,15,2,3,2,6,0,0,1,0,0,0,0,0
3676,192979,11,7,7040401,Neu-Tempelhof,2019,2,8,5,3,5,7,0,0,1,0,1,0,0,0
3677,192980,11,12,12214424,Scharnweberstraße,2019,2,15,5,3,5,3,0,0,1,0,0,0,0,0
3678,192981,11,8,8040933,Vogelviertel Süd,2019,2,15,5,2,5,2,0,0,1,0,0,0,0,0
3679,192982,11,11,11030618,Fennpfuhl West,2019,3,16,2,3,2,6,0,0,1,0,0,0,0,1
3680,192983,11,1,1022204,Thomasiusstraße,2019,2,16,5,2,6,4,0,0,1,1,0,0,0,0
3681,192984,11,11,11030619,Fennpfuhl Ost,2019,3,19,2,3,6,4,2,0,1,1,0,0,0,1
3682,192985,11,1,2040501,Barnimkiez,2019,2,16,5,2,3,6,1,1,0,0,0,0,0,0
3683,192986,11,4,4030620,Alt-Lietzow,2019,2,16,5,3,5,2,0,1,1,0,0,0,0,0
3684,192987,11,8,8030829,Gropiusstadt Nord,2019,3,21,2,2,6,4,2,0,1,1,0,0,0,1
3685,192988,11,1,1011203,Unter den Linden Süd,2019,2,17,5,3,6,7,1,0,1,1,0,0,0,0
3686,192989,11,12,12214527,Alt-Tegel,2019,2,11,5,3,6,7,0,0,1,1,0,0,0,0
3687,192990,11,11,11030720,Herzbergstraße,2019,2,11,5,2,5,2,0,0,1,0,1,0,0,0
3688,192991,11,2,2020205,Chamissokiez,2019,3,22,2,3,2,6,2,1,0,0,0,1,0,1
3689,192992,11,3,3040614,Pankow Zentrum,2019,2,11,5,2,6,4,0,0,1,1,0,0,0,0
3690,192993,11,5,5010206,Gütersloher Weg,2019,3,5,5,2,6,4,2,0,1,1,0,0,0,1
3691,192994,11,8,8010117,Schillerpromenade,2019,3,8,2,3,3,6,0,0,0,0,0,0,1,1
3692,192995,11,2,2020206,Graefekiez,2019,3,19,5,3,5,2,2,0,1,0,1,0,0,1
3693,192996,11,10,10010309,Springpfuhl,2019,3,12,2,3,0,1,0,0,0,0,1,0,0,1
3694,192997,11,1,1011302,Oranienburger Straße,2019,3,10,1,3,5,2,0,1,1,0,0,0,0,0
3695,192998,11,2,2050802,Boxhagener Platz,2019,3,15,5,3,5,3,0,1,1,0,0,0,0,1
3696,192999,11,7,7010104,Dennewitzplatz,2019,3,20,1,2,0,1,2,0,0,0,1,0,0,0
3697,193000,11,9,9041402,Siedlung Kämmereiheide,2019,3,14,1,2,3,6,0,1,0,0,0,0,0,0
3698,193001,11,1,1022104,Emdener Straße,2019,3,22,5,3,6,2,2,0,1,1,0,0,0,1
3699,193002,11,9,9051801,Rahnsdorf/Hessenwinkel,2019,3,14,1,3,5,3,0,1,1,0,0,0,0,0
3700,193003,11,5,5010312,Kurstraße,2019,3,16,5,3,1,5,0,1,1,0,0,0,0,1
3701,193004,11,11,11020516,Weiße Taube,2019,3,13,1,3,3,6,0,1,1,0,0,0,0,0
3702,193005,11,8,8020625,Handwerker-Siedlung,2019,3,16,5,2,5,3,0,0,1,0,0,0,0,1
3703,193006,11,7,7030301,Friedenau,2019,3,12,1,3,2,6,0,0,1,0,0,0,0,0
3704,193007,11,1,1011301,Charitéviertel,2019,3,11,1,3,6,4,0,0,1,1,0,0,0,0
3705,193008,11,1,3071537,Kollwitzplatz,2019,3,11,1,3,2,7,0,1,1,0,0,0,0,0
3706,193009,11,7,7040401,Neu-Tempelhof,2019,3,10,1,3,5,3,0,0,1,0,0,0,0,0
3707,193010,11,6,6040810,Dahlem,2019,3,10,1,3,5,3,0,0,1,0,0,0,0,0
3708,193011,11,8,8041036,Zittauer Straße,2019,3,14,6,3,5,3,0,0,1,0,0,0,0,0
3709,193012,11,4,4030931,Breitscheidplatz,2019,3,0,1,3,5,2,2,1,1,0,0,0,0,0
3710,193013,11,12,12103218,Teichstraße,2019,3,13,1,1,6,4,0,0,0,1,1,0,0,0
3711,193014,11,4,4030620,Alt-Lietzow,2019,3,8,5,3,5,2,0,1,1,0,0,0,0,1
3712,193015,11,10,10020622,Kaulsdorf Nord I,2019,3,9,7,3,6,2,0,0,1,1,0,0,0,0
3713,193016,11,5,5010101,Hakenfelde Nord,2019,3,16,5,3,2,6,0,0,1,0,0,0,1,1
3714,193017,11,1,1044101,Rehberge,2019,3,13,7,3,2,6,0,0,1,0,0,0,0,0
3715,193018,11,10,10020412,Alte Hellersdorfer Straße,2019,3,16,5,3,6,4,0,0,1,1,0,0,0,1
3716,193019,11,2,2050803,Stralauer Kiez,2019,3,5,7,3,4,1,2,0,1,0,0,0,0,1
3717,193020,11,6,6030610,Lichterfelde West,2019,3,9,7,3,2,6,0,0,1,0,0,0,0,0
3718,193021,11,1,1022203,Lübecker Straße,2019,3,0,5,3,5,3,2,0,1,0,0,0,0,1
3719,193022,11,5,5030730,Zitadellenweg,2019,3,14,7,3,2,6,0,0,1,0,0,0,0,0
3720,193023,11,8,8020622,Parchimer Allee,2019,3,16,5,3,3,6,0,0,1,0,0,0,0,1
3721,193024,11,5,5020629,Börnicker Straße,2019,3,14,7,3,6,7,0,0,1,1,0,0,0,0
3722,193025,11,7,7010102,Nollendorfplatz,2019,3,16,5,3,6,4,0,0,1,1,0,0,0,1
3723,193026,11,5,5010209,An der Kappe,2019,3,12,7,3,5,2,0,0,1,0,1,0,0,0
3724,193027,11,8,8040933,Vogelviertel Süd,2019,3,10,7,3,5,3,0,0,1,0,1,0,0,0
3725,193028,11,5,5010314,Carl-Schurz-Straße,2019,3,17,5,3,5,2,0,0,1,0,0,0,0,1
3726,193029,11,5,5020524,Weinmeisterhornweg,2019,3,11,7,3,5,2,0,0,1,0,0,0,1,0
3727,193030,11,5,5020625,Borkumer Straße,2019,3,12,7,3,0,6,0,0,0,0,1,0,1,0
3728,193031,11,7,7040403,Manteuffelstraße,2019,3,22,6,3,5,3,2,0,1,0,0,0,0,0
3729,193032,11,11,11020514,Große-Leege-Straße,2019,3,15,5,3,0,1,0,1,0,0,0,0,0,1
3730,193033,11,2,2010103,Moritzplatz,2019,3,14,7,3,1,5,0,1,1,0,0,0,0,0
3731,193034,11,6,6020302,Komponistenviertel Lankwitz,2019,3,14,7,2,0,6,0,0,0,0,0,0,1,0
3732,193035,11,4,4051446,Preußenpark,2019,3,12,5,3,2,6,0,0,1,0,0,0,0,0
3733,193036,11,1,1011402,Arkonaplatz,2019,3,14,7,3,1,5,0,1,1,0,0,0,0,0
3734,193037,11,2,2020206,Graefekiez,2019,3,18,5,3,0,5,1,0,1,0,1,0,0,1
3735,193038,11,5,5040934,Alt-Gatow,2019,3,14,7,3,5,3,0,1,1,0,0,0,0,0
3736,193039,11,5,5010101,Hakenfelde Nord,2019,3,12,5,2,9,1,0,0,1,0,0,0,0,1
3737,193040,11,8,8020620,Tempelhofer Weg,2019,3,15,7,3,1,5,0,1,1,0,0,0,0,0
3738,193041,11,4,4031032,Halensee,2019,3,15,7,3,6,7,0,0,1,1,0,0,0,0
3739,193042,11,1,1011103,Lützowstraße,2019,3,18,5,3,5,3,0,1,1,0,0,0,0,0
3740,193043,11,1,1011301,Charitéviertel,2019,3,13,5,3,8,1,0,0,0,0,1,0,0,0
3741,193044,11,4,4030930,George-Grosz-Platz,2019,3,15,7,3,1,5,0,1,1,0,0,0,0,0
3742,193045,11,1,1022206,Lüneburger Straße,2019,3,6,7,3,5,3,0,0,1,0,0,0,0,0
3743,193046,11,6,6010209,Feuerbachstraße,2019,3,17,5,3,0,6,0,0,1,0,1,0,0,1
3744,193047,11,4,4030519,Kaiserin-Augusta-Allee,2019,3,9,7,3,2,6,0,0,1,0,0,0,0,0
3745,193048,11,4,4051655,Babelsberger Straße,2019,3,15,7,3,1,5,0,1,1,0,0,0,0,0
3746,193049,11,9,9020502,Oberschöneweide Ost,2019,3,17,6,3,5,3,0,0,1,0,1,0,0,0
3747,193050,11,4,4030827,Karl-August-Platz,2019,3,9,4,3,5,7,0,0,1,0,0,0,0,0
3748,193051,11,11,11030721,Rüdigerstraße,2019,3,10,7,3,5,3,0,0,1,0,0,0,0,0
3749,193052,11,1,1011303,Alexanderplatzviertel,2019,3,19,5,3,1,5,2,1,1,0,0,0,0,0
3750,193053,11,12,12224230,Heiligensee,2019,3,19,7,3,0,3,2,0,1,0,1,0,0,0
3751,193054,11,10,10040931,Mahlsdorf Nord,2019,3,10,4,3,5,3,0,1,1,0,0,0,0,0
3752,193055,11,3,3020210,Herthaplatz,2019,3,10,7,3,5,2,0,0,1,0,1,0,0,0
3753,193056,11,1,1011203,Unter den Linden Süd,2019,3,7,4,3,5,2,0,1,1,0,0,0,0,0
3754,193057,11,2,2040703,Wriezener Bahnhof/Entwicklungsgebiet,2019,3,2,7,3,2,4,2,0,1,1,0,0,0,0
3755,193058,11,2,2030302,Lausitzer Platz,2019,3,9,7,2,8,1,0,0,1,0,0,0,0,0
3756,193059,11,2,2030302,Lausitzer Platz,2019,3,6,4,3,2,2,0,1,1,0,0,0,0,0
3757,193060,11,2,2030301,Oranienplatz,2019,3,2,7,2,0,1,2,1,0,0,0,0,0,0
3758,193061,11,5,5030730,Zitadellenweg,2019,3,17,6,3,6,2,0,0,0,1,0,0,1,0
3759,193062,11,10,10040932,Alt-Mahlsdorf,2019,3,14,6,2,0,1,0,0,0,0,1,0,0,0
3760,193063,11,8,8010301,Reuterkiez,2019,3,23,6,3,5,3,2,1,1,0,0,0,0,0
3761,193064,11,1,1011202,Unter den Linden Nord,2019,3,22,4,2,5,3,2,0,1,0,0,0,1,1
3762,193065,11,6,6030610,Lichterfelde West,2019,3,8,6,3,0,2,0,0,0,0,0,0,1,0
3763,193066,11,2,2020204,Urbanstraße,2019,3,17,6,2,5,7,0,1,1,0,0,0,0,0
3764,193067,11,12,12231101,Hermsdorf,2019,3,0,6,3,0,7,2,0,1,0,1,0,0,1
3765,193068,11,9,9030901,Dorf Altglienicke,2019,3,16,6,3,5,3,0,1,1,0,0,0,0,0
3766,193069,11,10,10040830,Kaulsdorf Süd,2019,3,16,4,3,2,2,0,0,1,0,0,0,1,0
3767,193070,11,9,9051901,Dammvorstadt,2019,3,9,6,2,6,4,0,0,1,1,0,0,0,0
3768,193071,11,9,9030901,Dorf Altglienicke,2019,3,11,6,3,5,3,0,1,1,0,0,0,0,0
3769,193072,11,1,1011203,Unter den Linden Süd,2019,3,8,6,3,1,5,0,1,1,0,0,0,1,0
3770,193073,11,6,6040810,Dahlem,2019,3,15,4,3,2,2,0,1,1,0,0,0,0,0
3771,193074,11,1,1044201,Reinickendorfer Straße,2019,3,8,6,3,0,2,0,0,1,0,0,0,1,0
3772,193075,11,7,7040405,Rathaus Tempelhof,2019,3,14,4,3,5,3,0,0,1,0,0,0,0,0
3773,193076,11,4,4031032,Halensee,2019,3,7,6,3,3,6,0,1,1,0,0,0,0,0
3774,193077,11,2,2050801,Traveplatz,2019,3,7,6,3,0,7,0,0,1,0,1,0,0,0
3775,193078,11,9,9010301,Baumschulenstraße,2019,3,13,4,3,5,2,0,0,1,0,0,1,0,0
3776,193079,11,6,6010205,Südende,2019,3,14,6,2,3,6,0,0,1,0,1,0,0,0
3777,193080,11,2,2010102,Mehringplatz,2019,3,15,6,2,1,5,0,0,1,0,0,0,1,0
3778,193081,11,6,6010207,Mittelstraße,2019,3,16,5,3,0,6,0,0,1,0,0,0,1,0
3779,193082,11,1,1022106,Elberfelder Straße,2019,3,18,6,2,5,2,1,0,0,0,1,0,1,0
3780,193083,11,4,4030518,Tegeler Weg,2019,3,17,4,3,5,2,0,0,1,0,0,0,0,0
3781,193084,11,9,9052001,Köpenick Nord,2019,3,14,6,3,2,6,0,0,1,0,0,0,0,0
3782,193085,11,5,5030833,Motardstraße,2019,3,11,4,3,5,3,0,1,1,0,0,0,0,0
3783,193086,11,5,5010101,Hakenfelde Nord,2019,3,19,6,3,5,3,2,1,1,0,0,0,0,0
3784,193087,11,8,8010301,Reuterkiez,2019,3,12,6,3,5,3,0,0,1,0,0,0,0,0
3785,193088,11,12,12103116,Hausotterplatz,2019,3,19,6,2,5,3,2,0,1,0,0,0,0,0
3786,193089,11,1,1011103,Lützowstraße,2019,3,21,4,3,5,3,2,1,1,0,0,0,0,1
3787,193090,11,1,1022206,Lüneburger Straße,2019,3,8,5,3,5,2,0,1,1,0,0,0,0,0
3788,193091,11,8,8010404,Rixdorf,2019,3,22,4,3,5,3,2,0,1,0,0,0,0,1
3789,193092,11,12,12214424,Scharnweberstraße,2019,3,23,5,3,5,2,2,0,1,0,0,0,0,0
3790,193093,11,1,1011103,Lützowstraße,2019,3,21,5,3,2,6,2,0,1,0,0,0,0,0
3791,193094,11,2,2010104,Wassertorplatz,2019,3,23,4,3,2,2,2,0,1,0,0,0,0,1
3792,193095,11,9,9051702,Bölschestraße,2019,3,20,5,3,6,4,2,0,1,1,0,0,0,0
3793,193096,11,1,1022203,Lübecker Straße,2019,3,19,5,3,0,7,2,1,0,0,0,0,1,0
3794,193097,11,6,6020302,Komponistenviertel Lankwitz,2019,3,11,6,3,1,5,0,1,1,0,0,0,0,0
3795,193098,11,5,5040938,Kafkastraße,2019,3,10,4,3,5,3,0,0,1,0,0,0,1,0
3796,193099,11,12,12231101,Hermsdorf,2019,3,19,5,3,5,3,2,1,1,0,0,0,0,0
3797,193100,11,4,4030620,Alt-Lietzow,2019,3,16,5,3,0,3,0,1,1,0,0,0,0,0
3798,193101,11,3,3061332,Helmholtzplatz,2019,3,7,5,3,1,5,0,1,1,0,0,0,0,1
3799,193102,11,12,12214422,Klixstraße,2019,3,16,5,3,6,4,0,0,1,1,0,0,0,0
3800,193103,11,6,6040806,Fischtal,2019,3,9,4,3,5,2,0,0,1,0,1,0,0,0
3801,193104,11,5,5020629,Börnicker Straße,2019,3,16,5,2,2,6,0,0,1,0,0,0,0,0
3802,193105,11,6,6020303,Lankwitz Kirche,2019,3,9,4,3,5,2,0,0,1,0,1,0,0,0
3803,193106,11,4,4051448,Schaperstraße,2019,3,15,5,3,2,6,0,0,1,0,0,0,0,0
3804,193107,11,1,1044201,Reinickendorfer Straße,2019,3,15,5,3,2,2,0,1,1,0,0,0,0,0
3805,193108,11,1,1011302,Oranienburger Straße,2019,3,21,4,3,2,6,2,0,1,0,1,0,0,1
3806,193109,11,3,3061126,Arnimplatz,2019,3,15,5,3,6,4,0,0,1,1,0,0,0,0
3807,193110,11,5,5020625,Borkumer Straße,2019,3,15,5,3,5,3,0,0,1,0,0,0,0,0
3808,193111,11,2,2050802,Boxhagener Platz,2019,3,17,6,3,0,3,0,1,1,0,0,0,0,0
3809,193112,11,3,3040512,Wilhelmsruh,2019,3,8,4,3,0,1,0,1,0,0,0,0,0,0