,object id,city,district,sub district key,street,year,month,hour of day,weekday,category,accident type,accident type 2,light situation,bike involved,car involved,pedestrian involved,motor bike involved,big track involved,other vehicle involved,road condition
3810,193113,11,4,4030931,Breitscheidplatz,2019,3,15,5,3,3,6,0,1,0,0,0,0,1,0
3811,193114,11,12,12214527,Alt-Tegel,2019,3,13,5,2,5,3,0,0,1,0,0,1,0,0
3812,193115,11,4,4051654,Wilhelmsaue,2019,3,12,5,3,5,3,0,1,1,0,0,0,0,1
3813,193116,11,4,4051448,Schaperstraße,2019,3,13,5,3,2,7,0,1,1,0,0,0,0,0
3814,193117,11,7,7050503,Eisenacher Straße,2019,3,12,6,3,2,6,0,0,1,0,0,0,0,0
3815,193118,11,6,6010209,Feuerbachstraße,2019,3,21,4,3,6,2,2,0,1,1,0,0,0,1
3816,193119,11,7,7060604,Marienfelde Süd,2019,3,13,5,3,2,6,0,0,1,0,1,0,0,0
3817,193120,11,3,3040614,Pankow Zentrum,2019,3,11,5,3,5,3,0,0,1,0,0,0,0,0
3818,193121,11,8,8010301,Reuterkiez,2019,3,9,5,3,6,4,0,0,0,1,1,0,0,0
3819,193122,11,5,5030731,Gartenfelder Straße,2019,3,14,5,3,0,1,0,0,1,0,0,0,1,0
3820,193123,11,5,5030731,Gartenfelder Straße,2019,3,8,4,3,5,2,0,0,1,0,0,0,0,0
3821,193124,11,9,9010401,Johannisthal West,2019,3,14,5,3,0,3,0,0,1,0,1,0,0,0
3822,193125,11,9,9051901,Dammvorstadt,2019,3,18,4,3,3,6,2,0,1,0,1,0,0,0
3823,193126,11,5,5020521,Döberitzer Weg,2019,3,14,5,3,5,3,0,1,0,0,0,0,1,0
3824,193127,11,4,4030415,Schloßgarten,2019,3,13,5,3,1,5,0,1,0,0,0,0,1,0
3825,193128,11,9,9031101,Grünau,2019,3,17,4,3,0,5,0,1,1,0,0,0,0,0
3826,193129,11,4,4030724,Lietzensee,2019,3,13,5,2,2,6,0,1,0,0,0,1,0,0
3827,193130,11,6,6030608,Schweizer Viertel,2019,3,9,5,3,5,3,0,0,1,0,0,0,0,0
3828,193131,11,4,4010101,Jungfernheide,2019,3,17,6,3,5,3,0,0,1,0,0,0,0,0
3829,193132,11,11,11051229,Rummelsburg,2019,3,6,4,3,2,6,0,1,1,0,0,0,0,0
3830,193133,11,1,1011204,Leipziger Straße,2019,3,8,5,3,5,3,0,1,1,0,0,0,0,0
3831,193134,11,7,7010102,Nollendorfplatz,2019,3,14,5,3,5,3,0,0,1,0,1,0,0,0
3832,193135,11,2,2010103,Moritzplatz,2019,3,8,5,3,2,6,0,0,1,0,0,0,0,0
3833,193136,11,1,1011105,Nördlicher Landwehrkanal,2019,3,17,4,3,5,2,0,1,1,0,0,0,0,0
3834,193137,11,7,7050503,Eisenacher Straße,2019,3,7,5,3,5,3,0,1,1,0,0,0,0,0
3835,193138,11,4,4051551,Brabanter Platz,2019,3,17,4,3,2,6,0,0,1,0,0,0,0,0
3836,193139,11,10,10040933,Mahlsdorf Süd,2019,3,7,5,2,5,3,0,0,1,0,1,0,0,0
3837,193140,11,3,3061126,Arnimplatz,2019,3,7,5,3,5,2,0,1,1,0,0,0,0,0
3838,193141,11,8,8010116,Wissmannstraße,2019,3,5,4,3,6,2,0,0,1,1,0,0,0,0
3839,193142,11,3,3020307,Buchholz,2019,3,6,5,3,5,3,1,0,1,0,0,0,0,0
3840,193143,11,1,1011203,Unter den Linden Süd,2019,3,4,4,3,6,2,2,0,1,1,0,0,0,0
3841,193144,11,1,1022104,Emdener Straße,2019,3,6,5,3,0,1,0,1,0,0,0,0,0,0
3842,193145,11,9,9031001,Bohnsdorf,2019,3,14,4,2,0,3,0,1,0,0,0,0,1,0
3843,193146,11,12,12214422,Klixstraße,2019,3,16,4,3,0,6,0,0,1,0,1,0,0,1
3844,193147,11,1,1011201,Wilhelmstraße,2019,3,21,4,3,0,6,2,0,1,0,1,0,0,0
3845,193148,11,1,1033203,Humboldthain Nordwest,2019,3,8,4,3,1,5,0,1,0,0,0,0,1,0
3846,193149,11,6,6020302,Komponistenviertel Lankwitz,2019,3,14,6,3,2,6,0,0,1,0,0,0,0,0
3847,193150,11,12,12214125,Waldidyll/Flughafensee,2019,3,21,4,3,5,3,2,0,1,0,0,0,0,0
3848,193151,11,2,2050601,Hausburgviertel,2019,3,10,3,3,6,4,0,1,0,1,0,0,0,0
3849,193152,11,8,8010117,Schillerpromenade,2019,3,18,4,3,2,6,1,0,1,0,0,0,0,0
3850,193153,11,2,2050802,Boxhagener Platz,2019,3,12,3,3,5,2,0,1,0,0,0,0,1,1
3851,193154,11,9,9041601,Müggelheim,2019,3,18,4,3,5,3,1,1,1,0,0,0,0,0
3852,193155,11,3,3061126,Arnimplatz,2019,3,18,4,3,5,3,1,1,1,0,0,0,0,0
3853,193156,11,5,5020625,Borkumer Straße,2019,3,7,3,3,5,2,0,1,1,0,0,0,0,0
3854,193157,11,10,10040933,Mahlsdorf Süd,2019,3,17,4,3,2,1,1,0,1,0,0,0,0,0
3855,193158,11,1,1044102,Schillerpark,2019,3,17,4,3,5,2,0,1,1,0,0,0,0,0
3856,193159,11,4,4020311,Reichsstraße,2019,3,8,3,3,2,6,0,0,1,0,0,0,0,0
3857,193160,11,11,11030721,Rüdigerstraße,2019,3,16,4,3,2,2,0,0,1,0,0,0,0,0
3858,193161,11,11,11010205,Falkenberg West,2019,3,16,4,3,2,2,2,0,1,0,0,0,0,0
3859,193162,11,8,8020727,Buckow Mitte,2019,3,16,5,2,2,6,0,0,1,0,0,0,0,1
3860,193163,11,2,2040703,Wriezener Bahnhof/Entwicklungsgebiet,2019,3,16,4,3,3,6,0,1,0,0,0,1,0,0
3861,193164,11,1,1011303,Alexanderplatzviertel,2019,3,9,4,3,5,2,0,1,1,0,0,0,0,0
3862,193165,11,12,12214424,Scharnweberstraße,2019,3,20,3,2,0,7,2,0,0,0,1,0,0,1
3863,193166,11,12,12103115,Breitkopfbecken,2019,3,22,4,2,5,2,2,0,1,0,0,0,0,0
3864,193167,11,1,1033202,Humboldthain Süd,2019,3,18,4,3,9,1,2,0,0,0,0,0,1,0
3865,193168,11,1,1011402,Arkonaplatz,2019,3,10,5,3,0,7,0,1,0,0,0,0,0,1
3866,193169,11,6,6020302,Komponistenviertel Lankwitz,2019,3,16,4,3,2,6,0,0,1,0,0,0,0,0
3867,193170,11,10,10010207,Marzahner Promenade,2019,3,19,3,3,5,3,2,1,1,0,0,0,0,0
3868,193171,11,1,1044101,Rehberge,2019,3,16,4,3,5,3,0,0,1,0,0,0,0,0
3869,193172,11,2,2010102,Mehringplatz,2019,3,18,3,3,1,5,1,1,0,0,0,0,1,0
3870,193173,11,2,2030302,Lausitzer Platz,2019,3,15,4,3,1,5,0,1,1,0,0,0,0,0
3871,193174,11,12,12224230,Heiligensee,2019,3,15,4,3,0,7,0,0,1,0,0,0,0,0
3872,193175,11,3,3061227,Humannplatz,2019,3,15,4,2,5,3,0,0,1,0,1,0,1,0
3873,193176,11,1,1022102,Beusselkiez,2019,3,16,3,3,5,2,0,0,1,0,0,0,0,0
3874,193177,11,2,2050601,Hausburgviertel,2019,3,12,4,3,3,6,0,1,0,0,0,0,0,0
3875,193178,11,12,12214424,Scharnweberstraße,2019,3,12,4,3,6,4,0,1,0,1,0,0,0,0
3876,193179,11,1,1011203,Unter den Linden Süd,2019,3,9,6,3,0,5,0,0,1,0,0,0,0,0
3877,193180,11,5,5030832,Rohrdamm,2019,3,15,3,3,2,6,0,0,1,0,0,0,0,1
3878,193181,11,12,12214422,Klixstraße,2019,3,11,4,3,2,6,0,0,1,0,0,0,0,0
3879,193182,11,12,12231102,Frohnau,2019,3,6,4,3,5,3,0,1,1,0,0,0,0,0
3880,193183,11,8,8020727,Buckow Mitte,2019,3,8,5,3,5,3,0,0,1,0,0,0,0,1
3881,193184,11,11,11010207,Wartenberg Nord,2019,3,6,4,3,6,4,0,0,0,1,0,0,1,0
3882,193185,11,10,10020416,Böhlener Straße,2019,3,15,3,3,6,4,0,0,0,1,0,0,1,1
3883,193186,11,4,4051551,Brabanter Platz,2019,3,6,4,3,6,2,0,0,0,1,0,0,1,0
3884,193187,11,8,8010301,Reuterkiez,2019,3,18,3,3,0,6,0,0,1,0,0,0,1,0
3885,193188,11,3,3030405,Karow Nord,2019,3,7,4,3,5,3,0,1,1,0,0,0,0,0
3886,193189,11,10,10020413,Gut Hellersdorf,2019,3,7,4,3,5,3,0,0,1,0,0,0,1,0
3887,193190,11,10,10010309,Springpfuhl,2019,3,17,3,2,5,3,0,0,1,0,0,0,0,1
3888,193191,11,10,10010309,Springpfuhl,2019,3,7,4,3,0,7,0,0,1,0,0,0,1,0
3889,193192,11,7,7040403,Manteuffelstraße,2019,3,19,3,3,2,2,2,0,1,0,0,0,1,0
3890,193193,11,3,3061227,Humannplatz,2019,3,8,4,3,2,7,0,0,1,0,0,0,0,0
3891,193194,11,1,1011201,Wilhelmstraße,2019,3,8,4,2,5,2,0,1,0,0,0,1,0,0
3892,193195,11,4,4010103,Paul-Hertz-Siedlung,2019,3,10,4,3,3,6,0,0,1,0,0,1,0,0
3893,193196,11,12,12301204,Wittenau Nord,2019,3,15,3,3,5,3,0,1,1,0,0,0,0,0
3894,193197,11,4,4030726,Droysenstraße,2019,3,11,4,2,5,3,0,1,1,0,0,0,0,0
3895,193198,11,8,8041036,Zittauer Straße,2019,3,7,4,3,5,3,0,1,1,0,0,0,0,0
3896,193199,11,1,1033203,Humboldthain Nordwest,2019,3,23,6,3,0,1,2,1,0,0,0,0,0,0
3897,193200,11,1,1011202,Unter den Linden Nord,2019,3,15,3,3,0,4,0,1,0,1,0,0,0,1
3898,193201,11,4,4030620,Alt-Lietzow,2019,3,11,4,2,0,7,0,1,0,0,0,0,0,0
3899,193202,11,1,1033203,Humboldthain Nordwest,2019,3,19,4,1,6,4,1,0,1,1,0,0,1,0
3900,193203,11,9,9020701,Adlershof West,2019,3,11,5,3,5,2,0,1,0,0,0,1,0,0
3901,193204,11,4,4030726,Droysenstraße,2019,3,13,3,3,1,5,0,1,1,0,0,0,1,0
3902,193205,11,5,5020626,Adamstraße,2019,3,15,3,3,6,4,0,0,1,1,0,0,0,1
3903,193206,11,6,6010209,Feuerbachstraße,2019,3,9,3,3,5,3,0,0,1,0,1,0,0,0
3904,193207,11,6,6020303,Lankwitz Kirche,2019,3,15,3,2,1,5,0,0,1,0,1,0,0,1
3905,193208,11,8,8010510,Gewerbegebiet Köllnische Heide,2019,3,8,3,2,5,3,0,0,1,0,0,0,0,0
3906,193209,11,3,3030711,Blankenburg,2019,3,7,3,3,5,2,0,1,1,0,0,0,0,0
3907,193210,11,8,8010509,Schulenburgpark,2019,3,15,3,3,5,3,0,1,1,0,0,0,0,1
3908,193211,11,6,6040701,Wannsee,2019,3,18,3,2,1,5,1,1,1,0,0,0,0,0
3909,193212,11,1,1011301,Charitéviertel,2019,3,19,3,3,3,6,2,0,1,0,0,0,0,0
3910,193213,11,3,3061228,Erich-Weinert-Straße,2019,3,16,6,3,2,6,0,0,1,0,1,0,0,0
3911,193214,11,8,8010117,Schillerpromenade,2019,3,15,3,3,6,4,0,0,1,1,0,0,0,1
3912,193215,11,8,8020622,Parchimer Allee,2019,3,15,3,3,6,4,0,0,1,1,0,0,0,1
3913,193216,11,5,5010103,Amorbacher Weg,2019,3,19,3,3,5,3,2,0,1,0,0,0,0,0
3914,193217,11,11,11020513,Orankesee,2019,3,23,3,3,5,2,2,0,1,0,0,0,1,0
3915,193218,11,7,7010102,Nollendorfplatz,2019,3,16,6,3,0,2,0,0,1,0,1,0,0,0
3916,193219,11,1,1011102,Großer Tiergarten,2019,3,15,3,3,5,3,0,0,1,0,0,0,0,1
3917,193220,11,7,7050503,Eisenacher Straße,2019,3,17,3,2,0,1,0,1,0,0,0,0,0,0
3918,193221,11,8,8010301,Reuterkiez,2019,3,20,5,3,1,5,2,1,1,0,0,0,0,1
3919,193222,11,1,1044102,Schillerpark,2019,3,11,3,3,1,5,0,0,1,0,0,1,0,0
3920,193223,11,2,2040502,Friedenstraße,2019,3,15,3,3,2,6,0,0,1,0,0,0,0,1
3921,193224,11,4,4030929,Hindemithplatz,2019,3,11,3,2,0,5,0,0,1,0,1,0,0,0
3922,193225,11,12,12302109,Treuenbrietzener Straße,2019,3,15,3,3,5,3,0,0,1,0,0,0,0,1
3923,193226,11,7,7050503,Eisenacher Straße,2019,3,11,3,2,3,6,0,0,0,0,1,0,1,0
3924,193227,11,2,2020204,Urbanstraße,2019,3,9,3,3,0,2,0,1,0,0,0,0,1,0
3925,193228,11,1,1011302,Oranienburger Straße,2019,3,15,3,3,3,6,0,1,0,0,0,0,1,1
3926,193229,11,1,1044101,Rehberge,2019,3,9,3,3,6,4,0,0,1,1,0,0,0,0
3927,193230,11,5,5020627,Tiefwerder,2019,3,7,3,3,6,2,0,0,0,1,0,1,0,0
3928,193231,11,7,7010102,Nollendorfplatz,2019,3,14,6,3,5,2,0,0,1,0,0,0,0,0
3929,193232,11,6,6010209,Feuerbachstraße,2019,3,7,3,3,1,5,0,1,1,0,0,0,0,1
3930,193233,11,6,6020409,Königsberger Straße,2019,3,9,3,3,0,5,0,0,1,0,0,0,1,0
3931,193234,11,2,2050803,Stralauer Kiez,2019,3,17,3,3,3,2,0,0,1,0,1,0,0,0
3932,193235,11,1,1011303,Alexanderplatzviertel,2019,3,19,3,3,6,4,2,1,0,1,0,0,0,0
3933,193236,11,2,2030302,Lausitzer Platz,2019,3,17,3,2,6,4,1,0,1,1,0,0,0,0
3934,193237,11,8,8010301,Reuterkiez,2019,3,16,3,3,5,2,0,0,1,0,0,0,0,0
3935,193238,11,5,5020626,Adamstraße,2019,3,15,3,3,0,4,0,0,0,1,0,0,1,0
3936,193239,11,7,7040401,Neu-Tempelhof,2019,3,13,3,3,1,7,0,1,0,0,0,0,1,0
3937,193240,11,3,3020209,Niederschönhausen,2019,3,14,3,3,5,2,0,1,0,0,0,0,0,0
3938,193241,11,5,5010313,Ackerstraße,2019,3,13,3,3,6,4,0,0,1,1,0,0,0,0
3939,193242,11,2,2050801,Traveplatz,2019,3,21,3,3,5,2,2,1,1,0,0,0,0,0
3940,193243,11,8,8010303,Donaustraße,2019,3,13,3,3,6,2,0,0,1,1,0,0,0,0
3941,193244,11,4,4010101,Jungfernheide,2019,3,23,3,3,3,6,2,0,1,0,0,0,1,1
3942,193245,11,1,1011303,Alexanderplatzviertel,2019,3,15,3,3,2,6,0,0,1,0,0,0,0,1
3943,193246,11,8,8010118,Silbersteinstraße,2019,3,12,3,3,3,6,0,0,1,0,1,0,1,1
3944,193247,11,10,10010206,Ringkolonnaden,2019,3,15,2,3,2,6,0,0,1,0,0,0,0,1
3945,193248,11,4,4030415,Schloßgarten,2019,3,21,5,3,6,2,2,0,1,1,0,0,0,1
3946,193249,11,1,1011401,Invalidenstraße,2019,3,15,2,3,1,5,0,1,1,0,0,0,0,1
3947,193250,11,2,2010101,Askanischer Platz,2019,3,6,3,3,5,2,0,1,1,0,0,0,0,0
3948,193251,11,8,8020625,Handwerker-Siedlung,2019,3,14,2,3,2,6,0,0,1,0,0,0,0,1
3949,193252,11,9,9030903,Kölner Viertel,2019,3,7,3,3,5,3,0,1,1,0,0,0,0,0
3950,193253,11,7,7050502,Fritz-Werner-Straße,2019,3,15,2,3,2,6,0,0,1,0,0,0,0,0
3951,193254,11,7,7020204,Schöneberger Insel,2019,3,15,2,3,0,2,0,0,1,0,1,0,0,1
3952,193255,11,2,2020203,Viktoriapark,2019,3,15,2,3,5,2,0,1,1,0,0,0,0,0
3953,193256,11,5,5030731,Gartenfelder Straße,2019,3,16,2,3,2,1,0,0,1,0,0,0,0,0
3954,193257,11,1,1011302,Oranienburger Straße,2019,3,17,2,2,5,3,1,1,0,0,0,0,0,1
3955,193258,11,8,8010301,Reuterkiez,2019,3,13,6,3,2,2,0,1,1,0,0,0,0,0
3956,193259,11,1,1011303,Alexanderplatzviertel,2019,3,8,3,3,5,3,0,0,1,0,1,0,0,0
3957,193260,11,1,1022204,Thomasiusstraße,2019,3,18,2,3,5,7,1,0,1,0,0,0,0,1
3958,193261,11,7,7030303,Grazer Platz,2019,3,18,2,3,6,2,1,0,1,1,0,0,0,1
3959,193262,11,3,3050923,Weißenseer Spitze,2019,3,8,3,3,5,3,0,1,1,0,0,0,0,0
3960,193263,11,2,2030302,Lausitzer Platz,2019,3,18,2,3,6,4,1,0,0,1,1,0,0,1
3961,193264,11,11,11040925,Victoriastadt,2019,3,18,2,3,5,3,1,1,0,0,0,0,1,1
3962,193265,11,12,12224229,Konradshöhe/Tegelort,2019,3,9,3,3,1,5,0,1,1,0,0,0,0,0
3963,193266,11,5,5010310,Eckschanze,2019,3,18,2,2,6,4,1,0,1,1,0,0,0,1
3964,193267,11,7,7060604,Marienfelde Süd,2019,3,20,2,3,5,2,2,1,1,0,0,0,0,1
3965,193268,11,6,6040807,Zehlendorf Eiche,2019,3,12,5,2,1,5,0,0,1,0,0,0,1,1
3966,193269,11,2,2020206,Graefekiez,2019,3,20,2,3,5,7,2,0,1,0,0,0,0,1
3967,193270,11,2,2030402,Wrangelkiez,2019,3,9,3,3,5,3,0,1,1,0,0,0,0,0
3968,193271,11,9,9051901,Dammvorstadt,2019,3,20,2,3,6,4,2,0,1,1,0,0,0,1
3969,193272,11,9,9020702,Adlershof Ost,2019,3,14,3,3,5,2,0,1,1,0,0,0,0,0
3970,193273,11,1,1033102,Gesundbrunnen,2019,3,22,2,3,5,2,2,1,1,0,0,0,0,1
3971,193274,11,6,6040810,Dahlem,2019,3,9,2,3,0,6,0,1,1,0,0,0,0,0
3972,193275,11,6,6030504,Teltower Damm,2019,3,14,3,3,5,2,0,1,1,0,0,0,0,1
3973,193276,11,3,3010101,Bucher Forst,2019,3,15,2,3,5,3,0,0,1,0,0,0,0,1
3974,193277,11,12,12302107,Schorfheidestraße,2019,3,15,2,3,0,1,0,0,0,0,1,0,0,1
3975,193278,11,5,5020626,Adamstraße,2019,3,22,6,2,6,2,2,0,1,1,0,0,0,0
3976,193279,11,2,2040701,Andreasviertel,2019,3,9,3,3,2,6,0,0,1,0,0,0,0,1
3977,193280,11,8,8010214,Glasower Straße,2019,3,14,2,3,0,3,0,1,1,0,0,0,0,1
3978,193281,11,4,4030518,Tegeler Weg,2019,3,14,5,2,6,4,0,0,1,1,0,0,0,1
3979,193282,11,8,8041037,Alt-Rudow,2019,3,14,2,3,2,6,0,0,1,0,0,0,0,1
3980,193283,11,11,11030720,Herzbergstraße,2019,3,10,3,3,5,3,0,0,1,0,0,0,0,0
3981,193284,11,1,1011306,Heine-Viertel Ost,2019,3,13,2,3,6,2,0,0,0,1,0,0,1,0
3982,193285,11,7,7010101,Wittenbergplatz/Viktoria-Luise-Platz,2019,3,10,3,3,6,7,0,0,1,1,0,0,0,0
3983,193286,11,10,10030724,Oberfeldstraße,2019,3,12,2,3,2,6,0,0,1,0,0,0,0,0
3984,193287,11,8,8020622,Parchimer Allee,2019,3,9,5,2,1,5,0,0,1,0,1,0,0,1
3985,193288,11,4,4030623,Ernst-Reuter-Platz,2019,3,12,2,3,6,2,0,0,1,1,0,0,0,0
3986,193289,11,2,2020206,Graefekiez,2019,3,14,3,3,2,2,0,0,1,0,0,0,0,1
3987,193290,11,3,3030715,Heinersdorf,2019,3,11,2,3,5,2,0,0,1,0,0,0,0,0
3988,193291,11,9,9052001,Köpenick Nord,2019,3,10,3,3,6,4,0,0,1,1,0,0,0,0
3989,193292,11,10,10040932,Alt-Mahlsdorf,2019,3,11,2,3,5,3,0,1,1,0,0,0,0,0
3990,193293,11,2,2020202,Rathaus Yorckstraße,2019,3,7,2,3,3,6,0,0,1,0,0,1,0,0
3991,193294,11,1,1022104,Emdener Straße,2019,3,10,3,2,2,7,0,0,1,0,0,0,0,0
3992,193295,11,7,7070704,Nahariyastraße,2019,3,7,2,2,6,4,0,0,1,1,0,0,0,0
3993,193296,11,11,11051330,Karlshorst West,2019,3,8,2,3,1,5,0,1,1,0,0,0,0,0
3994,193297,11,2,2030402,Wrangelkiez,2019,3,13,6,2,5,3,0,1,1,0,0,0,0,0
3995,193298,11,1,1011104,Körnerstraße,2019,3,14,3,3,6,4,0,0,1,1,0,0,0,1
3996,193299,11,6,6030503,Zehlendorf Mitte,2019,3,9,2,2,5,3,0,0,1,0,0,0,1,0
3997,193300,11,3,3061126,Arnimplatz,2019,3,15,5,3,6,4,0,0,1,1,0,0,0,1
3998,193301,11,6,6020304,Kaiser-Wilhelm-Straße,2019,3,10,2,3,0,1,0,1,0,0,0,0,0,0
3999,193302,11,12,12214125,Waldidyll/Flughafensee,2019,3,13,3,3,1,5,0,0,1,0,0,0,0,1
4000,193303,11,2,2020206,Graefekiez,2019,3,8,2,3,0,1,0,0,0,0,0,0,1,1
4001,193304,11,12,12103218,Teichstraße,2019,3,10,3,3,2,6,0,0,1,0,0,0,0,1
4002,193305,11,2,2040502,Friedenstraße,2019,3,19,1,3,5,7,2,0,1,0,0,0,0,0
4003,193306,11,8,8010301,Reuterkiez,2019,3,19,1,3,2,6,2,0,1,0,0,0,0,1
4004,193307,11,9,9010401,Johannisthal West,2019,3,12,3,3,0,4,0,0,1,1,0,0,0,0
4005,193308,11,6,6010209,Feuerbachstraße,2019,3,18,1,3,5,3,2,0,1,0,0,0,0,1
4006,193309,11,12,12103116,Hausotterplatz,2019,3,15,1,2,5,3,0,0,1,0,1,0,0,0
4007,193310,11,12,12214422,Klixstraße,2019,3,11,1,3,2,6,0,0,1,0,0,0,0,0
4008,193311,11,12,12304313,Borsigwalde,2019,3,13,3,3,5,3,0,0,1,0,0,0,0,1
4009,193312,11,11,11040926,Weitlingstraße,2019,3,10,1,3,1,1,0,0,1,0,0,0,1,0
4010,193313,11,1,1011302,Oranienburger Straße,2019,3,11,1,3,2,6,0,0,1,0,0,0,0,0
4011,193314,11,4,4020312,Branitzer Platz,2019,3,14,6,3,0,4,0,1,0,1,0,0,0,0
4012,193315,11,2,2010103,Moritzplatz,2019,3,12,1,3,5,3,0,0,1,0,0,0,0,0
4013,193316,11,1,1033203,Humboldthain Nordwest,2019,3,13,3,3,0,7,0,0,0,0,1,0,0,1
4014,193317,11,5,5010206,Gütersloher Weg,2019,3,14,1,3,5,2,0,0,1,0,0,0,0,1
4015,193318,11,1,1044202,Sparrplatz,2019,3,14,1,3,5,7,0,0,1,0,0,0,0,1
4016,193319,11,3,3020209,Niederschönhausen,2019,3,17,1,3,9,1,1,0,1,0,0,0,0,1
4017,193320,11,4,4030930,George-Grosz-Platz,2019,3,12,3,3,2,6,0,0,1,0,0,0,0,1
4018,193321,11,9,9051901,Dammvorstadt,2019,3,19,1,3,2,6,2,0,1,0,0,0,0,1
4019,193322,11,11,11040926,Weitlingstraße,2019,3,12,2,3,0,3,0,0,0,0,0,0,1,0
4020,193323,11,10,10010310,Alt-Marzahn,2019,3,20,1,2,5,2,2,1,1,0,0,0,0,1
4021,193324,11,1,1011301,Charitéviertel,2019,3,21,1,3,2,6,2,0,1,0,0,0,0,1
4022,193325,11,12,12301203,Wittenau Süd,2019,3,7,2,2,6,4,0,0,1,1,0,0,0,1
4023,193326,11,3,3061227,Humannplatz,2019,3,10,1,3,1,5,0,0,1,0,0,0,0,0
4024,193327,11,3,3061227,Humannplatz,2019,3,9,1,3,5,3,0,0,1,0,0,0,1,0
4025,193328,11,1,1011204,Leipziger Straße,2019,3,21,5,3,5,3,2,0,1,0,0,0,0,1
4026,193329,11,11,11020514,Große-Leege-Straße,2019,3,8,1,3,5,3,0,0,1,0,1,0,0,0
4027,193330,11,5,5020417,Staakener Straße,2019,3,6,2,3,5,3,0,0,1,0,0,1,0,1
4028,193331,11,11,11020515,Landsberger Allee,2019,3,17,7,3,5,3,2,0,1,0,1,0,0,1
4029,193332,11,2,2050801,Traveplatz,2019,3,4,2,2,0,1,2,1,0,0,0,0,0,0
4030,193333,11,1,1011301,Charitéviertel,2019,3,18,7,2,1,5,2,1,1,0,0,0,0,1
4031,193334,11,7,7070705,Franziusweg/Rohrbachstraße,2019,3,12,7,2,1,5,0,1,1,0,0,0,0,1
4032,193335,11,11,11041128,Sewanstraße,2019,3,16,5,3,2,6,0,0,1,0,0,0,0,1
4033,193336,11,7,7020201,Bayerischer Platz,2019,3,13,7,3,1,5,0,0,1,0,0,0,0,1
4034,193337,11,6,6010208,Bergstraße,2019,3,0,2,2,5,7,2,0,1,0,0,0,0,0
4035,193338,11,7,7010102,Nollendorfplatz,2019,3,14,7,3,2,6,0,0,1,0,0,0,0,1
4036,193339,11,2,2030302,Lausitzer Platz,2019,3,16,2,3,2,6,0,1,0,0,0,0,0,0
4037,193340,11,1,1011204,Leipziger Straße,2019,3,15,7,3,2,6,0,0,1,0,0,0,0,1
4038,193341,11,7,2020205,Chamissokiez,2019,3,18,7,3,2,6,1,0,1,0,0,0,0,1
4039,193342,11,6,6040807,Zehlendorf Eiche,2019,3,17,2,3,6,4,0,0,1,1,0,0,0,0
4040,193343,11,8,8010404,Rixdorf,2019,3,18,7,3,6,4,1,0,1,1,0,0,0,1
4041,193344,11,6,6020303,Lankwitz Kirche,2019,3,18,7,3,6,2,1,0,1,1,0,0,0,1
4042,193345,11,4,4030931,Breitscheidplatz,2019,3,9,6,3,1,5,0,1,1,0,0,0,0,0
4043,193346,11,9,9030902,Wohngebiet II,2019,3,9,2,3,5,3,0,0,1,0,0,0,1,1
4044,193347,11,7,7010102,Nollendorfplatz,2019,3,18,7,3,6,2,1,0,1,1,0,0,0,1
4045,193348,11,1,1011201,Wilhelmstraße,2019,3,18,7,3,0,3,1,0,1,0,0,0,1,1
4046,193349,11,11,11030721,Rüdigerstraße,2019,3,7,5,3,6,4,0,0,1,1,0,0,0,1
4047,193350,11,7,7020204,Schöneberger Insel,2019,3,19,7,3,6,4,1,0,1,1,0,0,0,1
4048,193351,11,7,7060604,Marienfelde Süd,2019,3,11,2,3,5,2,0,0,1,0,0,0,0,0
4049,193352,11,10,10010102,Havemannstraße,2019,3,19,7,3,6,2,2,0,1,1,0,0,0,1
4050,193353,11,1,1022206,Lüneburger Straße,2019,3,11,2,3,2,6,0,0,1,0,0,0,0,1
4051,193354,11,1,1044103,Westliche Müllerstraße,2019,3,20,7,3,2,6,2,0,1,0,0,0,0,1
4052,193355,11,11,11010205,Falkenberg West,2019,3,20,7,3,5,2,2,0,1,0,0,0,0,1
4053,193356,11,11,11020515,Landsberger Allee,2019,3,12,2,3,0,6,0,0,1,0,1,0,0,1
4054,193357,11,1,1033101,Soldiner Straße,2019,3,20,7,2,1,5,2,0,1,0,0,1,0,1
4055,193358,11,7,7040401,Neu-Tempelhof,2019,3,21,7,3,6,7,2,1,0,1,0,0,0,1
4056,193359,11,4,4030929,Hindemithplatz,2019,3,17,6,3,2,6,2,0,1,0,0,0,0,0
4057,193360,11,1,1033202,Humboldthain Süd,2019,3,21,7,3,6,4,2,0,1,1,0,0,0,1
4058,193361,11,4,4041342,Schlangenbader Straße,2019,3,10,7,3,5,2,0,0,1,0,0,0,0,0
4059,193362,11,1,1011301,Charitéviertel,2019,3,12,2,3,1,5,0,1,1,0,0,0,0,0
4060,193363,11,11,11051229,Rummelsburg,2019,3,10,7,2,6,4,0,0,1,1,0,0,0,0
4061,193364,11,7,7020204,Schöneberger Insel,2019,3,6,7,2,1,1,1,0,1,0,0,0,1,0
4062,193365,11,8,8010118,Silbersteinstraße,2019,3,18,6,3,5,3,0,0,1,0,0,0,0,0
4063,193366,11,1,1033203,Humboldthain Nordwest,2019,3,13,2,3,1,5,0,0,1,0,0,0,0,1