,object id,city,district,sub district key,street,year,month,hour of day,weekday,category,accident type,accident type 2,light situation,bike involved,car involved,pedestrian involved,motor bike involved,big track involved,other vehicle involved,road condition
4064,193367,11,3,3040818,Pankow Süd,2019,3,17,6,3,6,4,1,0,1,1,0,0,0,1
4065,193368,11,1,1011306,Heine-Viertel Ost,2019,3,9,6,3,1,5,0,1,1,0,0,0,0,1
4066,193369,11,2,2040701,Andreasviertel,2019,3,10,5,3,5,2,0,1,1,0,0,0,0,1
4067,193370,11,11,11020515,Landsberger Allee,2019,3,21,6,2,0,7,2,1,0,0,0,0,0,1
4068,193371,11,5,5010101,Hakenfelde Nord,2019,3,15,2,3,6,2,0,0,1,1,0,0,0,0
4069,193372,11,7,7030303,Grazer Platz,2019,3,18,6,3,5,2,1,1,1,0,0,0,0,1
4070,193373,11,9,9020801,Spindlersfeld,2019,3,15,2,3,2,6,0,0,1,0,0,0,0,1
4071,193374,11,4,4030725,Amtsgerichtsplatz,2019,3,23,6,3,2,6,2,0,1,0,0,0,0,0
4072,193375,11,1,1011203,Unter den Linden Süd,2019,3,20,6,2,6,2,2,0,1,1,0,0,0,1
4073,193376,11,8,8030829,Gropiusstadt Nord,2019,3,16,2,3,0,6,0,0,1,0,1,0,0,1
4074,193377,11,2,2030302,Lausitzer Platz,2019,3,21,6,3,5,3,2,1,1,0,0,0,0,0
4075,193378,11,11,11051331,Karlshorst Nord,2019,3,18,6,3,5,7,1,0,1,0,0,0,1,1
4076,193379,11,7,7070703,John-Locke-Straße,2019,3,16,6,3,0,3,0,1,0,0,0,0,1,0
4077,193380,11,11,11020412,Hauptstraße,2019,3,16,2,3,2,6,0,0,1,0,0,0,0,0
4078,193381,11,3,3050923,Weißenseer Spitze,2019,3,16,6,3,2,6,1,0,1,0,1,0,0,1
4079,193382,11,8,8010302,Bouchéstraße,2019,3,15,6,3,5,3,0,1,1,0,0,0,0,1
4080,193383,11,12,12224230,Heiligensee,2019,3,17,2,3,6,7,0,0,1,1,0,0,0,0
4081,193384,11,12,12214423,Mellerbogen,2019,3,15,6,3,2,6,0,0,1,0,0,0,0,1
4082,193385,11,2,2010103,Moritzplatz,2019,3,15,6,3,1,5,0,1,1,0,0,0,0,1
4083,193386,11,7,7010104,Dennewitzplatz,2019,3,20,5,3,2,6,2,0,1,0,0,0,0,1
4084,193387,11,1,1011301,Charitéviertel,2019,3,16,6,3,0,1,0,0,0,0,1,0,0,1
4085,193388,11,2,2020204,Urbanstraße,2019,3,17,2,2,5,2,0,1,1,0,0,0,0,0
4086,193389,11,4,4020310,Park Ruhwald,2019,3,1,6,2,9,1,2,0,1,0,0,0,0,1
4087,193390,11,3,3061430,Volkspark Prenzlauer Berg,2019,3,16,2,3,2,6,0,0,1,0,0,0,0,0
4088,193391,11,1,1011303,Alexanderplatzviertel,2019,3,1,6,2,5,2,2,1,1,0,0,0,0,1
4089,193392,11,9,9020702,Adlershof Ost,2019,3,6,6,2,5,3,1,1,1,0,0,0,0,1
4090,193393,11,12,12214527,Alt-Tegel,2019,3,13,2,2,0,4,0,0,0,1,0,0,1,1
4091,193394,11,3,3010102,Buch,2019,3,9,6,3,0,1,0,0,0,0,1,0,0,1
4092,193395,11,4,4030623,Ernst-Reuter-Platz,2019,3,9,6,3,5,2,0,1,1,0,0,0,0,0
4093,193396,11,4,4030623,Ernst-Reuter-Platz,2019,3,14,6,3,3,6,0,0,1,0,0,0,1,0
4094,193397,11,1,1011303,Alexanderplatzviertel,2019,3,15,6,2,0,1,0,0,0,0,1,0,0,1
4095,193398,11,5,5020628,Graetschelsteig,2019,3,11,2,3,5,2,0,0,1,0,0,0,0,1
4096,193399,11,11,11020412,Hauptstraße,2019,3,14,6,3,5,2,0,1,1,0,0,0,0,0
4097,193400,11,2,2030301,Oranienplatz,2019,4,15,5,3,6,4,0,0,1,1,0,0,0,0
4098,193401,11,4,4010102,Plötzensee,2019,4,20,4,3,2,6,2,0,1,0,0,0,0,0
4099,193402,11,8,8010509,Schulenburgpark,2019,4,7,5,3,5,3,0,0,1,0,1,0,0,0
4100,193403,11,6,6030504,Teltower Damm,2019,4,18,4,3,2,7,0,0,1,0,0,0,0,0
4101,193404,11,2,2050801,Traveplatz,2019,4,0,7,3,2,2,2,1,1,0,0,0,0,0
4102,193405,11,6,6020409,Königsberger Straße,2019,4,17,4,3,2,6,0,0,1,0,0,0,0,0
4103,193406,11,8,8010404,Rixdorf,2019,4,17,4,3,5,3,0,0,1,0,1,0,0,0
4104,193407,11,1,1033201,Brunnenstraße,2019,4,8,6,2,5,2,0,0,1,0,1,0,0,0
4105,193408,11,10,10030727,Biesdorf Süd,2019,4,16,4,3,2,7,0,1,1,0,0,0,0,0
4106,193409,11,2,2040502,Friedenstraße,2019,4,15,5,3,2,6,0,0,1,0,0,0,0,0
4107,193410,11,11,11030824,Frankfurter Allee Süd,2019,4,12,1,3,6,4,0,0,1,1,0,0,0,0
4108,193411,11,2,2050602,Samariterviertel,2019,4,16,4,3,6,4,0,0,1,1,0,0,0,0
4109,193412,11,4,4030519,Kaiserin-Augusta-Allee,2019,4,13,7,3,5,2,0,0,1,0,0,0,0,0
4110,193413,11,1,1033102,Gesundbrunnen,2019,4,15,4,3,6,2,0,1,0,1,0,0,0,0
4111,193414,11,8,8041038,Waßmannsdorfer Chaussee,2019,4,15,4,3,5,3,0,0,1,0,0,0,1,0
4112,193415,11,4,4030931,Breitscheidplatz,2019,4,2,6,2,1,5,2,1,1,0,0,0,0,0
4113,193416,11,3,3061227,Humannplatz,2019,4,14,4,2,5,3,0,1,0,0,0,0,0,0
4114,193417,11,9,9041601,Müggelheim,2019,4,15,7,2,2,2,0,0,1,0,1,0,0,0
4115,193418,11,9,9041501,Altstadt Kietz,2019,4,14,4,2,0,5,0,1,0,0,0,0,1,0
4116,193419,11,12,12103218,Teichstraße,2019,4,16,4,2,5,2,0,0,1,0,0,0,0,0
4117,193420,11,2,2040703,Wriezener Bahnhof/Entwicklungsgebiet,2019,4,19,6,2,0,2,1,0,0,1,1,0,0,0
4118,193421,11,9,9020502,Oberschöneweide Ost,2019,4,12,4,3,5,7,0,0,1,0,0,0,1,0
4119,193422,11,9,9010402,Johannisthal Ost,2019,4,14,5,3,0,1,0,1,0,0,0,0,0,0
4120,193423,11,8,8010510,Gewerbegebiet Köllnische Heide,2019,4,12,4,3,0,7,0,1,0,0,0,0,1,1
4121,193424,11,11,11010205,Falkenberg West,2019,4,14,1,3,2,2,0,0,1,0,0,0,0,0
4122,193425,11,4,4030623,Ernst-Reuter-Platz,2019,4,12,4,3,5,2,0,1,1,0,0,0,0,0
4123,193426,11,4,4041136,Hagenplatz,2019,4,10,4,2,5,2,0,1,1,0,0,0,0,0
4124,193427,11,8,8010213,Körnerpark,2019,4,15,7,3,5,3,0,0,0,0,0,0,1,0
4125,193428,11,1,1011305,Heine-Viertel West,2019,4,9,4,2,1,5,0,1,1,0,0,0,1,0
4126,193429,11,1,1011302,Oranienburger Straße,2019,4,8,4,3,1,5,0,1,1,0,0,0,1,0
4127,193430,11,1,1022201,Stephankiez,2019,4,1,5,3,2,6,2,1,0,0,0,0,1,0
4128,193431,11,8,8010303,Donaustraße,2019,4,7,4,3,6,2,0,0,0,1,0,0,1,0
4129,193432,11,4,4030828,Savignyplatz,2019,4,10,5,3,5,2,0,1,1,0,0,0,0,0
4130,193433,11,3,3061332,Helmholtzplatz,2019,4,7,4,3,1,5,0,0,1,0,1,0,0,0
4131,193434,11,1,1044202,Sparrplatz,2019,4,7,4,3,5,3,0,1,1,0,0,0,0,0
4132,193435,11,8,8010301,Reuterkiez,2019,4,17,5,3,0,4,0,1,0,1,0,0,0,0
4133,193436,11,9,9020701,Adlershof West,2019,4,7,4,3,0,1,0,1,0,0,0,0,0,0
4134,193437,11,12,12304313,Borsigwalde,2019,4,16,1,3,5,2,0,0,1,0,0,0,0,0
4135,193438,11,3,3061131,Falkplatz,2019,4,7,4,3,6,6,0,1,0,1,0,0,0,0
4136,193439,11,3,3040512,Wilhelmsruh,2019,4,5,4,3,2,6,2,0,1,0,0,0,0,0
4137,193440,11,1,1022206,Lüneburger Straße,2019,4,17,6,3,6,4,0,0,1,1,0,0,0,0
4138,193441,11,7,7050502,Fritz-Werner-Straße,2019,4,1,4,3,5,3,2,0,1,0,0,0,0,0
4139,193442,11,11,11030721,Rüdigerstraße,2019,4,16,3,3,6,7,0,0,1,1,0,0,0,0
4140,193443,11,5,5010314,Carl-Schurz-Straße,2019,4,11,5,3,0,7,0,0,1,0,0,0,1,0
4141,193444,11,1,1044101,Rehberge,2019,4,14,3,3,0,5,0,1,1,0,0,0,0,0
4142,193445,11,2,2040502,Friedenstraße,2019,4,9,5,2,3,6,0,0,1,0,1,0,0,0
4143,193446,11,8,8010303,Donaustraße,2019,4,16,3,3,2,6,0,0,1,0,0,0,0,0
4144,193447,11,1,1044101,Rehberge,2019,4,19,7,3,5,2,0,0,1,0,0,0,1,0
4145,193448,11,8,8010214,Glasower Straße,2019,4,7,3,3,6,7,0,1,0,1,0,0,0,0
4146,193449,11,10,10030725,Buckower Ring,2019,4,16,3,3,5,3,0,1,1,0,0,0,0,0
4147,193450,11,4,4051653,Prager Platz,2019,4,9,6,3,5,3,0,1,0,0,0,0,0,0
4148,193451,11,4,4010101,Jungfernheide,2019,4,15,7,3,7,7,0,0,0,0,1,0,0,0
4149,193452,11,4,4041344,Rüdesheimer Platz,2019,4,16,3,3,5,3,0,0,1,0,0,0,0,0
4150,193453,11,12,12301205,Waidmannslust,2019,4,16,3,3,2,2,0,0,1,0,0,0,1,0
4151,193454,11,4,4030518,Tegeler Weg,2019,4,14,6,3,5,2,0,0,1,0,1,0,0,0
4152,193455,11,6,6030610,Lichterfelde West,2019,4,16,3,3,6,4,0,0,1,1,0,0,0,0
4153,193456,11,6,6010205,Südende,2019,4,15,5,3,2,6,0,0,1,0,0,0,0,0
4154,193457,11,8,8010405,Hertzbergplatz,2019,4,16,3,3,1,1,0,0,1,0,0,0,0,0
4155,193458,11,1,1044201,Reinickendorfer Straße,2019,4,16,2,3,2,6,0,0,1,0,0,0,0,0
4156,193459,11,8,8030831,Gropiusstadt Ost,2019,4,17,5,3,5,3,0,1,1,0,0,0,0,0
4157,193460,11,1,3071537,Kollwitzplatz,2019,4,18,3,3,2,6,0,0,1,0,0,0,0,0
4158,193461,11,3,3020209,Niederschönhausen,2019,4,16,7,3,0,3,0,1,1,0,0,0,0,0
4159,193462,11,12,12214424,Scharnweberstraße,2019,4,16,3,3,5,2,0,0,1,0,0,0,1,0
4160,193463,11,6,6030610,Lichterfelde West,2019,4,18,3,3,0,6,0,1,0,0,0,0,1,0
4161,193464,11,8,8010404,Rixdorf,2019,4,7,6,3,4,5,0,1,1,0,0,0,0,0
4162,193465,11,2,2010102,Mehringplatz,2019,4,18,3,3,5,2,0,0,1,0,1,0,0,0
4163,193466,11,1,1011304,Karl-Marx-Allee,2019,4,15,5,2,3,6,0,1,0,0,0,0,0,0
4164,193467,11,2,2020203,Viktoriapark,2019,4,18,3,3,5,2,0,1,1,0,0,0,0,0
4165,193468,11,5,5020419,Magistratsweg,2019,4,11,1,3,1,5,0,1,1,0,0,0,0,0
4166,193469,11,4,4030415,Schloßgarten,2019,4,17,3,2,6,7,0,0,1,1,0,0,0,0
4167,193470,11,1,1011201,Wilhelmstraße,2019,4,16,5,3,2,2,0,1,1,0,0,0,0,0
4168,193471,11,11,11030720,Herzbergstraße,2019,4,11,3,2,2,6,0,0,1,0,1,0,0,0
4169,193472,11,4,4030827,Karl-August-Platz,2019,4,15,1,3,1,5,0,1,1,0,0,0,0,0
4170,193473,11,1,1011303,Alexanderplatzviertel,2019,4,17,3,2,5,2,0,0,1,0,1,0,0,0
4171,193474,11,10,10010310,Alt-Marzahn,2019,4,8,3,3,3,6,0,0,1,0,0,1,0,0
4172,193475,11,10,10010308,Marzahner Chaussee,2019,4,9,7,3,2,2,0,0,1,0,1,0,0,0
4173,193476,11,8,8020619,Buschkrugallee Nord,2019,4,23,3,2,5,2,2,0,0,0,1,0,1,0
4174,193477,11,1,1011302,Oranienburger Straße,2019,4,22,3,3,1,5,2,0,1,0,0,0,0,0
4175,193478,11,8,8020727,Buckow Mitte,2019,4,20,6,2,5,3,2,1,1,0,0,0,0,0
4176,193479,11,7,7010101,Wittenbergplatz/Viktoria-Luise-Platz,2019,4,21,3,3,6,4,2,0,1,1,0,0,0,0
4177,193480,11,7,7030301,Friedenau,2019,4,18,5,3,6,4,0,1,0,1,0,0,0,0
4178,193481,11,7,7070704,Nahariyastraße,2019,4,21,3,3,5,2,2,0,1,0,0,0,1,0
4179,193482,11,1,1022101,Huttenkiez,2019,4,22,1,3,5,3,2,0,1,0,0,0,0,0
4180,193483,11,2,2010104,Wassertorplatz,2019,4,13,3,3,5,2,0,0,0,0,0,0,1,0
4181,193484,11,1,1033102,Gesundbrunnen,2019,4,12,3,3,2,6,0,0,1,0,0,0,0,0
4182,193485,11,12,12214424,Scharnweberstraße,2019,4,13,6,3,2,6,0,0,1,0,0,0,0,0
4183,193486,11,3,3061227,Humannplatz,2019,4,12,3,3,2,6,0,0,1,0,0,0,0,0
4184,193487,11,2,2030401,Reichenberger Straße,2019,4,12,3,3,0,2,0,0,0,0,0,0,1,0
4185,193488,11,9,9052001,Köpenick Nord,2019,4,14,3,3,4,6,0,0,1,0,0,0,0,0
4186,193489,11,8,8030831,Gropiusstadt Ost,2019,4,13,7,3,2,6,0,0,1,0,0,0,0,0
4187,193490,11,1,1044103,Westliche Müllerstraße,2019,4,11,3,3,2,6,0,0,1,0,0,0,0,0
4188,193491,11,9,9010401,Johannisthal West,2019,4,15,3,3,2,6,0,0,1,0,0,1,0,0
4189,193492,11,1,1011301,Charitéviertel,2019,4,17,6,3,2,6,1,0,1,0,0,0,0,0
4190,193493,11,5,5020625,Borkumer Straße,2019,4,11,3,3,1,1,0,0,1,0,1,0,0,0
4191,193494,11,5,5010314,Carl-Schurz-Straße,2019,4,16,5,3,5,3,0,0,1,0,0,0,0,0
4192,193495,11,12,12214422,Klixstraße,2019,4,15,3,3,5,3,0,1,0,0,1,0,0,0
4193,193496,11,5,5010314,Carl-Schurz-Straße,2019,4,19,1,3,5,3,0,0,1,0,0,0,1,0
4194,193497,11,1,1011302,Oranienburger Straße,2019,4,11,3,3,3,6,0,0,1,0,1,0,1,0
4195,193498,11,2,2040703,Wriezener Bahnhof/Entwicklungsgebiet,2019,4,15,3,2,3,6,0,1,1,0,0,0,0,0
4196,193499,11,1,1033201,Brunnenstraße,2019,4,15,6,3,5,2,0,1,1,0,0,0,0,0
4197,193500,11,4,4030518,Tegeler Weg,2019,4,16,3,2,5,2,0,0,1,0,1,0,0,0
4198,193501,11,4,4030417,Schloßstraße,2019,4,10,3,2,6,7,0,0,0,1,0,0,1,0
4199,193502,11,5,5030730,Zitadellenweg,2019,4,11,5,3,5,7,0,0,1,0,0,0,0,0
4200,193503,11,1,1044202,Sparrplatz,2019,4,10,3,2,5,2,0,0,1,0,1,0,0,0
4201,193504,11,1,1022206,Lüneburger Straße,2019,4,11,3,3,1,5,0,1,0,0,0,0,1,0
4202,193505,11,11,11051332,Karlshorst Süd,2019,4,8,5,3,5,2,0,1,1,0,0,0,0,0
4203,193506,11,2,2050801,Traveplatz,2019,4,10,3,3,0,4,0,1,1,0,0,0,1,0
4204,193507,11,6,6010102,Schloßstraße,2019,4,10,5,3,3,6,0,0,1,0,1,0,0,0
4205,193508,11,1,1011306,Heine-Viertel Ost,2019,4,9,3,3,1,5,0,1,0,0,0,0,1,0
4206,193509,11,3,3061435,Conrad-Blenkle-Straße,2019,4,20,7,3,2,7,2,1,1,0,0,0,0,0
4207,193510,11,1,1011302,Oranienburger Straße,2019,4,1,3,3,1,5,2,1,1,0,0,0,0,0
4208,193511,11,5,5020625,Borkumer Straße,2019,4,5,3,3,5,3,2,0,1,0,0,0,0,0
4209,193512,11,9,9041501,Altstadt Kietz,2019,4,12,6,3,5,7,0,0,1,0,0,0,1,0
4210,193513,11,9,9020501,Oberschöneweide West,2019,4,7,3,3,5,3,0,0,1,0,1,0,0,0
4211,193514,11,5,5030832,Rohrdamm,2019,4,14,5,3,6,3,0,0,1,1,0,0,0,0
4212,193515,11,11,11040926,Weitlingstraße,2019,4,7,3,3,2,1,0,0,1,0,0,0,0,0
4213,193516,11,12,12214422,Klixstraße,2019,4,17,1,3,2,6,0,0,1,0,0,0,0,0
4214,193517,11,5,5020625,Borkumer Straße,2019,4,5,5,3,2,6,2,0,1,0,1,0,0,0
4215,193518,11,4,4030417,Schloßstraße,2019,4,7,3,3,6,7,0,0,1,1,0,0,0,0
4216,193519,11,3,3050923,Weißenseer Spitze,2019,4,16,7,3,5,3,0,0,1,0,0,0,0,0
4217,193520,11,1,1044103,Westliche Müllerstraße,2019,4,8,3,3,5,3,0,0,1,0,0,0,0,0
4218,193521,11,1,1011105,Nördlicher Landwehrkanal,2019,4,8,5,3,5,3,0,1,1,0,0,0,0,0
4219,193522,11,6,6040703,Nikolassee,2019,4,8,3,2,0,6,0,0,1,0,0,0,0,0
4220,193523,11,12,12304314,Ziekowstraße/Freie Scholle,2019,4,18,7,3,2,6,0,0,1,0,0,0,0,0
4221,193524,11,10,10010207,Marzahner Promenade,2019,4,8,3,3,5,2,0,0,1,0,0,0,0,0
4222,193525,11,4,4020311,Reichsstraße,2019,4,9,3,2,6,2,0,0,1,1,0,0,0,0
4223,193526,11,5,5020625,Borkumer Straße,2019,4,11,6,2,6,4,0,0,1,1,0,0,0,0
4224,193527,11,2,2020204,Urbanstraße,2019,4,18,2,3,3,6,1,1,0,0,0,0,0,0
4225,193528,11,8,8041037,Alt-Rudow,2019,4,16,5,3,6,6,0,0,1,1,0,0,0,0
4226,193529,11,1,1011302,Oranienburger Straße,2019,4,9,2,3,4,6,0,1,0,0,0,0,0,0
4227,193530,11,8,8030830,Gropiusstadt Süd,2019,4,13,1,3,5,2,0,0,1,0,1,0,0,0
4228,193531,11,9,9052001,Köpenick Nord,2019,4,19,2,3,5,2,0,1,1,0,0,0,0,0
4229,193532,11,11,11051229,Rummelsburg,2019,4,12,2,3,3,6,0,0,1,0,0,1,0,0
4230,193533,11,4,4020314,Messegelände,2019,4,12,7,3,5,2,0,1,1,0,0,0,0,0
4231,193534,11,7,7040403,Manteuffelstraße,2019,4,12,2,3,5,2,0,1,1,0,0,0,0,0
4232,193535,11,8,8010303,Donaustraße,2019,4,16,2,3,1,5,0,1,1,0,0,0,0,0
4233,193536,11,1,1011203,Unter den Linden Süd,2019,4,9,6,3,2,6,0,0,1,0,1,0,0,0
4234,193537,11,12,12214125,Waldidyll/Flughafensee,2019,4,16,2,2,2,6,0,0,1,0,0,0,0,0
4235,193538,11,10,10020622,Kaulsdorf Nord I,2019,4,17,5,3,5,3,0,1,1,0,0,0,0,0
4236,193539,11,9,9020701,Adlershof West,2019,4,16,2,3,5,3,0,1,1,0,0,0,0,0
4237,193540,11,8,8041036,Zittauer Straße,2019,4,7,6,3,3,6,0,1,1,0,0,0,0,0
4238,193541,11,8,8010213,Körnerpark,2019,4,15,2,3,5,3,0,1,0,0,0,0,1,0
4239,193542,11,3,3040614,Pankow Zentrum,2019,4,12,5,3,5,2,0,0,0,0,0,1,1,0
4240,193543,11,1,1011303,Alexanderplatzviertel,2019,4,15,2,3,2,4,0,1,1,1,0,0,0,0
4241,193544,11,5,5020523,Maulbeerallee,2019,4,14,1,3,5,2,0,0,1,0,0,0,0,0
4242,193545,11,1,1011303,Alexanderplatzviertel,2019,4,15,2,3,5,3,0,1,0,0,0,0,0,0
4243,193546,11,1,1022204,Thomasiusstraße,2019,4,15,2,3,5,2,0,1,1,0,0,0,0,0
4244,193547,11,5,5020521,Döberitzer Weg,2019,4,15,7,3,5,2,0,0,1,0,0,0,0,0
4245,193548,11,5,5020417,Staakener Straße,2019,4,13,2,3,0,3,0,1,0,0,0,0,1,0
4246,193549,11,10,10010308,Marzahner Chaussee,2019,4,14,2,3,5,3,0,1,0,0,0,0,1,0
4247,193550,11,2,2010102,Mehringplatz,2019,4,7,5,3,3,6,0,1,0,0,0,0,0,0
4248,193551,11,5,5020626,Adamstraße,2019,4,14,2,3,5,3,0,0,1,0,1,0,0,0
4249,193552,11,10,10020620,Kaulsdorf Nord II,2019,4,16,5,3,2,6,0,0,1,0,0,0,0,0
4250,193553,11,6,6010210,Bismarckstraße,2019,4,16,2,2,6,4,0,1,0,1,0,0,0,0
4251,193554,11,3,3061227,Humannplatz,2019,4,13,7,3,5,3,0,1,1,0,0,0,0,0
4252,193555,11,4,4030931,Breitscheidplatz,2019,4,18,2,3,1,5,0,0,1,0,0,0,0,0
4253,193556,11,10,10040931,Mahlsdorf Nord,2019,4,13,2,3,5,3,0,1,1,0,0,0,0,0
4254,193557,11,2,2020206,Graefekiez,2019,4,16,2,3,2,6,0,0,1,0,0,0,0,0
4255,193558,11,3,3061434,Anton-Saefkow-Park,2019,4,19,1,3,2,6,0,0,1,0,0,0,0,0
4256,193559,11,4,4041136,Hagenplatz,2019,4,12,2,3,1,5,0,1,1,0,0,0,0,0
4257,193560,11,5,5030731,Gartenfelder Straße,2019,4,14,2,3,0,7,0,0,0,0,1,0,0,1
4258,193561,11,4,4030828,Savignyplatz,2019,4,19,4,3,5,3,1,1,1,0,0,0,0,0
4259,193562,11,2,2010104,Wassertorplatz,2019,4,18,6,3,5,3,0,0,1,0,0,0,0,0
4260,193563,11,1,1044201,Reinickendorfer Straße,2019,4,17,2,3,5,5,0,1,1,0,0,0,0,0
4261,193564,11,1,1011402,Arkonaplatz,2019,4,18,4,3,2,6,0,0,1,0,0,0,0,0
4262,193565,11,5,5020625,Borkumer Straße,2019,4,12,2,3,2,6,0,0,1,0,0,0,0,0
4263,193566,11,1,1011303,Alexanderplatzviertel,2019,4,18,4,3,3,6,0,1,1,0,0,0,0,0
4264,193567,11,6,6040806,Fischtal,2019,4,14,5,3,5,2,0,0,1,0,1,0,0,0
4265,193568,11,6,6020303,Lankwitz Kirche,2019,4,16,2,3,5,3,0,1,1,0,0,0,0,0
4266,193569,11,8,8010213,Körnerpark,2019,4,18,4,3,2,7,0,1,0,0,0,0,1,0
4267,193570,11,3,3040818,Pankow Süd,2019,4,17,4,3,1,1,0,0,0,0,1,1,0,0
4268,193571,11,4,4030623,Ernst-Reuter-Platz,2019,4,9,5,3,5,7,0,0,1,0,0,0,0,0
4269,193572,11,1,1011402,Arkonaplatz,2019,4,13,2,3,0,3,0,1,1,0,0,0,0,0
4270,193573,11,9,9020802,Köllnische Vorstadt,2019,4,17,4,3,2,7,0,0,1,0,0,0,0,0
4271,193574,11,4,4010102,Plötzensee,2019,4,18,7,3,6,4,1,0,0,1,1,0,0,0
4272,193575,11,7,7010102,Nollendorfplatz,2019,4,17,4,3,0,6,0,0,1,0,0,0,1,0
4273,193576,11,1,1044103,Westliche Müllerstraße,2019,4,13,2,3,1,5,0,0,1,0,0,0,1,0
4274,193577,11,4,4020311,Reichsstraße,2019,4,17,4,3,5,3,0,0,1,0,1,0,0,0
4275,193578,11,5,5030731,Gartenfelder Straße,2019,4,18,2,3,5,2,0,1,1,0,0,0,0,0
4276,193579,11,2,2050601,Hausburgviertel,2019,4,17,4,3,5,3,0,1,1,0,0,0,0,0
4277,193580,11,7,7050501,Rathausstraße,2019,4,10,6,3,3,6,0,0,1,0,1,0,0,0
4278,193581,11,7,7020201,Bayerischer Platz,2019,4,11,2,3,2,6,0,0,1,0,0,0,0,0
4279,193582,11,7,7040403,Manteuffelstraße,2019,4,16,4,3,2,6,0,0,1,0,0,0,0,0
4280,193583,11,2,2020204,Urbanstraße,2019,4,16,4,3,5,2,0,1,1,0,0,0,0,0
4281,193584,11,6,6030610,Lichterfelde West,2019,4,15,5,3,3,2,0,0,1,0,0,0,0,0
4282,193585,11,6,6040701,Wannsee,2019,4,16,4,3,4,6,0,1,1,0,0,0,0,0
4283,193586,11,7,7050502,Fritz-Werner-Straße,2019,4,14,6,3,5,3,0,0,1,0,0,0,0,0
4284,193587,11,12,12301203,Wittenau Süd,2019,4,15,4,3,6,6,0,1,0,1,0,0,0,0
4285,193588,11,4,4020311,Reichsstraße,2019,4,15,4,3,5,3,0,0,1,0,0,0,0,0
4286,193589,11,6,6010205,Südende,2019,4,15,4,3,5,7,0,0,1,0,1,0,0,0
4287,193590,11,1,1011302,Oranienburger Straße,2019,4,14,5,3,5,7,0,0,1,0,1,0,0,0
4288,193591,11,7,7020204,Schöneberger Insel,2019,4,18,2,3,5,2,0,1,1,0,0,0,0,0
4289,193592,11,7,7040405,Rathaus Tempelhof,2019,4,14,4,3,5,3,0,0,1,0,0,0,0,0
4290,193593,11,4,4051652,Nikolsburger Platz,2019,4,16,2,3,6,4,0,0,1,1,0,0,0,0
4291,193594,11,1,1011204,Leipziger Straße,2019,4,14,4,3,5,3,0,0,1,0,1,0,0,0
4292,193595,11,7,7040402,Lindenhofsiedlung,2019,4,7,5,3,0,7,0,0,0,1,1,0,0,0
4293,193596,11,1,1011301,Charitéviertel,2019,4,10,2,3,6,2,0,0,1,1,0,0,0,0
4294,193597,11,10,10010309,Springpfuhl,2019,4,17,4,3,0,1,0,0,0,0,1,0,0,0
4295,193598,11,1,1033201,Brunnenstraße,2019,4,17,7,3,6,7,0,1,0,1,0,0,0,0
4296,193599,11,7,7040405,Rathaus Tempelhof,2019,4,8,4,3,5,3,0,0,1,0,0,0,0,0
4297,193600,11,10,10040830,Kaulsdorf Süd,2019,4,17,2,2,5,2,0,0,1,0,1,0,0,0
4298,193601,11,7,7010104,Dennewitzplatz,2019,4,8,4,3,5,2,0,1,1,0,0,0,0,0
4299,193602,11,1,1044101,Rehberge,2019,4,18,2,3,6,4,0,0,1,1,0,0,0,0
4300,193603,11,2,2030402,Wrangelkiez,2019,4,9,3,3,2,6,0,1,0,0,0,0,0,0
4301,193604,11,4,4041344,Rüdesheimer Platz,2019,4,8,6,3,2,6,0,0,1,0,0,0,1,0
4302,193605,11,3,3020307,Buchholz,2019,4,19,2,3,2,6,0,0,1,0,1,0,0,0
4303,193606,11,1,1011202,Unter den Linden Nord,2019,4,18,3,3,5,2,0,0,1,0,0,0,0,0
4304,193607,11,1,1011101,Stülerstraße,2019,4,9,3,3,2,6,0,0,1,0,0,0,0,0
4305,193608,11,4,4041134,Bismarckallee,2019,4,16,5,3,2,6,0,0,1,0,0,0,0,0
4306,193609,11,3,3040512,Wilhelmsruh,2019,4,12,3,3,5,2,0,1,1,0,0,0,0,0
4307,193610,11,8,8020619,Buschkrugallee Nord,2019,4,17,3,3,6,3,0,0,1,1,0,0,0,0
4308,193611,11,9,9051702,Bölschestraße,2019,4,11,1,3,2,6,0,0,1,0,0,0,0,0
4309,193612,11,1,1022104,Emdener Straße,2019,4,17,3,3,6,4,0,1,0,1,0,0,0,0
4310,193613,11,11,11051331,Karlshorst Nord,2019,4,20,2,2,6,4,2,0,1,1,0,0,0,0
4311,193614,11,7,7070701,Kettinger Straße/Schillerstraße,2019,4,10,2,3,5,2,0,1,0,0,0,1,0,0
4312,193615,11,2,2020204,Urbanstraße,2019,4,17,3,3,2,6,0,1,1,0,0,0,0,0
4313,193616,11,4,4020311,Reichsstraße,2019,4,13,7,2,5,3,0,0,1,0,1,0,0,0
4314,193617,11,7,7040403,Manteuffelstraße,2019,4,12,3,3,5,3,0,0,1,0,0,0,0,0
4315,193618,11,1,1011302,Oranienburger Straße,2019,4,9,2,3,5,3,0,1,1,0,0,0,0,0
4316,193619,11,1,1033203,Humboldthain Nordwest,2019,4,18,3,3,2,6,0,1,1,0,0,0,0,0