,object id,city,district,sub district key,street,year,month,hour of day,weekday,category,accident type,accident type 2,light situation,bike involved,car involved,pedestrian involved,motor bike involved,big track involved,other vehicle involved,road condition
4317,193620,11,4,4061757,Forst Grunewald,2019,4,1,1,2,9,1,2,0,0,0,1,0,0,0
4318,193621,11,6,6040809,Thielallee,2019,4,12,3,3,5,3,0,0,1,0,1,0,0,0
4319,193622,11,3,3061429,Greifswalder Straße,2019,4,14,4,3,2,2,0,0,1,0,0,0,0,0
4320,193623,11,10,10020413,Gut Hellersdorf,2019,4,9,2,3,5,3,0,1,1,0,0,0,0,0
4321,193624,11,8,8010404,Rixdorf,2019,4,11,3,3,6,4,0,0,1,1,0,0,0,0
4322,193625,11,8,8010118,Silbersteinstraße,2019,4,1,7,3,1,6,2,1,1,0,0,0,0,0
4323,193626,11,6,6020409,Königsberger Straße,2019,4,11,3,3,5,3,0,0,1,0,0,0,0,0
4324,193627,11,5,5030730,Zitadellenweg,2019,4,8,2,3,1,5,0,0,1,0,0,0,1,0
4325,193628,11,4,4020311,Reichsstraße,2019,4,10,3,3,5,3,0,0,1,0,0,0,0,0
4326,193629,11,7,7010102,Nollendorfplatz,2019,4,8,2,3,2,6,0,0,0,0,1,0,1,0
4327,193630,11,1,1011303,Alexanderplatzviertel,2019,4,18,3,2,5,2,1,1,1,0,0,0,0,0
4328,193631,11,6,6010207,Mittelstraße,2019,4,11,6,3,1,5,0,1,1,0,0,0,1,0
4329,193632,11,1,1022102,Beusselkiez,2019,4,8,2,2,6,4,0,0,1,1,0,0,0,0
4330,193633,11,11,11030721,Rüdigerstraße,2019,4,20,3,3,5,3,2,1,1,0,0,0,0,0
4331,193634,11,4,4051652,Nikolsburger Platz,2019,4,10,3,3,2,7,0,1,0,0,0,0,1,0
4332,193635,11,12,12214125,Waldidyll/Flughafensee,2019,4,20,5,3,5,3,2,0,1,0,0,0,0,0
4333,193636,11,2,2050803,Stralauer Kiez,2019,4,8,2,3,2,6,0,1,0,0,0,0,0,0
4334,193637,11,12,12103115,Breitkopfbecken,2019,4,21,3,3,5,2,2,0,1,0,0,0,0,0
4335,193638,11,1,1011401,Invalidenstraße,2019,4,12,1,3,0,1,0,1,0,0,0,0,0,0
4336,193639,11,4,4030726,Droysenstraße,2019,4,10,3,3,3,6,0,1,1,0,0,0,0,0
4337,193640,11,9,9010402,Johannisthal Ost,2019,4,11,2,2,0,1,0,0,0,0,1,0,0,0
4338,193641,11,12,12214424,Scharnweberstraße,2019,4,17,2,3,2,6,0,0,1,0,0,0,1,0
4339,193642,11,12,12224230,Heiligensee,2019,4,9,3,3,3,6,0,0,1,0,0,0,0,0
4340,193643,11,1,1011306,Heine-Viertel Ost,2019,4,19,6,3,2,6,0,1,1,0,0,0,0,0
4341,193644,11,9,9010302,Späthsfelde,2019,3,18,1,3,5,3,0,0,1,0,0,0,0,0
4342,193645,11,7,7010104,Dennewitzplatz,2019,4,21,3,3,5,2,2,1,1,0,0,0,0,0
4343,193646,11,1,1044101,Rehberge,2019,3,18,1,3,3,6,0,0,1,0,1,0,0,0
4344,193647,11,5,5030832,Rohrdamm,2019,4,13,3,3,2,6,0,0,1,0,0,0,0,0
4345,193648,11,1,1011302,Oranienburger Straße,2019,4,11,5,3,3,6,0,1,0,0,0,1,0,0
4346,193649,11,12,12301206,Lübars,2019,3,17,1,3,5,2,0,1,0,0,0,0,0,0
4347,193650,11,2,2050802,Boxhagener Platz,2019,4,22,3,3,5,7,2,1,1,0,0,0,0,0
4348,193651,11,12,12214125,Waldidyll/Flughafensee,2019,3,17,1,3,2,2,0,0,1,0,0,0,0,0
4349,193652,11,1,1022206,Lüneburger Straße,2019,4,7,3,3,5,3,0,1,0,0,1,0,0,0
4350,193653,11,9,9020502,Oberschöneweide Ost,2019,3,15,1,3,6,4,0,0,0,1,0,0,1,0
4351,193654,11,7,7050503,Eisenacher Straße,2019,4,6,3,3,3,6,0,1,1,0,0,0,0,0
4352,193655,11,12,12214527,Alt-Tegel,2019,4,14,6,3,2,7,0,0,1,0,1,0,0,0
4353,193656,11,1,1011401,Invalidenstraße,2019,3,13,1,3,5,2,0,1,1,0,0,0,0,0
4354,193657,11,12,12214424,Scharnweberstraße,2019,4,13,3,3,0,6,0,0,1,0,0,0,1,0
4355,193658,11,3,3040818,Pankow Süd,2019,4,17,3,2,5,3,0,0,1,0,0,0,0,0
4356,193659,11,10,10020415,Hellersdorfer Promenade,2019,4,17,5,3,6,4,0,0,1,1,0,0,0,0
4357,193660,11,12,12214422,Klixstraße,2019,3,16,1,3,3,6,0,0,1,0,0,0,0,0
4358,193661,11,6,6030501,Berlepschstraße,2019,4,11,3,2,6,4,0,0,1,1,0,0,0,0
4359,193662,11,1,1011203,Unter den Linden Süd,2019,4,16,1,3,2,1,0,0,1,0,1,0,0,0
4360,193663,11,6,6010206,Stadtpark,2019,4,22,3,2,6,2,2,0,1,1,0,0,0,0
4361,193664,11,4,4030931,Breitscheidplatz,2019,3,16,1,2,2,6,0,0,1,0,0,0,0,0
4362,193665,11,3,3050923,Weißenseer Spitze,2019,3,1,1,3,6,4,2,0,1,1,0,0,0,0
4363,193666,11,4,4051652,Nikolsburger Platz,2019,4,9,3,3,1,5,0,1,1,0,0,0,1,0
4364,193667,11,5,5030832,Rohrdamm,2019,4,18,6,3,5,2,1,1,1,0,0,0,0,0
4365,193668,11,8,8010117,Schillerpromenade,2019,3,0,1,3,3,6,2,0,1,0,0,0,0,0
4366,193669,11,4,4041343,Binger Straße,2019,4,17,3,3,1,5,0,1,1,0,0,0,0,0
4367,193670,11,5,5020419,Magistratsweg,2019,3,9,1,3,2,6,0,0,1,0,0,0,0,0
4368,193671,11,5,5020625,Borkumer Straße,2019,4,20,3,3,0,1,2,1,0,0,0,0,0,0
4369,193672,11,8,8010509,Schulenburgpark,2019,4,15,5,3,6,4,0,0,1,1,0,0,0,0
4370,193673,11,5,5020524,Weinmeisterhornweg,2019,3,11,1,3,5,3,0,1,1,0,0,0,0,0
4371,193674,11,1,1011202,Unter den Linden Nord,2019,4,17,3,3,0,1,0,1,0,0,0,0,0,0
4372,193675,11,2,2050801,Traveplatz,2019,4,18,3,3,0,1,0,1,0,0,0,0,0,0
4373,193676,11,10,10010308,Marzahner Chaussee,2019,4,9,5,3,5,2,0,1,1,0,0,0,0,0
4374,193677,11,4,4030518,Tegeler Weg,2019,3,12,1,3,5,2,0,0,1,0,0,0,0,0
4375,193678,11,3,3030406,Alt-Karow,2019,4,7,3,2,5,3,0,1,1,0,0,0,0,0
4376,193679,11,7,7050503,Eisenacher Straße,2019,4,18,7,2,5,3,0,1,1,0,0,0,0,0
4377,193680,11,7,7010104,Dennewitzplatz,2019,4,16,3,3,1,5,0,1,1,0,0,0,0,0
4378,193681,11,1,1011102,Großer Tiergarten,2019,4,16,3,3,5,2,0,0,1,0,1,0,0,0
4379,193682,11,1,1011202,Unter den Linden Nord,2019,4,10,5,3,6,4,0,0,0,1,0,0,1,0
4380,193683,11,5,5020625,Borkumer Straße,2019,3,13,7,3,5,3,0,0,1,0,0,0,0,0
4381,193684,11,9,9020701,Adlershof West,2019,4,16,3,3,5,2,0,1,1,0,0,0,0,0
4382,193685,11,1,1011302,Oranienburger Straße,2019,4,23,7,3,5,7,2,0,1,0,0,0,1,0
4383,193686,11,7,7060601,Marienfelder Allee Nordwest,2019,4,16,3,3,0,6,0,0,1,0,0,0,1,0
4384,193687,11,3,3020203,Blankenfelde,2019,3,15,7,3,5,3,0,1,1,0,0,0,0,0
4385,193688,11,7,7040405,Rathaus Tempelhof,2019,4,15,3,3,5,2,0,1,1,0,0,0,0,0
4386,193689,11,12,12103218,Teichstraße,2019,3,15,7,3,1,1,0,0,1,0,0,1,0,0
4387,193690,11,11,11030721,Rüdigerstraße,2019,4,15,3,2,6,4,0,0,1,1,0,0,0,0
4388,193691,11,1,1011301,Charitéviertel,2019,4,13,6,3,3,6,0,0,1,0,1,0,0,0
4389,193692,11,4,4030518,Tegeler Weg,2019,4,14,3,2,6,4,0,0,1,1,0,0,0,0
4390,193693,11,4,4030415,Schloßgarten,2019,4,14,3,3,2,6,0,0,1,0,1,0,0,0
4391,193694,11,3,3061126,Arnimplatz,2019,3,14,7,3,5,3,0,1,0,0,0,0,0,0
4392,193695,11,8,8010509,Schulenburgpark,2019,4,14,3,3,2,6,0,0,1,0,0,0,0,0
4393,193696,11,7,7050503,Eisenacher Straße,2019,4,16,5,3,5,2,0,0,1,0,1,0,0,0
4394,193697,11,7,7040401,Neu-Tempelhof,2019,3,14,7,3,5,2,0,0,1,0,1,0,0,0
4395,193698,11,12,12103219,Schäfersee,2019,4,14,3,3,5,2,0,0,1,0,0,0,1,0
4396,193699,11,11,11030721,Rüdigerstraße,2019,4,17,1,2,5,7,0,0,1,0,1,0,0,0
4397,193700,11,1,1011303,Alexanderplatzviertel,2019,4,14,3,3,5,2,0,1,1,0,0,0,0,0
4398,193701,11,2,2040501,Barnimkiez,2019,4,7,5,3,6,4,0,0,1,1,0,0,0,0
4399,193702,11,3,3020210,Herthaplatz,2019,3,14,7,3,2,2,0,0,1,0,0,0,0,0
4400,193703,11,2,2020203,Viktoriapark,2019,4,13,3,3,0,1,0,1,0,0,0,0,1,0
4401,193704,11,4,4051652,Nikolsburger Platz,2019,4,16,7,3,1,5,0,1,1,0,0,0,0,0
4402,193705,11,12,12214527,Alt-Tegel,2019,4,13,3,3,5,2,0,0,1,0,0,0,0,0
4403,193706,11,7,7070705,Franziusweg/Rohrbachstraße,2019,3,14,7,2,5,2,0,1,1,0,0,0,0,0
4404,193707,11,3,3040614,Pankow Zentrum,2019,4,13,3,3,5,2,0,0,0,0,1,0,1,0
4405,193708,11,6,6020305,Gemeindepark Lankwitz,2019,3,13,7,2,0,5,0,0,0,0,1,0,1,0
4406,193709,11,7,7020203,Kaiser-Wilhelm-Platz,2019,4,13,3,3,1,5,0,1,1,0,0,0,0,0
4407,193710,11,2,2010103,Moritzplatz,2019,4,7,6,3,0,2,0,1,1,0,0,0,0,0
4408,193711,11,11,11030618,Fennpfuhl West,2019,3,13,7,3,1,5,0,0,1,0,0,0,0,0
4409,193712,11,11,11030720,Herzbergstraße,2019,4,15,2,3,0,1,0,1,0,0,0,0,0,0
4410,193713,11,3,3071536,Teutoburger Platz,2019,4,23,2,3,5,2,2,1,0,0,0,0,0,0
4411,193714,11,8,8030829,Gropiusstadt Nord,2019,3,13,7,3,2,6,0,0,1,0,0,0,0,0
4412,193715,11,3,3010104,Lietzengraben,2019,4,15,2,3,2,6,0,0,1,0,0,0,0,0
4413,193716,11,12,12214125,Waldidyll/Flughafensee,2019,3,13,7,2,5,3,0,1,1,0,0,0,0,0
4414,193717,11,3,3040614,Pankow Zentrum,2019,4,15,2,3,6,2,0,0,1,1,0,0,0,0
4415,193718,11,10,10020414,Helle Mitte,2019,4,16,6,2,6,4,0,0,1,1,0,0,0,0
4416,193719,11,10,10010102,Havemannstraße,2019,3,12,7,3,6,4,0,0,1,1,0,0,0,0
4417,193720,11,5,5010101,Hakenfelde Nord,2019,4,17,2,3,5,3,0,1,1,0,0,0,0,0
4418,193721,11,7,7040401,Neu-Tempelhof,2019,4,14,2,3,6,4,0,0,1,1,0,0,0,0
4419,193722,11,12,12103115,Breitkopfbecken,2019,4,14,5,3,1,5,0,0,1,0,1,0,0,0
4420,193723,11,2,2020203,Viktoriapark,2019,3,8,7,2,5,2,0,0,1,0,0,0,0,0
4421,193724,11,1,1022205,Zillesiedlung,2019,4,15,2,3,2,7,0,0,1,0,0,0,0,0
4422,193725,11,3,3040614,Pankow Zentrum,2019,4,15,1,3,0,2,0,1,1,0,0,0,0,0
4423,193726,11,8,8010301,Reuterkiez,2019,4,8,2,3,5,3,0,1,1,0,0,0,0,0
4424,193727,11,12,12302108,Märkisches Zentrum,2019,3,8,7,3,1,1,0,0,1,0,0,0,0,0
4425,193728,11,7,7040405,Rathaus Tempelhof,2019,3,7,7,2,6,2,0,0,0,1,0,0,1,0
4426,193729,11,4,4010101,Jungfernheide,2019,4,22,2,3,5,2,2,0,1,0,0,0,0,0
4427,193730,11,6,6040701,Wannsee,2019,4,11,7,2,5,2,0,1,1,0,0,0,0,0
4428,193731,11,3,3050925,Komponistenviertel Weißensee,2019,4,21,2,3,3,6,2,1,1,0,0,0,0,0
4429,193732,11,3,3061131,Falkplatz,2019,3,8,7,3,0,1,0,1,0,0,0,0,0,0
4430,193733,11,8,8020622,Parchimer Allee,2019,4,20,2,3,6,7,2,0,1,1,0,0,0,0
4431,193734,11,5,5020626,Adamstraße,2019,3,13,7,3,0,1,0,0,0,0,1,0,0,0
4432,193735,11,2,2010103,Moritzplatz,2019,4,20,2,3,6,2,2,0,1,1,0,0,0,0
4433,193736,11,4,4051448,Schaperstraße,2019,4,19,6,3,4,5,1,1,0,0,0,0,0,0
4434,193737,11,7,7010102,Nollendorfplatz,2019,3,0,7,3,5,3,2,0,1,0,0,0,0,0
4435,193738,11,2,2010102,Mehringplatz,2019,4,20,2,3,2,6,2,0,1,0,1,0,0,0
4436,193739,11,8,8010405,Hertzbergplatz,2019,4,19,2,3,2,7,1,0,1,0,1,0,0,0
4437,193740,11,5,5010311,Eiswerder,2019,4,17,5,3,2,6,0,0,1,0,0,0,0,0
4438,193741,11,2,2030302,Lausitzer Platz,2019,3,15,7,3,0,4,0,1,0,1,0,0,0,0
4439,193742,11,1,1022206,Lüneburger Straße,2019,4,18,2,3,5,2,0,0,1,0,1,0,0,0
4440,193743,11,4,4051655,Babelsberger Straße,2019,4,19,1,3,6,2,2,0,1,1,0,0,0,0
4441,193744,11,11,11020514,Große-Leege-Straße,2019,4,18,2,3,5,2,0,1,1,0,0,0,0,0
4442,193745,11,11,11030619,Fennpfuhl Ost,2019,3,15,7,3,2,2,0,0,1,0,0,0,0,0
4443,193746,11,9,9020802,Köllnische Vorstadt,2019,4,17,2,3,2,6,0,0,1,0,0,1,0,0
4444,193747,11,12,12304314,Ziekowstraße/Freie Scholle,2019,4,12,5,3,5,2,0,0,1,0,0,0,1,0
4445,193748,11,4,4030725,Amtsgerichtsplatz,2019,4,16,2,3,2,6,0,0,1,0,0,0,0,0
4446,193749,11,9,9041501,Altstadt Kietz,2019,3,15,7,3,5,3,0,1,1,0,0,0,0,0
4447,193750,11,2,2020206,Graefekiez,2019,4,8,2,3,3,6,0,0,1,0,0,0,0,0
4448,193751,11,3,3061332,Helmholtzplatz,2019,4,12,1,3,2,6,0,1,1,0,0,0,0,0
4449,193752,11,1,1011105,Nördlicher Landwehrkanal,2019,4,8,2,3,5,3,0,1,1,0,0,0,0,0
4450,193753,11,10,10020412,Alte Hellersdorfer Straße,2019,3,15,7,3,5,2,0,0,1,0,0,0,0,0
4451,193754,11,2,2020206,Graefekiez,2019,3,16,7,3,5,7,0,0,1,0,0,0,0,0
4452,193755,11,4,4030931,Breitscheidplatz,2019,4,8,2,3,5,2,0,1,0,0,1,0,0,0
4453,193756,11,2,2050602,Samariterviertel,2019,4,14,7,3,0,3,0,0,1,0,1,0,0,0
4454,193757,11,3,3061228,Erich-Weinert-Straße,2019,4,8,2,3,2,6,0,0,1,0,0,0,0,0
4455,193758,11,9,9020601,Schnellerstraße,2019,3,16,7,3,2,6,0,0,1,0,0,0,1,0
4456,193759,11,9,9051801,Rahnsdorf/Hessenwinkel,2019,4,7,2,3,2,6,0,0,1,0,0,0,0,0
4457,193760,11,1,1044202,Sparrplatz,2019,3,20,7,3,6,2,2,0,1,1,0,0,0,0
4458,193761,11,2,2050802,Boxhagener Platz,2019,4,7,2,3,6,7,0,1,0,1,0,0,0,0
4459,193762,11,11,11030618,Fennpfuhl West,2019,4,14,6,3,0,7,0,0,1,0,0,0,0,0
4460,193763,11,12,12302108,Märkisches Zentrum,2019,3,21,7,3,5,3,2,0,1,0,0,0,0,0
4461,193764,11,1,1011202,Unter den Linden Nord,2019,4,8,2,3,2,6,0,1,1,0,0,0,0,0
4462,193765,11,3,3061227,Humannplatz,2019,4,9,2,3,5,3,0,0,1,0,0,0,0,0
4463,193766,11,7,7060602,Kirchstraße,2019,4,17,5,2,0,7,0,1,0,0,0,0,0,0
4464,193767,11,1,1044103,Westliche Müllerstraße,2019,3,21,7,3,1,5,2,1,1,0,0,0,0,0
4465,193768,11,2,2040701,Andreasviertel,2019,4,10,2,3,5,3,0,0,1,0,0,0,0,0
4466,193769,11,6,6020411,Schütte-Lanz-Straße,2019,4,18,7,3,6,4,0,0,1,1,0,0,0,0
4467,193770,11,1,1011301,Charitéviertel,2019,4,10,2,3,5,3,0,0,1,0,0,0,0,0
4468,193771,11,9,9010101,Elsenstraße,2019,3,14,7,3,2,6,0,1,1,0,1,0,0,0
4469,193772,11,2,2050801,Traveplatz,2019,3,21,7,3,0,7,2,1,0,0,0,0,0,0
4470,193773,11,4,4020311,Reichsstraße,2019,4,10,2,3,5,3,0,0,1,0,0,0,0,0
4471,193774,11,2,2010104,Wassertorplatz,2019,4,14,6,3,5,2,0,0,1,0,0,0,0,0
4472,193775,11,10,10010308,Marzahner Chaussee,2019,4,11,2,3,2,6,0,0,1,0,0,0,0,0
4473,193776,11,3,3061332,Helmholtzplatz,2019,3,20,7,3,0,1,2,1,0,0,0,0,0,0
4474,193777,11,1,1022202,Heidestraße,2019,4,12,2,3,2,6,0,0,1,0,1,0,0,0
4475,193778,11,4,4041137,Flinsberger Platz,2019,4,22,6,2,2,6,2,0,1,0,0,0,0,0
4476,193779,11,8,8010213,Körnerpark,2019,4,13,2,3,6,7,0,0,1,1,0,0,0,0
4477,193780,11,7,7020203,Kaiser-Wilhelm-Platz,2019,3,11,7,3,5,3,0,0,1,0,0,0,1,0
4478,193781,11,5,5020625,Borkumer Straße,2019,4,12,2,3,5,3,0,0,1,0,0,0,0,0
4479,193782,11,2,2040703,Wriezener Bahnhof/Entwicklungsgebiet,2019,3,23,6,3,5,7,2,1,1,0,0,0,0,0
4480,193783,11,8,8010301,Reuterkiez,2019,4,12,2,3,2,2,0,0,1,0,0,0,1,0
4481,193784,11,6,6010101,Fichtenberg,2019,4,11,5,3,5,2,0,0,1,0,0,0,0,0
4482,193785,11,2,2020206,Graefekiez,2019,3,9,6,3,1,7,0,0,1,0,0,0,0,0
4483,193786,11,10,10030724,Oberfeldstraße,2019,4,15,2,3,5,3,0,1,1,0,0,0,0,0
4484,193787,11,3,3061332,Helmholtzplatz,2019,4,15,2,3,1,5,0,1,1,0,0,0,0,0
4485,193788,11,2,2030402,Wrangelkiez,2019,4,10,5,3,2,6,0,0,1,0,1,0,0,0
4486,193789,11,4,4041241,Breite Straße,2019,3,13,6,3,5,2,0,1,0,0,0,0,1,0
4487,193790,11,11,11010204,Falkenberg Ost,2019,4,15,2,3,5,3,0,1,1,0,0,0,0,0
4488,193791,11,1,1022103,Westhafen,2019,4,19,7,3,5,3,1,0,1,0,0,0,0,0
4489,193792,11,4,4041241,Breite Straße,2019,4,15,2,3,1,5,0,1,1,0,0,0,0,0
4490,193793,11,7,7060604,Marienfelde Süd,2019,3,12,6,3,2,2,0,0,1,0,0,0,0,0
4491,193794,11,8,8010213,Körnerpark,2019,4,16,2,3,1,5,0,1,1,0,0,0,0,0
4492,193795,11,7,7030301,Friedenau,2019,3,12,6,3,5,3,0,1,1,0,0,0,0,0
4493,193796,11,8,8010301,Reuterkiez,2019,4,11,6,3,5,3,0,0,1,0,0,0,1,0
4494,193797,11,4,4020310,Park Ruhwald,2019,4,18,4,3,6,4,0,1,0,1,0,0,0,0
4495,193798,11,2,2010104,Wassertorplatz,2019,4,15,5,3,5,2,0,0,1,0,0,0,0,0
4496,193799,11,1,1033102,Gesundbrunnen,2019,4,13,1,3,6,4,0,0,1,1,0,0,0,0
4497,193800,11,5,5040936,Jägerallee,2019,4,15,4,2,0,2,0,0,0,0,0,0,1,0
4498,193801,11,10,10040933,Mahlsdorf Süd,2019,4,19,4,3,5,2,0,1,1,0,0,0,0,0
4499,193802,11,4,4030827,Karl-August-Platz,2019,4,9,4,3,3,6,0,1,1,0,0,0,0,0
4500,193803,11,1,1011401,Invalidenstraße,2019,4,10,7,2,0,1,0,1,0,0,0,0,0,0
4501,193804,11,5,5010208,Germersheimer Platz,2019,4,17,6,3,5,2,0,1,0,0,0,0,1,0
4502,193805,11,2,2050802,Boxhagener Platz,2019,4,15,6,3,6,7,0,1,0,1,0,0,0,0
4503,193806,11,8,8010212,Rollberg,2019,4,16,6,3,2,6,0,0,1,0,0,0,0,0
4504,193807,11,9,9041501,Altstadt Kietz,2019,4,13,6,3,0,7,0,1,0,0,0,0,0,0
4505,193808,11,4,4030415,Schloßgarten,2019,4,14,6,3,2,6,0,0,1,0,0,0,0,0
4506,193809,11,5,5010206,Gütersloher Weg,2019,4,11,6,3,5,3,0,1,1,0,0,0,0,0
4507,193810,11,9,9051701,Hirschgarten,2019,4,10,6,2,0,6,0,0,1,0,1,0,0,0
4508,193811,11,7,7040404,Marienhöhe,2019,4,8,6,3,9,1,0,0,1,0,0,0,0,0
4509,193812,11,4,4030620,Alt-Lietzow,2019,4,9,6,3,5,7,0,0,1,0,0,0,0,0
4510,193813,11,4,4030623,Ernst-Reuter-Platz,2019,4,12,6,3,3,6,0,0,1,0,1,0,0,0
4511,193814,11,5,5030731,Gartenfelder Straße,2019,4,14,6,3,2,2,0,0,1,0,0,0,0,0
4512,193815,11,4,4041344,Rüdesheimer Platz,2019,4,14,6,3,0,1,0,1,0,0,0,0,0,0
4513,193816,11,4,4020204,Olympiagelände,2019,4,11,6,3,0,1,0,0,0,0,1,0,0,0
4514,193817,11,1,1011303,Alexanderplatzviertel,2019,4,16,6,3,6,2,0,1,0,1,0,0,0,0
4515,193818,11,4,4020310,Park Ruhwald,2019,4,16,6,2,5,3,0,0,1,0,0,0,0,0
4516,193819,11,7,7040401,Neu-Tempelhof,2019,4,14,4,2,5,3,0,1,1,0,0,0,0,0
4517,193820,11,7,7030303,Grazer Platz,2019,4,17,6,3,3,2,0,1,0,0,0,0,1,0
4518,193821,11,3,3061429,Greifswalder Straße,2019,4,17,6,2,1,5,0,1,1,0,0,0,0,0
4519,193822,11,12,12214125,Waldidyll/Flughafensee,2019,4,18,6,3,2,6,0,0,1,0,0,0,0,0
4520,193823,11,4,4030931,Breitscheidplatz,2019,4,20,6,3,2,6,2,0,1,0,0,0,0,0
4521,193824,11,8,8010301,Reuterkiez,2019,4,17,6,3,5,7,0,0,1,0,0,0,0,0
4522,193825,11,4,4020313,Königin-Elisabeth-Straße,2019,4,18,6,3,0,1,0,1,0,0,0,0,0,0
4523,193826,11,12,12214527,Alt-Tegel,2019,4,15,5,3,0,1,0,1,0,0,0,0,0,0
4524,193827,11,8,8010117,Schillerpromenade,2019,4,19,5,3,6,4,0,1,0,1,0,0,0,0
4525,193828,11,1,1011101,Stülerstraße,2019,4,16,5,3,0,2,0,1,1,0,0,0,0,0
4526,193829,11,2,2010104,Wassertorplatz,2019,4,20,5,3,6,4,2,0,0,1,1,0,0,0
4527,193830,11,9,9041601,Müggelheim,2019,4,14,5,3,2,2,0,1,0,0,0,0,1,0
4528,193831,11,12,12301203,Wittenau Süd,2019,4,20,5,3,1,5,1,0,1,0,1,0,0,0
4529,193832,11,11,11041128,Sewanstraße,2019,4,20,5,3,1,5,1,0,1,0,1,0,0,0
4530,193833,11,9,9051901,Dammvorstadt,2019,4,14,5,3,5,5,0,1,1,0,0,0,0,0
4531,193834,11,10,10020416,Böhlener Straße,2019,4,5,5,3,5,7,0,0,1,0,1,0,0,0
4532,193835,11,4,4030931,Breitscheidplatz,2019,4,20,5,2,5,7,0,0,1,0,1,0,0,0
4533,193836,11,6,6010209,Feuerbachstraße,2019,4,19,5,3,5,3,1,1,1,0,0,0,0,0
4534,193837,11,10,10010203,Gewerbegebiet Bitterfelder Straße,2019,4,12,5,3,5,2,0,0,1,0,0,0,0,0
4535,193838,11,8,8020625,Handwerker-Siedlung,2019,4,12,5,3,6,4,0,0,1,1,0,0,0,0
4536,193839,11,1,1033102,Gesundbrunnen,2019,4,11,5,3,6,7,0,0,0,1,0,0,1,0
4537,193840,11,2,2030301,Oranienplatz,2019,4,19,5,3,5,3,0,1,1,0,0,0,0,0
4538,193841,11,6,6020409,Königsberger Straße,2019,4,19,5,3,2,6,1,0,1,0,0,0,0,0
4539,193842,11,2,2050601,Hausburgviertel,2019,4,18,5,3,6,2,0,0,1,1,0,0,0,0
4540,193843,11,4,4051655,Babelsberger Straße,2019,4,18,5,3,5,3,0,1,1,0,0,0,0,0
4541,193844,11,2,2050601,Hausburgviertel,2019,4,18,5,3,5,2,0,1,1,0,0,0,0,0
4542,193845,11,1,1011302,Oranienburger Straße,2019,4,10,5,3,4,6,0,1,0,0,0,0,1,0
4543,193846,11,12,12302110,Dannenwalder Weg,2019,4,8,5,3,5,2,0,1,1,0,0,0,0,0
4544,193847,11,1,1022204,Thomasiusstraße,2019,4,7,5,3,1,5,0,1,1,0,0,0,0,0
4545,193848,11,5,5010314,Carl-Schurz-Straße,2019,4,5,5,3,2,7,0,0,0,0,1,0,1,0
4546,193849,11,12,12103115,Breitkopfbecken,2019,4,12,5,3,5,2,0,0,1,0,0,0,0,0
4547,193850,11,5,5030730,Zitadellenweg,2019,4,12,5,3,2,6,0,0,1,0,0,0,0,0
4548,193851,11,1,1011301,Charitéviertel,2019,4,11,5,3,0,1,0,1,0,0,0,0,0,0
4549,193852,11,6,6030609,Augustaplatz,2019,4,4,5,3,1,1,2,1,1,0,0,0,0,0
4550,193853,11,3,3030715,Heinersdorf,2019,4,17,5,3,5,2,0,0,1,0,1,0,0,0
4551,193854,11,1,1033102,Gesundbrunnen,2019,4,17,5,3,2,6,0,0,1,0,0,0,0,0
4552,193855,11,1,1011103,Lützowstraße,2019,4,16,5,3,0,6,0,0,1,0,0,0,1,0
4553,193856,11,9,9010101,Elsenstraße,2019,4,16,5,3,5,2,0,1,1,0,0,0,0,0
4554,193857,11,1,1011201,Wilhelmstraße,2019,4,15,5,3,5,3,0,1,1,0,0,0,0,0
4555,193858,11,4,4051448,Schaperstraße,2019,4,15,5,3,2,2,0,0,1,0,0,0,1,0
4556,193859,11,5,5010311,Eiswerder,2019,4,15,5,3,2,6,0,0,1,0,0,0,0,0
4557,193860,11,4,4051549,Rathaus Wilmersdorf,2019,4,15,5,3,5,7,0,0,1,0,0,0,0,0
4558,193861,11,5,5020523,Maulbeerallee,2019,4,14,5,3,5,3,0,0,1,0,0,0,0,0
4559,193862,11,7,7040405,Rathaus Tempelhof,2019,4,14,5,3,5,2,0,0,1,0,0,0,0,0
4560,193863,11,10,10030724,Oberfeldstraße,2019,4,17,4,3,2,3,0,1,1,0,0,0,0,0
4561,193864,11,6,6040810,Dahlem,2019,4,17,4,3,1,1,0,1,1,0,0,0,0,0
4562,193865,11,1,1044201,Reinickendorfer Straße,2019,4,9,4,3,3,6,0,0,1,0,0,1,0,0
4563,193866,11,1,1011302,Oranienburger Straße,2019,4,12,4,3,6,7,0,0,1,1,0,0,0,0
4564,193867,11,1,1033102,Gesundbrunnen,2019,4,19,4,3,0,1,0,0,1,0,1,0,0,0
4565,193868,11,1,1011401,Invalidenstraße,2019,4,23,4,3,1,5,2,1,1,0,0,0,0,0
4566,193869,11,6,6020409,Königsberger Straße,2019,4,23,4,3,8,1,2,0,1,0,0,0,0,0
4567,193870,11,3,3040512,Wilhelmsruh,2019,4,22,4,3,5,3,2,0,1,0,0,0,0,0
4568,193871,11,6,6040701,Wannsee,2019,4,22,4,3,0,1,2,1,0,0,0,0,0,0
4569,193872,11,5,5020415,Isenburger Weg,2019,4,22,4,2,5,3,2,0,1,0,0,0,1,0