,object id,city,district,sub district key,street,year,month,hour of day,weekday,category,accident type,accident type 2,light situation,bike involved,car involved,pedestrian involved,motor bike involved,big track involved,other vehicle involved,road condition
4570,193873,11,12,12302109,Treuenbrietzener Straße,2019,4,20,4,3,6,7,1,0,1,1,0,0,0,0
4571,193874,11,4,4020314,Messegelände,2019,4,20,4,3,3,2,2,0,0,0,1,1,0,0
4572,193875,11,5,5010312,Kurstraße,2019,4,18,4,3,2,6,0,0,1,0,0,0,0,0
4573,193876,11,1,1044103,Westliche Müllerstraße,2019,4,11,4,3,1,7,0,1,1,0,0,0,0,0
4574,193877,11,9,9020802,Köllnische Vorstadt,2019,4,10,4,3,5,3,0,1,1,0,0,0,0,0
4575,193878,11,7,7070701,Kettinger Straße/Schillerstraße,2019,4,10,4,3,5,2,0,0,1,0,0,0,0,0
4576,193879,11,3,3071638,Winsstraße,2019,4,10,4,3,3,6,0,1,1,0,0,0,0,0
4577,193880,11,4,4030931,Breitscheidplatz,2019,4,17,4,3,6,7,0,1,0,0,0,0,1,0
4578,193881,11,5,5030833,Motardstraße,2019,4,9,4,3,2,6,0,0,1,0,0,0,1,0
4579,193882,11,9,9010301,Baumschulenstraße,2019,4,9,4,3,5,3,0,1,1,0,0,0,0,0
4580,193883,11,2,2030301,Oranienplatz,2019,4,9,4,3,6,4,0,1,0,1,0,0,0,0
4581,193884,11,2,2050801,Traveplatz,2019,4,9,4,3,3,6,0,1,0,0,1,0,0,0
4582,193885,11,5,5020625,Borkumer Straße,2019,4,8,4,3,2,6,0,0,1,0,0,0,0,0
4583,193886,11,3,3050920,Weißer See,2019,4,8,4,3,5,3,0,0,1,0,0,0,1,0
4584,193887,11,5,5010101,Hakenfelde Nord,2019,4,16,4,3,6,7,0,0,1,1,0,0,0,0
4585,193888,11,3,3020209,Niederschönhausen,2019,4,7,4,3,0,3,0,0,1,0,1,0,0,0
4586,193889,11,1,1044201,Reinickendorfer Straße,2019,4,12,4,3,5,3,0,1,1,0,0,0,0,0
4587,193890,11,11,11030721,Rüdigerstraße,2019,4,9,4,2,5,3,0,0,1,0,1,0,0,0
4588,193891,11,3,3040512,Wilhelmsruh,2019,4,13,4,3,8,1,0,0,1,0,0,0,0,0
4589,193892,11,1,1044103,Westliche Müllerstraße,2019,4,13,4,3,6,4,0,1,0,1,0,0,0,0
4590,193893,11,11,11010102,Dorf Wartenberg,2019,4,14,4,3,2,2,0,1,1,0,0,0,0,0
4591,193894,11,10,10040933,Mahlsdorf Süd,2019,4,14,4,3,5,3,0,0,1,0,0,1,0,0
4592,193895,11,9,9041601,Müggelheim,2019,4,15,4,3,4,6,0,0,1,0,0,1,0,0
4593,193896,11,7,7040401,Neu-Tempelhof,2019,4,15,4,3,2,6,0,0,1,0,0,0,0,0
4594,193897,11,4,4051445,Eisenzahnstraße,2019,4,15,4,3,5,3,0,0,1,0,1,0,0,0
4595,193898,11,1,1011302,Oranienburger Straße,2019,4,15,4,3,5,2,0,1,1,0,0,0,0,0
4596,193899,11,5,5030731,Gartenfelder Straße,2019,4,15,4,3,1,5,0,0,1,0,1,0,0,0
4597,193900,11,5,5010206,Gütersloher Weg,2019,4,16,4,2,2,1,0,0,1,0,1,0,0,0
4598,193901,11,2,2050803,Stralauer Kiez,2019,4,16,4,3,0,5,0,1,1,0,0,0,0,0
4599,193902,11,3,3071536,Teutoburger Platz,2019,4,16,4,3,6,4,0,1,0,1,0,0,0,0
4600,193903,11,9,9051901,Dammvorstadt,2019,4,16,4,3,2,6,0,0,0,0,1,0,1,0
4601,193904,11,8,8020620,Tempelhofer Weg,2019,4,16,4,2,2,1,0,0,1,0,0,0,0,0
4602,193905,11,3,3050924,Behaimstraße,2019,4,16,4,3,0,1,0,1,0,0,0,0,0,0
4603,193906,11,5,5020628,Graetschelsteig,2019,4,11,4,2,0,7,0,0,1,0,0,0,0,0
4604,193907,11,2,2010103,Moritzplatz,2019,4,16,3,3,0,5,0,0,1,0,1,0,0,0
4605,193908,11,2,2050601,Hausburgviertel,2019,4,15,3,3,5,2,0,1,1,0,0,0,0,0
4606,193909,11,2,2050801,Traveplatz,2019,4,18,3,3,5,3,0,0,1,0,0,0,0,0
4607,193910,11,9,9041501,Altstadt Kietz,2019,4,11,3,3,5,3,0,1,0,0,0,0,1,0
4608,193911,11,2,2020203,Viktoriapark,2019,4,9,3,3,5,2,0,1,1,0,0,0,0,0
4609,193912,11,2,2020206,Graefekiez,2019,4,10,3,3,2,6,0,1,1,0,0,0,0,0
4610,193913,11,1,1011301,Charitéviertel,2019,4,9,3,3,5,2,0,1,1,0,0,0,0,0
4611,193914,11,1,1033102,Gesundbrunnen,2019,4,8,3,3,6,6,0,1,0,1,0,0,0,0
4612,193915,11,1,1011202,Unter den Linden Nord,2019,4,17,3,3,0,7,0,0,0,0,1,0,0,0
4613,193916,11,12,12214424,Scharnweberstraße,2019,4,20,3,3,2,6,2,0,1,0,0,0,0,0
4614,193917,11,11,11040926,Weitlingstraße,2019,4,19,3,3,5,2,1,1,1,0,0,0,0,0
4615,193918,11,2,2020206,Graefekiez,2019,4,10,3,3,6,4,0,1,0,1,0,0,0,0
4616,193919,11,12,12214421,Reinickes Hof,2019,4,18,3,3,3,6,0,0,1,0,0,0,0,0
4617,193920,11,5,5010312,Kurstraße,2019,4,7,3,3,2,6,0,0,1,0,0,0,0,0
4618,193921,11,10,10020414,Helle Mitte,2019,4,18,3,3,4,5,0,0,1,0,1,0,0,0
4619,193922,11,8,8010117,Schillerpromenade,2019,4,18,3,3,5,3,0,1,1,0,0,0,0,0
4620,193923,11,2,2040503,Richard-Sorge-Viertel,2019,4,6,3,3,5,3,0,0,0,0,1,0,1,0
4621,193924,11,7,7030301,Friedenau,2019,4,18,3,3,2,6,0,0,1,0,0,0,0,0
4622,193925,11,7,7010101,Wittenbergplatz/Viktoria-Luise-Platz,2019,4,9,3,3,5,2,0,1,1,0,0,0,0,0
4623,193926,11,2,2010101,Askanischer Platz,2019,4,8,3,3,2,6,0,0,1,0,0,0,0,0
4624,193927,11,3,3061430,Volkspark Prenzlauer Berg,2019,4,3,3,2,5,2,2,0,1,0,1,0,0,0
4625,193928,11,12,12302110,Dannenwalder Weg,2019,4,9,3,3,0,2,0,0,1,0,0,0,1,0
4626,193929,11,2,2030401,Reichenberger Straße,2019,4,22,3,3,0,6,2,0,1,0,1,0,0,0
4627,193930,11,8,8010117,Schillerpromenade,2019,4,21,3,3,5,2,2,1,1,0,0,0,0,0
4628,193931,11,7,7030301,Friedenau,2019,4,17,3,3,1,5,0,1,1,0,0,0,0,0
4629,193932,11,9,9010401,Johannisthal West,2019,4,16,3,3,3,6,0,0,1,0,1,0,0,0
4630,193933,11,4,4051448,Schaperstraße,2019,4,16,3,3,1,5,0,1,1,0,0,0,0,0
4631,193934,11,7,7050505,Hundsteinweg,2019,4,15,3,2,4,6,0,0,1,0,0,0,0,0
4632,193935,11,6,6010205,Südende,2019,4,14,3,3,3,6,0,0,1,0,0,1,0,0
4633,193936,11,9,9020802,Köllnische Vorstadt,2019,4,11,3,3,6,2,0,0,1,1,0,0,0,0
4634,193937,11,5,5020626,Adamstraße,2019,4,11,3,3,2,6,0,0,1,0,0,0,0,0
4635,193938,11,2,2030401,Reichenberger Straße,2019,4,23,3,3,0,1,2,0,0,0,1,0,0,0
4636,193939,11,8,8010301,Reuterkiez,2019,4,14,2,3,1,5,0,1,0,0,0,0,1,0
4637,193940,11,1,1022206,Lüneburger Straße,2019,4,13,4,2,6,4,0,0,1,1,0,0,0,0
4638,193941,11,4,4030623,Ernst-Reuter-Platz,2019,4,8,4,3,2,6,0,0,1,0,0,0,0,0
4639,193942,11,11,11030618,Fennpfuhl West,2019,4,15,2,3,6,7,0,0,0,1,0,0,1,0
4640,193943,11,1,1011306,Heine-Viertel Ost,2019,4,6,2,3,5,3,0,1,1,0,0,0,0,0
4641,193944,11,10,10030727,Biesdorf Süd,2019,4,5,2,3,5,3,1,1,1,0,0,0,0,0
4642,193945,11,2,2020205,Chamissokiez,2019,4,17,2,3,1,5,0,1,0,0,0,0,1,0
4643,193946,11,4,4051448,Schaperstraße,2019,4,18,2,3,5,2,0,0,1,0,1,0,0,0
4644,193947,11,2,2020204,Urbanstraße,2019,4,19,2,3,2,6,0,1,1,0,0,0,0,0
4645,193948,11,9,9010301,Baumschulenstraße,2019,4,19,2,3,6,2,0,0,1,1,0,0,0,0
4646,193949,11,3,3040513,Schönholz,2019,4,18,2,3,5,3,0,1,1,0,0,0,0,0
4647,193950,11,8,8020728,Buckow Ost,2019,4,18,2,2,6,4,0,0,1,1,0,0,0,0
4648,193951,11,8,8020619,Buschkrugallee Nord,2019,4,16,2,3,5,2,0,1,1,0,0,0,0,0
4649,193952,11,8,8010213,Körnerpark,2019,4,16,2,3,0,5,0,0,1,0,1,0,0,0
4650,193953,11,2,2030302,Lausitzer Platz,2019,4,9,4,3,3,6,0,1,0,0,0,1,0,0
4651,193954,11,8,8020625,Handwerker-Siedlung,2019,4,14,2,3,5,3,0,1,1,0,0,0,0,0
4652,193955,11,7,7030301,Friedenau,2019,4,16,2,3,5,3,0,0,1,0,0,0,0,0
4653,193956,11,5,5010311,Eiswerder,2019,4,15,2,3,2,6,0,0,1,0,0,0,0,0
4654,193957,11,1,1011204,Leipziger Straße,2019,4,15,2,3,5,2,0,0,1,0,1,0,0,0
4655,193958,11,10,10010309,Springpfuhl,2019,4,15,2,2,6,4,0,0,0,1,0,0,1,0
4656,193959,11,5,5020627,Tiefwerder,2019,4,14,2,3,2,6,0,0,1,0,0,0,0,0
4657,193960,11,9,9041601,Müggelheim,2019,4,13,2,3,5,3,0,0,1,0,0,0,0,0
4658,193961,11,7,7050505,Hundsteinweg,2019,4,12,2,3,3,6,0,0,1,0,0,0,0,0
4659,193962,11,9,9041501,Altstadt Kietz,2019,4,8,2,3,5,2,0,1,1,0,0,0,0,0
4660,193963,11,2,2010102,Mehringplatz,2019,4,9,2,3,5,3,0,1,1,0,0,0,0,0
4661,193964,11,8,8041040,Waltersdorfer Chaussee Ost,2019,4,9,2,3,2,6,0,0,1,0,0,0,0,0
4662,193965,11,9,9051901,Dammvorstadt,2019,4,11,2,3,5,3,0,1,1,0,0,0,0,0
4663,193966,11,8,8040933,Vogelviertel Süd,2019,4,10,2,3,5,3,0,1,1,0,0,0,0,0
4664,193967,11,7,7040401,Neu-Tempelhof,2019,4,10,2,3,5,2,0,1,1,0,0,0,0,0
4665,193968,11,2,2020205,Chamissokiez,2019,4,11,2,3,1,5,0,0,1,0,1,0,0,0
4666,193969,11,2,2030401,Reichenberger Straße,2019,4,11,2,3,0,3,0,0,1,0,0,0,1,0
4667,193970,11,9,9030901,Dorf Altglienicke,2019,4,12,2,3,2,6,0,0,1,0,0,0,0,0
4668,193971,11,1,1011401,Invalidenstraße,2019,4,12,2,3,0,1,0,1,0,0,0,0,0,0
4669,193972,11,7,7010104,Dennewitzplatz,2019,4,12,1,3,2,7,0,0,1,0,0,0,0,1
4670,193973,11,6,6030504,Teltower Damm,2019,4,11,1,3,5,3,0,0,1,0,0,0,0,1
4671,193974,11,4,4041136,Hagenplatz,2019,4,11,1,3,5,3,0,0,1,0,0,0,0,1
4672,193975,11,3,3030406,Alt-Karow,2019,4,11,1,3,5,3,0,0,1,0,0,0,0,1
4673,193976,11,9,9010101,Elsenstraße,2019,4,9,1,3,5,3,0,0,1,0,0,0,0,1
4674,193977,11,10,10020412,Alte Hellersdorfer Straße,2019,4,5,1,3,1,5,1,0,1,0,0,0,1,1
4675,193978,11,9,9041301,Kietzer Feld/Nachtheide,2019,4,16,1,2,5,2,0,0,1,0,0,0,0,0
4676,193979,11,4,4030725,Amtsgerichtsplatz,2019,4,16,1,2,5,2,0,0,1,0,1,0,0,0
4677,193980,11,5,5010103,Amorbacher Weg,2019,4,20,1,3,1,5,2,1,1,0,0,0,0,0
4678,193981,11,6,6040804,Krumme Lanke,2019,4,22,1,3,5,3,2,0,1,0,1,0,0,0
4679,193982,11,6,6030610,Lichterfelde West,2019,4,10,7,3,3,6,0,0,1,0,0,0,0,0
4680,193983,11,8,8010301,Reuterkiez,2019,4,15,7,3,3,6,0,0,1,0,0,0,0,0
4681,193984,11,4,4030931,Breitscheidplatz,2019,4,18,7,3,1,5,0,1,1,0,0,0,0,0
4682,193985,11,1,1022204,Thomasiusstraße,2019,4,22,7,2,5,2,2,1,1,0,0,0,0,0
4683,193986,11,1,1011302,Oranienburger Straße,2019,4,19,7,3,5,2,0,1,1,0,0,0,0,0
4684,193987,11,3,3071633,Thälmannpark,2019,4,18,7,3,5,3,0,0,1,0,0,0,0,0
4685,193988,11,8,8010118,Silbersteinstraße,2019,4,18,7,3,5,3,0,0,1,0,0,0,0,0
4686,193989,11,7,7030301,Friedenau,2019,4,16,7,3,6,4,0,0,1,1,0,0,0,0
4687,193990,11,6,6010206,Stadtpark,2019,4,14,7,3,1,5,0,1,1,0,0,0,0,0
4688,193991,11,11,11030720,Herzbergstraße,2019,4,13,7,3,2,6,0,0,1,0,0,0,0,0
4689,193992,11,4,4030931,Breitscheidplatz,2019,4,12,7,2,6,4,0,0,1,1,0,0,0,0
4690,193993,11,10,10020414,Helle Mitte,2019,4,12,7,3,2,4,0,0,1,1,0,0,0,0
4691,193994,11,3,3010102,Buch,2019,4,11,7,3,5,3,0,1,1,0,0,0,0,0
4692,193995,11,1,1022206,Lüneburger Straße,2019,4,10,7,2,6,4,0,0,1,1,0,0,0,0
4693,193996,11,1,1022201,Stephankiez,2019,4,0,7,3,4,6,2,0,1,0,0,0,0,0
4694,193997,11,7,7030301,Friedenau,2019,4,10,6,3,6,4,0,0,1,1,0,0,0,0
4695,193998,11,7,7040404,Marienhöhe,2019,4,14,6,3,5,5,0,0,1,0,0,0,0,0
4696,193999,11,4,4010101,Jungfernheide,2019,4,14,6,3,5,2,0,0,1,0,1,0,0,0
4697,194000,11,5,5010314,Carl-Schurz-Straße,2019,4,11,4,3,0,2,0,0,1,0,0,0,1,0
4698,194001,11,12,12304313,Borsigwalde,2019,4,14,6,2,5,3,0,0,1,0,1,0,0,0
4699,194002,11,12,12214424,Scharnweberstraße,2019,4,13,6,3,1,5,0,0,1,0,0,0,1,0
4700,194003,11,8,8020625,Handwerker-Siedlung,2019,4,11,6,3,5,3,0,1,1,0,0,0,0,0
4701,194004,11,1,1033102,Gesundbrunnen,2019,4,11,6,3,5,3,0,1,1,0,0,0,0,0
4702,194005,11,11,11030721,Rüdigerstraße,2019,4,10,6,3,5,2,0,1,1,0,0,0,0,0
4703,194006,11,4,4020313,Königin-Elisabeth-Straße,2019,4,9,6,3,3,6,0,0,1,0,0,0,1,0
4704,194007,11,3,3040818,Pankow Süd,2019,4,8,6,3,1,5,0,1,1,0,0,0,0,0
4705,194008,11,1,1011203,Unter den Linden Süd,2019,4,8,6,3,3,6,0,1,0,0,0,1,0,0
4706,194009,11,1,1011103,Lützowstraße,2019,4,12,6,3,2,1,0,0,1,0,1,0,0,0
4707,194010,11,8,8041038,Waßmannsdorfer Chaussee,2019,4,7,6,3,5,3,0,1,1,0,0,0,0,0
4708,194011,11,2,2020204,Urbanstraße,2019,4,13,6,3,2,6,0,0,1,0,0,0,1,0
4709,194012,11,12,12301203,Wittenau Süd,2019,4,10,6,3,5,2,0,0,1,0,0,0,1,0
4710,194013,11,1,1011203,Unter den Linden Süd,2019,4,8,6,3,5,3,0,1,1,0,0,0,0,0
4711,194014,11,9,9041501,Altstadt Kietz,2019,4,8,6,2,6,4,0,0,1,1,0,0,0,0
4712,194015,11,9,9030901,Dorf Altglienicke,2019,4,23,6,3,1,5,2,0,1,0,0,0,0,0
4713,194016,11,8,8030830,Gropiusstadt Süd,2019,4,21,6,3,5,3,2,0,1,0,0,0,0,0
4714,194017,11,2,2020206,Graefekiez,2019,4,19,6,3,5,7,1,0,1,0,0,0,0,0
4715,194018,11,5,5010314,Carl-Schurz-Straße,2019,4,17,6,2,6,4,0,0,1,1,0,0,0,0
4716,194019,11,1,1011101,Stülerstraße,2019,4,17,6,3,0,1,0,0,1,0,0,0,0,0
4717,194020,11,6,6030501,Berlepschstraße,2019,4,17,6,3,5,3,0,1,1,0,0,0,0,0
4718,194021,11,3,3051017,Rennbahnstraße,2019,4,6,6,3,5,3,0,0,1,0,0,0,0,0
4719,194022,11,5,5040937,Kladower Damm,2019,4,3,6,2,8,1,2,0,1,0,0,0,1,0
4720,194023,11,9,9010202,Köpenicker Landstraße,2019,4,9,5,3,5,3,0,1,1,0,0,0,0,0
4721,194024,11,4,4051445,Eisenzahnstraße,2019,4,9,5,3,6,2,0,0,1,1,0,0,0,0
4722,194025,11,1,1044202,Sparrplatz,2019,4,19,5,2,6,4,1,0,1,1,0,0,0,0
4723,194026,11,4,4020310,Park Ruhwald,2019,4,14,5,3,2,6,0,0,1,0,0,1,0,0
4724,194027,11,2,2030302,Lausitzer Platz,2019,4,19,5,3,5,2,0,1,1,0,0,0,0,0
4725,194028,11,6,6040807,Zehlendorf Eiche,2019,4,14,5,3,5,2,0,1,0,0,1,0,0,0
4726,194029,11,6,6020410,Oberhofer Platz,2019,4,14,5,3,5,3,0,1,1,0,0,0,0,0
4727,194030,11,1,1022106,Elberfelder Straße,2019,4,17,5,3,0,1,1,1,0,0,0,0,0,0
4728,194031,11,1,1011305,Heine-Viertel West,2019,4,13,5,3,5,3,0,1,1,0,0,0,0,0
4729,194032,11,6,6010206,Stadtpark,2019,4,17,5,3,5,3,0,0,1,0,1,0,1,0
4730,194033,11,12,12304313,Borsigwalde,2019,4,12,5,3,5,2,0,0,1,0,0,0,1,0
4731,194034,11,9,9041301,Kietzer Feld/Nachtheide,2019,4,12,5,3,5,2,0,1,1,0,0,0,0,0
4732,194035,11,10,10010308,Marzahner Chaussee,2019,4,11,5,3,2,6,0,0,1,0,0,0,0,0
4733,194036,11,1,1033102,Gesundbrunnen,2019,4,10,5,3,5,2,0,1,1,0,0,0,0,0
4734,194037,11,7,7040403,Manteuffelstraße,2019,4,17,5,3,0,2,0,0,1,0,0,0,1,0
4735,194038,11,1,1033202,Humboldthain Süd,2019,4,10,5,3,6,4,0,0,1,1,0,0,0,0
4736,194039,11,12,12214527,Alt-Tegel,2019,4,9,5,3,6,4,0,0,1,1,0,0,0,0
4737,194040,11,1,1011302,Oranienburger Straße,2019,4,9,5,3,3,6,0,1,1,0,0,0,0,0
4738,194041,11,6,6020305,Gemeindepark Lankwitz,2019,4,8,5,3,5,2,0,1,1,0,0,0,0,0
4739,194042,11,3,3061228,Erich-Weinert-Straße,2019,4,8,5,3,2,6,0,0,1,0,0,0,1,0
4740,194043,11,1,1022205,Zillesiedlung,2019,4,7,5,3,5,3,0,1,1,0,0,0,0,0
4741,194044,11,4,4041137,Flinsberger Platz,2019,4,7,5,3,5,3,0,0,0,0,1,1,0,0
4742,194045,11,1,1011302,Oranienburger Straße,2019,4,7,5,2,0,1,0,0,0,0,1,0,0,1
4743,194046,11,7,7040403,Manteuffelstraße,2019,4,20,4,3,5,2,2,1,1,0,0,0,0,0
4744,194047,11,1,1011201,Wilhelmstraße,2019,4,9,4,2,1,5,0,1,1,0,0,0,0,0
4745,194048,11,7,7050505,Hundsteinweg,2019,4,9,5,3,0,1,0,0,0,0,1,0,0,0
4746,194049,11,1,1011303,Alexanderplatzviertel,2019,4,16,5,2,6,4,0,0,1,1,0,0,0,0
4747,194050,11,7,7070703,John-Locke-Straße,2019,4,16,5,3,2,6,0,0,1,0,0,0,0,0
4748,194051,11,11,11020513,Orankesee,2019,4,15,5,3,5,2,0,0,1,0,0,0,1,0
4749,194052,11,2,2020203,Viktoriapark,2019,4,18,5,3,5,3,0,0,1,0,0,0,1,0
4750,194053,11,9,9020501,Oberschöneweide West,2019,4,16,4,3,5,2,0,1,1,0,0,0,0,0
4751,194054,11,12,12224230,Heiligensee,2019,4,16,4,3,5,2,0,1,1,0,0,0,0,0
4752,194055,11,9,9051702,Bölschestraße,2019,4,17,4,3,5,3,0,1,1,0,0,0,0,0
4753,194056,11,7,7070704,Nahariyastraße,2019,4,18,4,3,5,2,1,1,1,0,0,0,0,0
4754,194057,11,9,9010402,Johannisthal Ost,2019,4,13,4,3,1,5,0,0,1,0,0,0,0,0
4755,194058,11,11,11030824,Frankfurter Allee Süd,2019,4,13,4,3,6,4,0,0,1,1,0,0,0,0
4756,194059,11,4,4030519,Kaiserin-Augusta-Allee,2019,4,12,4,3,5,2,0,1,0,0,0,0,1,0
4757,194060,11,2,2040503,Richard-Sorge-Viertel,2019,4,12,4,3,2,6,0,0,1,0,0,0,0,0
4758,194061,11,6,6010205,Südende,2019,4,11,4,3,6,4,0,0,0,1,0,0,1,0
4759,194062,11,3,3071536,Teutoburger Platz,2019,4,20,4,3,0,6,2,1,1,0,0,0,0,0
4760,194063,11,8,8010214,Glasower Straße,2019,4,9,4,3,2,7,0,0,0,0,1,0,1,0
4761,194064,11,9,9052001,Köpenick Nord,2019,4,9,3,3,6,7,0,0,1,1,0,0,0,0
4762,194065,11,3,3061228,Erich-Weinert-Straße,2019,4,9,3,3,6,2,0,0,1,1,0,0,0,0
4763,194066,11,4,4030623,Ernst-Reuter-Platz,2019,4,14,3,3,0,3,0,1,0,0,1,0,0,0
4764,194067,11,1,1044101,Rehberge,2019,4,9,3,3,2,6,0,0,1,0,0,0,1,0
4765,194068,11,5,5030730,Zitadellenweg,2019,4,6,3,2,5,2,0,1,0,0,0,0,1,0
4766,194069,11,4,4051656,Hildegardstraße,2019,4,14,2,3,6,4,0,1,0,1,0,0,0,0
4767,194070,11,1,1011105,Nördlicher Landwehrkanal,2019,4,8,3,2,5,3,0,1,1,0,0,0,0,0
4768,194071,11,6,6040810,Dahlem,2019,4,8,3,3,5,3,0,1,1,0,0,0,0,0
4769,194072,11,4,4051549,Rathaus Wilmersdorf,2019,4,8,3,3,0,2,0,1,1,0,0,0,0,0
4770,194073,11,6,6030605,Botanischer Garten,2019,4,8,3,3,5,3,0,1,1,0,0,0,0,0
4771,194074,11,1,1011301,Charitéviertel,2019,4,8,3,3,5,3,0,1,1,0,0,0,0,0
4772,194075,11,3,3020307,Buchholz,2019,4,7,3,3,2,6,0,0,1,0,0,1,0,0
4773,194076,11,11,11030721,Rüdigerstraße,2019,4,7,3,3,5,7,0,1,1,0,0,0,0,0
4774,194077,11,7,7040403,Manteuffelstraße,2019,4,16,3,2,5,2,0,1,1,0,0,0,0,0
4775,194078,11,9,9020501,Oberschöneweide West,2019,4,16,3,2,5,3,0,1,1,0,0,0,0,0
4776,194079,11,1,1033102,Gesundbrunnen,2019,4,17,3,3,5,3,0,1,1,0,0,0,0,0
4777,194080,11,10,10030724,Oberfeldstraße,2019,4,17,3,3,2,2,0,1,1,0,0,0,0,0
4778,194081,11,7,7060604,Marienfelde Süd,2019,4,17,3,3,2,6,0,0,1,0,0,0,0,0
4779,194082,11,2,2040502,Friedenstraße,2019,4,18,3,2,5,2,0,1,0,0,0,0,1,0
4780,194083,11,2,2040502,Friedenstraße,2019,4,18,3,3,5,2,0,1,0,0,0,0,1,0
4781,194084,11,6,6020301,Alt-Lankwitz,2019,4,18,3,3,5,2,0,0,1,0,1,0,0,0
4782,194085,11,1,1022106,Elberfelder Straße,2019,4,19,3,3,6,4,0,0,1,1,0,0,0,0
4783,194086,11,5,5010311,Eiswerder,2019,4,7,3,3,2,6,0,0,1,0,0,0,0,0
4784,194087,11,12,12301204,Wittenau Nord,2019,4,7,3,3,5,3,0,1,1,0,0,0,0,0
4785,194088,11,4,4041134,Bismarckallee,2019,4,19,3,2,5,3,1,1,1,0,0,0,0,0
4786,194089,11,7,7040401,Neu-Tempelhof,2019,4,19,3,3,5,3,1,0,1,0,1,0,0,0
4787,194090,11,2,2020202,Rathaus Yorckstraße,2019,4,19,3,3,5,2,0,1,1,0,0,0,0,0
4788,194091,11,2,2020204,Urbanstraße,2019,4,12,3,3,0,1,0,0,0,0,1,0,0,0
4789,194092,11,5,5020625,Borkumer Straße,2019,4,15,3,3,2,6,0,0,1,0,0,0,0,0
4790,194093,11,1,1011302,Oranienburger Straße,2019,4,17,3,3,2,6,0,1,0,0,0,0,0,0
4791,194094,11,6,6010205,Südende,2019,4,15,2,3,3,2,0,0,1,0,0,0,0,0
4792,194095,11,6,6030502,Zehlendorf Süd,2019,4,6,2,3,0,2,0,1,1,0,0,0,0,1
4793,194096,11,3,3061429,Greifswalder Straße,2019,4,21,2,3,5,3,2,1,0,0,0,0,1,0
4794,194097,11,10,10010311,Landsberger Tor,2019,4,20,2,2,6,4,2,0,1,1,0,0,0,0
4795,194098,11,4,4030415,Schloßgarten,2019,4,8,2,3,2,6,0,0,1,0,0,0,0,1
4796,194099,11,2,2010104,Wassertorplatz,2019,4,18,2,2,6,4,0,0,1,1,0,0,0,0
4797,194100,11,9,9031202,Schmöckwitz/Rauchfangswerder,2019,4,18,2,2,5,3,0,1,1,0,0,0,0,0
4798,194101,11,3,3040512,Wilhelmsruh,2019,4,17,2,3,5,7,0,1,1,0,0,0,0,0
4799,194102,11,11,11040925,Victoriastadt,2019,4,17,2,3,5,2,0,1,1,0,0,0,0,0
4800,194103,11,9,9010302,Späthsfelde,2019,4,16,2,3,0,4,0,0,0,1,0,0,1,0
4801,194104,11,3,3050925,Komponistenviertel Weißensee,2019,4,16,2,3,1,5,0,1,1,0,0,0,0,0
4802,194105,11,5,5010314,Carl-Schurz-Straße,2019,4,16,2,3,3,6,0,0,1,0,0,1,0,0
4803,194106,11,1,7010102,Nollendorfplatz,2019,4,6,2,3,2,6,1,0,1,0,0,0,0,1
4804,194107,11,8,8010510,Gewerbegebiet Köllnische Heide,2019,4,7,2,3,5,3,0,0,1,0,0,0,0,1
4805,194108,11,7,7030301,Friedenau,2019,4,7,2,3,0,7,0,0,1,0,1,0,0,1
4806,194109,11,3,3050919,Gustav-Adolf-Straße,2019,4,8,2,3,6,4,0,0,1,1,0,0,0,1
4807,194110,11,4,4010102,Plötzensee,2019,4,8,2,3,5,2,0,1,1,0,0,0,0,1
4808,194111,11,8,8010301,Reuterkiez,2019,4,9,2,3,4,6,0,0,1,0,0,0,0,1
4809,194112,11,4,4020314,Messegelände,2019,4,9,2,3,2,6,0,0,1,0,0,0,0,1
4810,194113,11,2,2040503,Richard-Sorge-Viertel,2019,4,9,2,3,6,4,0,0,1,1,0,0,0,1
4811,194114,11,6,6030607,Goerzwerke,2019,4,10,2,3,2,6,0,0,1,0,0,0,1,1
4812,194115,11,12,12103218,Teichstraße,2019,4,10,2,3,2,1,0,0,1,0,0,0,0,1
4813,194116,11,12,12304313,Borsigwalde,2019,4,10,2,2,5,2,0,0,1,0,0,0,0,1
4814,194117,11,5,5020523,Maulbeerallee,2019,4,10,2,3,6,2,0,0,1,1,0,0,0,1
4815,194118,11,1,1011301,Charitéviertel,2019,4,11,2,3,2,7,0,1,1,0,0,0,0,0
4816,194119,11,2,2010104,Wassertorplatz,2019,4,13,2,3,5,3,0,1,1,0,0,0,0,1
4817,194120,11,10,10020414,Helle Mitte,2019,4,13,2,3,0,4,0,0,1,1,0,0,0,0
4818,194121,11,5,5020523,Maulbeerallee,2019,4,15,2,2,5,3,0,1,1,0,0,0,0,0
4819,194122,11,10,10010102,Havemannstraße,2019,4,15,2,2,6,7,0,0,1,1,0,0,0,0
4820,194123,11,4,4020204,Olympiagelände,2019,4,15,2,3,2,2,0,1,0,0,0,0,1,0
4821,194124,11,9,9051801,Rahnsdorf/Hessenwinkel,2019,4,16,2,3,5,7,0,0,1,0,0,0,0,0
4822,194125,11,4,4030623,Ernst-Reuter-Platz,2019,4,16,2,3,1,5,0,1,1,0,0,0,0,0
4823,194126,11,1,1033203,Humboldthain Nordwest,2019,4,8,2,3,1,5,0,1,0,0,0,1,0,1