,object id,city,district,sub district key,street,year,month,hour of day,weekday,category,accident type,accident type 2,light situation,bike involved,car involved,pedestrian involved,motor bike involved,big track involved,other vehicle involved,road condition
4824,194127,11,6,6040808,Hüttenweg,2019,4,7,2,3,0,3,0,0,1,0,1,0,0,1
4825,194128,11,12,12103117,Letteplatz,2019,4,6,2,3,2,2,1,0,1,0,1,0,0,1
4826,194129,11,4,4030725,Amtsgerichtsplatz,2019,4,9,2,2,8,1,0,1,0,0,0,0,0,1
4827,194130,11,2,2040501,Barnimkiez,2019,4,8,2,3,0,1,0,0,0,0,1,0,0,1
4828,194131,11,4,4051448,Schaperstraße,2019,4,6,2,3,0,1,0,0,0,0,1,0,0,1
4829,194132,11,1,1011402,Arkonaplatz,2019,4,17,1,3,0,1,0,1,0,0,0,0,0,0
4830,194133,11,1,1044201,Reinickendorfer Straße,2019,4,21,1,3,0,7,2,0,0,0,0,1,1,0
4831,194134,11,1,1022106,Elberfelder Straße,2019,4,23,1,3,5,2,2,1,1,0,0,0,0,0
4832,194135,11,11,11041128,Sewanstraße,2019,4,18,1,3,1,5,0,1,1,0,0,0,0,0
4833,194136,11,11,11010205,Falkenberg West,2019,4,17,1,3,4,6,0,0,1,0,0,0,0,0
4834,194137,11,2,2020206,Graefekiez,2019,4,16,1,3,5,3,0,0,1,0,0,0,0,0
4835,194138,11,8,8010510,Gewerbegebiet Köllnische Heide,2019,4,14,1,3,0,6,0,0,1,0,1,0,0,0
4836,194139,11,11,11020412,Hauptstraße,2019,4,13,1,3,5,2,0,1,0,0,0,0,1,0
4837,194140,11,2,2020206,Graefekiez,2019,4,8,1,3,1,5,0,1,1,0,0,0,0,1
4838,194141,11,2,2010103,Moritzplatz,2019,4,11,1,3,5,2,0,0,1,0,0,0,0,0
4839,194142,11,11,11030721,Rüdigerstraße,2019,4,13,1,3,0,1,0,0,0,0,1,0,0,0
4840,194143,11,2,2030401,Reichenberger Straße,2019,4,17,7,3,5,7,0,1,1,0,0,0,0,0
4841,194144,11,8,8010303,Donaustraße,2019,4,0,7,3,6,2,2,0,1,1,0,0,0,1
4842,194145,11,7,7050502,Fritz-Werner-Straße,2019,4,21,7,3,2,6,2,0,1,0,0,0,0,0
4843,194146,11,6,6030502,Zehlendorf Süd,2019,4,15,7,3,0,7,0,1,0,0,0,0,0,0
4844,194147,11,1,1011302,Oranienburger Straße,2019,4,0,7,3,5,3,2,1,1,0,0,0,0,1
4845,194148,11,4,4030930,George-Grosz-Platz,2019,4,16,7,3,3,6,0,1,1,0,0,0,0,0
4846,194149,11,1,1044202,Sparrplatz,2019,4,15,7,3,5,3,0,1,0,0,0,0,0,0
4847,194150,11,4,4030622,Richard-Wagner-Straße,2019,4,14,7,3,5,2,0,1,1,0,0,0,0,0
4848,194151,11,9,9041501,Altstadt Kietz,2019,4,14,7,3,4,6,0,1,0,0,0,0,0,0
4849,194152,11,5,5030731,Gartenfelder Straße,2019,4,13,7,3,2,6,0,0,1,0,0,0,0,0
4850,194153,11,3,3061126,Arnimplatz,2019,4,13,7,3,5,2,0,1,0,0,0,0,1,0
4851,194154,11,7,7040401,Neu-Tempelhof,2019,4,13,7,3,5,2,0,1,0,0,1,0,0,0
4852,194155,11,1,1044101,Rehberge,2019,4,12,7,3,6,4,0,0,0,1,0,1,0,0
4853,194156,11,8,8010301,Reuterkiez,2019,4,11,7,3,0,2,0,1,1,0,0,0,0,0
4854,194157,11,11,11030721,Rüdigerstraße,2019,4,10,7,3,6,2,0,0,1,1,0,0,0,0
4855,194158,11,12,12231102,Frohnau,2019,4,8,7,2,3,6,0,1,0,0,0,0,0,0
4856,194159,11,3,3050925,Komponistenviertel Weißensee,2019,4,3,7,3,0,1,2,0,1,0,0,0,0,1
4857,194160,11,11,11030619,Fennpfuhl Ost,2019,4,23,7,3,0,1,2,1,0,0,0,0,0,0
4858,194161,11,3,3061131,Falkplatz,2019,4,9,6,3,5,2,0,1,1,0,0,0,0,0
4859,194162,11,9,9010301,Baumschulenstraße,2019,4,17,6,3,5,3,0,1,1,0,0,0,0,0
4860,194163,11,1,1011401,Invalidenstraße,2019,4,23,6,3,5,2,2,1,0,0,1,0,0,0
4861,194164,11,2,2030301,Oranienplatz,2019,4,20,6,3,5,2,1,1,1,0,0,0,0,0
4862,194165,11,3,3040513,Schönholz,2019,4,20,6,3,5,3,0,1,1,0,0,0,0,0
4863,194166,11,8,8020622,Parchimer Allee,2019,4,19,6,3,2,6,1,0,1,0,0,0,0,0
4864,194167,11,3,3020210,Herthaplatz,2019,4,18,6,3,5,3,0,1,1,0,0,0,0,0
4865,194168,11,6,6040810,Dahlem,2019,4,18,6,3,5,5,0,1,1,0,0,0,0,0
4866,194169,11,12,12301205,Waidmannslust,2019,4,22,6,3,1,5,2,0,1,0,0,0,0,0
4867,194170,11,8,8020619,Buschkrugallee Nord,2019,4,20,6,2,5,2,0,0,1,0,0,0,0,0
4868,194171,11,4,4051446,Preußenpark,2019,4,9,6,3,5,3,0,1,1,0,0,0,0,0
4869,194172,11,7,7040403,Manteuffelstraße,2019,4,8,6,3,0,7,0,0,1,0,0,0,1,0
4870,194173,11,3,3071638,Winsstraße,2019,4,7,6,3,1,5,0,1,0,0,0,0,1,0
4871,194174,11,1,1011105,Nördlicher Landwehrkanal,2019,4,7,6,3,1,5,0,1,1,0,0,0,0,0
4872,194175,11,7,7010104,Dennewitzplatz,2019,4,9,6,3,1,5,0,1,1,0,0,0,0,0
4873,194176,11,1,1044101,Rehberge,2019,4,10,6,3,3,6,0,0,1,0,0,1,0,0
4874,194177,11,4,4030417,Schloßstraße,2019,4,12,6,3,5,3,0,1,0,0,1,0,0,0
4875,194178,11,2,2050801,Traveplatz,2019,4,12,6,3,5,2,0,1,1,0,0,0,0,0
4876,194179,11,1,1011203,Unter den Linden Süd,2019,4,14,6,3,5,3,0,0,1,0,0,1,0,0
4877,194180,11,5,5030730,Zitadellenweg,2019,4,14,6,3,2,6,0,0,1,0,0,0,0,0
4878,194181,11,4,4020311,Reichsstraße,2019,4,14,6,3,3,6,0,1,1,0,0,0,0,0
4879,194182,11,4,4030827,Karl-August-Platz,2019,4,14,6,3,3,6,0,1,1,0,0,0,0,0
4880,194183,11,10,11030720,Herzbergstraße,2019,4,15,6,3,2,6,0,0,1,0,0,0,0,0
4881,194184,11,1,1022104,Emdener Straße,2019,4,17,6,3,1,5,0,1,1,0,0,0,0,0
4882,194185,11,9,9031001,Bohnsdorf,2019,4,16,6,3,2,6,0,0,1,0,0,0,1,0
4883,194186,11,3,3061332,Helmholtzplatz,2019,4,16,6,3,6,4,0,0,1,1,0,0,0,0
4884,194187,11,6,6030504,Teltower Damm,2019,4,16,6,3,5,3,0,1,1,0,0,0,0,0
4885,194188,11,8,8010301,Reuterkiez,2019,4,16,6,3,2,6,0,0,1,0,0,0,0,0
4886,194189,11,6,6030609,Augustaplatz,2019,4,17,6,3,2,6,0,0,1,0,1,0,0,0
4887,194190,11,8,8010301,Reuterkiez,2019,4,17,6,3,5,2,0,0,1,0,0,0,0,0
4888,194191,11,7,7030301,Friedenau,2019,4,13,6,3,1,5,0,0,1,0,0,0,0,0
4889,194192,11,10,10040933,Mahlsdorf Süd,2019,4,11,5,3,5,3,0,1,1,0,0,0,0,0
4890,194193,11,10,10020414,Helle Mitte,2019,4,20,5,3,0,2,1,0,1,0,0,0,1,0
4891,194194,11,7,7010104,Dennewitzplatz,2019,4,12,5,3,5,3,0,1,1,0,0,0,0,0
4892,194195,11,4,4020311,Reichsstraße,2019,4,16,5,3,6,2,0,0,1,1,0,0,0,0
4893,194196,11,4,4020314,Messegelände,2019,4,18,5,3,3,6,0,0,1,0,0,1,0,0
4894,194197,11,7,7040402,Lindenhofsiedlung,2019,4,18,5,3,2,2,0,0,1,0,0,0,0,0
4895,194198,11,8,8020727,Buckow Mitte,2019,4,17,5,3,2,6,0,0,1,0,1,0,0,0
4896,194199,11,7,7010104,Dennewitzplatz,2019,4,7,5,3,6,4,0,0,1,1,0,0,0,0
4897,194200,11,7,7050503,Eisenacher Straße,2019,4,6,5,3,3,6,0,0,1,0,0,0,0,0
4898,194201,11,3,3071537,Kollwitzplatz,2019,4,17,5,3,1,5,0,1,1,0,0,0,0,0
4899,194202,11,7,7040404,Marienhöhe,2019,4,16,5,3,0,3,0,0,1,0,1,0,0,0
4900,194203,11,5,5020629,Börnicker Straße,2019,4,16,5,3,0,3,0,0,1,0,0,0,1,0
4901,194204,11,2,2040703,Wriezener Bahnhof/Entwicklungsgebiet,2019,4,16,5,3,5,1,0,0,1,0,1,0,0,0
4902,194205,11,9,9051901,Dammvorstadt,2019,4,16,5,2,5,3,0,1,1,0,0,0,0,0
4903,194206,11,4,4041134,Bismarckallee,2019,4,16,5,3,0,4,0,1,0,1,0,0,0,0
4904,194207,11,3,3020307,Buchholz,2019,4,15,5,2,5,3,0,1,1,0,0,0,0,0
4905,194208,11,4,4051448,Schaperstraße,2019,4,16,5,3,2,6,0,0,1,0,0,0,0,0
4906,194209,11,6,6040804,Krumme Lanke,2019,4,15,5,3,5,2,0,1,1,0,0,0,0,0
4907,194210,11,9,9020802,Köllnische Vorstadt,2019,4,15,5,3,3,6,0,0,1,0,1,0,0,0
4908,194211,11,2,2050601,Hausburgviertel,2019,4,5,5,2,2,6,0,1,1,0,0,0,0,0
4909,194212,11,1,1011303,Alexanderplatzviertel,2019,4,15,5,3,2,2,0,1,1,0,0,0,0,0
4910,194213,11,11,11040925,Victoriastadt,2019,4,13,5,3,5,5,0,1,1,0,0,0,1,0
4911,194214,11,9,9041501,Altstadt Kietz,2019,4,12,5,2,5,3,0,1,1,0,0,0,0,0
4912,194215,11,3,3030711,Blankenburg,2019,4,12,5,3,5,3,0,1,0,0,0,0,1,0
4913,194216,11,9,9041301,Kietzer Feld/Nachtheide,2019,4,12,5,3,0,3,0,1,1,0,0,0,0,0
4914,194217,11,5,5020415,Isenburger Weg,2019,4,12,5,3,5,3,0,0,1,0,1,0,0,0
4915,194218,11,2,2050601,Hausburgviertel,2019,4,12,5,3,5,2,0,0,1,0,1,0,0,0
4916,194219,11,7,7010101,Wittenbergplatz/Viktoria-Luise-Platz,2019,4,11,5,3,5,3,0,1,1,0,0,0,0,0
4917,194220,11,3,3050923,Weißenseer Spitze,2019,4,10,5,3,3,6,0,1,1,0,0,0,0,0
4918,194221,11,9,9030901,Dorf Altglienicke,2019,4,9,5,3,5,2,0,1,0,0,0,1,0,0
4919,194222,11,8,8010302,Bouchéstraße,2019,4,9,5,3,1,5,0,1,1,0,0,0,0,0
4920,194223,11,12,12301203,Wittenau Süd,2019,4,9,5,3,0,6,0,0,0,0,0,0,1,0
4921,194224,11,3,3050919,Gustav-Adolf-Straße,2019,4,9,5,3,5,2,0,1,1,0,0,0,0,0
4922,194225,11,7,7030303,Grazer Platz,2019,4,8,5,3,5,3,0,1,1,0,0,0,0,0
4923,194226,11,1,1011402,Arkonaplatz,2019,4,8,5,3,5,3,0,1,1,0,0,0,0,0
4924,194227,11,2,2030401,Reichenberger Straße,2019,4,13,5,3,1,7,0,0,1,0,0,0,0,0
4925,194228,11,3,3061429,Greifswalder Straße,2019,4,16,5,3,5,7,0,1,1,0,0,0,0,0
4926,194229,11,5,5030730,Zitadellenweg,2019,4,20,4,3,1,1,2,0,1,0,0,0,0,0
4927,194230,11,5,5010209,An der Kappe,2019,4,20,4,2,5,3,2,0,1,0,1,0,0,0
4928,194231,11,9,9051801,Rahnsdorf/Hessenwinkel,2019,4,16,4,3,0,3,0,1,1,0,0,0,0,0
4929,194232,11,2,2010103,Moritzplatz,2019,4,22,4,3,6,2,2,0,1,1,0,0,0,0
4930,194233,11,9,9052001,Köpenick Nord,2019,4,11,4,3,0,3,0,0,1,0,0,0,0,0
4931,194234,11,1,1022206,Lüneburger Straße,2019,4,11,4,3,2,6,0,0,1,0,1,0,0,0
4932,194235,11,1,1044101,Rehberge,2019,4,20,4,3,5,3,2,0,1,0,0,0,1,0
4933,194236,11,4,4051446,Preußenpark,2019,4,5,4,3,6,2,1,1,0,1,0,0,0,0
4934,194237,11,2,2020205,Chamissokiez,2019,4,20,4,3,5,3,1,1,0,0,0,0,0,0
4935,194238,11,7,7020204,Schöneberger Insel,2019,4,22,4,3,3,6,2,0,1,0,0,0,0,0
4936,194239,11,1,1011101,Stülerstraße,2019,4,21,4,3,5,7,2,0,1,0,1,0,0,0
4937,194240,11,4,4030930,George-Grosz-Platz,2019,4,20,4,3,5,3,1,1,1,0,0,0,0,0
4938,194241,11,6,6040809,Thielallee,2019,4,18,4,3,3,6,0,1,1,0,0,0,0,0
4939,194242,11,7,7030303,Grazer Platz,2019,4,18,4,3,0,6,0,1,0,0,0,0,1,0
4940,194243,11,5,5010313,Ackerstraße,2019,4,17,4,3,6,7,0,0,1,1,0,0,0,0
4941,194244,11,6,6030503,Zehlendorf Mitte,2019,4,20,4,3,1,1,1,0,1,0,0,0,0,0
4942,194245,11,1,1011103,Lützowstraße,2019,4,13,4,3,0,1,0,1,0,0,0,0,0,0
4943,194246,11,3,3020307,Buchholz,2019,4,17,4,3,1,1,0,0,1,0,1,0,0,0
4944,194247,11,7,7040405,Rathaus Tempelhof,2019,4,17,4,3,2,6,0,0,1,0,0,0,0,0
4945,194248,11,10,10020414,Helle Mitte,2019,4,12,4,3,2,6,0,0,1,0,1,0,0,0
4946,194249,11,2,2040502,Friedenstraße,2019,4,12,4,3,2,7,0,0,1,0,0,0,1,0
4947,194250,11,11,11030720,Herzbergstraße,2019,4,16,4,3,6,4,0,0,1,1,0,0,0,0
4948,194251,11,1,1011401,Invalidenstraße,2019,4,13,4,3,1,5,0,1,1,0,0,0,0,0
4949,194252,11,2,2040703,Wriezener Bahnhof/Entwicklungsgebiet,2019,4,13,4,3,5,2,0,1,1,0,0,0,0,0
4950,194253,11,5,5010313,Ackerstraße,2019,4,13,4,3,5,2,0,0,1,0,0,0,0,0
4951,194254,11,1,1011402,Arkonaplatz,2019,4,15,4,3,5,3,0,1,1,0,0,0,0,0
4952,194255,11,1,1044101,Rehberge,2019,4,15,4,3,5,2,0,1,1,0,0,0,0,0
4953,194256,11,1,1033201,Brunnenstraße,2019,4,10,4,3,5,2,0,0,1,0,0,0,1,0
4954,194257,11,11,11051229,Rummelsburg,2019,4,10,4,3,2,2,0,1,0,0,0,0,1,0
4955,194258,11,1,1011301,Charitéviertel,2019,4,10,4,3,6,2,0,1,0,1,0,0,0,0
4956,194259,11,5,5010314,Carl-Schurz-Straße,2019,4,9,4,3,2,6,0,0,1,0,0,0,0,0
4957,194260,11,10,10030724,Oberfeldstraße,2019,4,8,4,3,5,2,0,1,1,0,0,0,0,0
4958,194261,11,3,3040614,Pankow Zentrum,2019,4,6,4,3,2,2,0,0,1,0,0,0,0,0
4959,194262,11,8,8010117,Schillerpromenade,2019,4,17,4,3,1,2,0,0,1,1,0,0,1,0
4960,194263,11,7,7040405,Rathaus Tempelhof,2019,4,14,3,3,5,2,0,1,1,0,0,0,0,0
4961,194264,11,3,3061228,Erich-Weinert-Straße,2019,4,21,3,3,6,4,2,1,1,1,0,0,0,0
4962,194265,11,12,12304314,Ziekowstraße/Freie Scholle,2019,4,21,3,3,2,2,2,0,1,0,0,0,0,0
4963,194266,11,1,1033202,Humboldthain Süd,2019,4,21,3,3,0,7,2,0,0,0,1,0,0,0
4964,194267,11,11,11010102,Dorf Wartenberg,2019,4,10,3,3,5,2,0,0,1,0,1,0,0,0
4965,194268,11,4,4010102,Plötzensee,2019,4,10,3,3,5,3,0,1,1,0,0,0,0,0
4966,194269,11,9,9020701,Adlershof West,2019,4,20,3,3,5,2,2,0,1,0,0,0,0,0
4967,194270,11,12,12302211,Lübarser Straße,2019,4,10,3,3,2,2,0,0,1,0,0,0,0,0
4968,194271,11,5,5010314,Carl-Schurz-Straße,2019,4,12,3,3,2,6,0,0,1,0,0,0,0,0
4969,194272,11,4,4041342,Schlangenbader Straße,2019,4,17,3,3,5,2,0,0,1,0,1,0,0,0
4970,194273,11,5,5020417,Staakener Straße,2019,4,10,3,3,8,1,0,0,1,0,0,0,0,0
4971,194274,11,1,1011201,Wilhelmstraße,2019,4,9,3,3,5,3,0,1,1,0,0,0,0,0
4972,194275,11,7,7020203,Kaiser-Wilhelm-Platz,2019,4,9,3,3,0,2,0,0,1,0,0,0,1,0
4973,194276,11,4,4030621,Spreestadt,2019,4,9,3,2,5,2,0,1,1,0,0,0,0,0
4974,194277,11,3,3061228,Erich-Weinert-Straße,2019,4,8,3,3,5,2,0,0,1,0,0,0,0,0
4975,194278,11,3,3061430,Volkspark Prenzlauer Berg,2019,4,9,3,3,2,6,0,0,0,0,1,0,1,0
4976,194279,11,4,4051448,Schaperstraße,2019,4,9,3,3,3,6,0,0,1,0,0,0,0,0
4977,194280,11,3,3050919,Gustav-Adolf-Straße,2019,4,8,3,3,5,3,0,0,1,0,0,0,0,0
4978,194281,11,5,5010205,An der Tränke,2019,4,8,3,2,5,2,0,0,1,0,1,0,0,0
4979,194282,11,5,5010314,Carl-Schurz-Straße,2019,4,8,3,3,5,7,0,0,1,0,1,0,0,0
4980,194283,11,1,1033203,Humboldthain Nordwest,2019,4,8,3,2,5,3,0,1,1,0,0,0,0,0
4981,194284,11,5,5020625,Borkumer Straße,2019,4,7,3,3,5,2,0,1,0,0,0,0,1,0
4982,194285,11,9,9020501,Oberschöneweide West,2019,4,6,3,3,5,3,0,1,1,0,0,0,0,0
4983,194286,11,2,2020203,Viktoriapark,2019,4,11,3,2,2,6,0,0,1,0,1,0,0,0
4984,194287,11,4,4041239,Stadion Wilmersdorf,2019,4,11,3,3,5,2,0,1,1,0,0,0,0,0
4985,194288,11,1,1022204,Thomasiusstraße,2019,4,11,3,3,5,2,0,0,1,0,0,0,0,0
4986,194289,11,5,5020417,Staakener Straße,2019,4,12,3,3,2,7,0,1,1,0,0,0,0,0
4987,194290,11,8,8020620,Tempelhofer Weg,2019,4,12,3,3,0,7,0,0,1,0,0,0,0,0
4988,194291,11,12,12214422,Klixstraße,2019,4,12,3,3,2,6,0,0,1,0,0,0,0,0
4989,194292,11,9,9052001,Köpenick Nord,2019,4,13,3,3,2,6,0,0,1,0,0,0,0,0
4990,194293,11,4,4051550,Leon-Jessel-Platz,2019,4,14,3,3,0,7,0,0,1,0,0,0,1,0
4991,194294,11,7,7050503,Eisenacher Straße,2019,4,13,3,3,2,6,0,0,1,0,0,0,1,0
4992,194295,11,4,4030622,Richard-Wagner-Straße,2019,4,14,3,3,1,5,0,1,1,0,0,0,0,0
4993,194296,11,8,8010404,Rixdorf,2019,4,14,3,3,0,6,0,0,1,0,1,0,0,0
4994,194297,11,5,5040936,Jägerallee,2019,4,15,3,3,2,6,0,0,1,0,0,0,0,0
4995,194298,11,4,4051446,Preußenpark,2019,4,15,3,3,6,4,0,0,1,1,0,0,0,0
4996,194299,11,9,9051702,Bölschestraße,2019,4,16,3,2,5,2,0,1,1,0,0,0,0,0
4997,194300,11,1,1011302,Oranienburger Straße,2019,4,16,3,3,5,3,0,1,1,0,0,0,0,0
4998,194301,11,1,1022207,Hansaviertel,2019,4,16,3,3,5,2,0,0,1,0,1,0,0,0
4999,194302,11,1,1044101,Rehberge,2019,4,15,2,3,2,2,0,0,1,0,0,0,0,0
5000,194303,11,8,8030831,Gropiusstadt Ost,2019,4,14,2,3,5,2,0,1,1,0,0,0,0,0
5001,194304,11,2,2010102,Mehringplatz,2019,4,15,2,3,2,6,0,0,1,0,0,0,0,0
5002,194305,11,1,1044201,Reinickendorfer Straße,2019,4,22,2,3,1,5,2,0,1,0,1,0,0,0
5003,194306,11,4,4020314,Messegelände,2019,4,19,2,3,5,7,2,0,1,0,0,0,0,0
5004,194307,11,1,1033203,Humboldthain Nordwest,2019,4,0,2,3,2,6,2,0,1,0,0,0,0,0
5005,194308,11,11,11040926,Weitlingstraße,2019,4,23,2,3,5,3,2,0,1,0,0,0,0,0
5006,194309,11,12,12214527,Alt-Tegel,2019,4,18,2,3,6,4,0,0,1,1,0,0,0,0
5007,194310,11,10,10010207,Marzahner Promenade,2019,4,18,2,3,5,2,0,0,1,0,0,0,0,0
5008,194311,11,9,9041301,Kietzer Feld/Nachtheide,2019,4,18,2,2,0,1,0,0,0,0,1,0,0,0
5009,194312,11,3,3061429,Greifswalder Straße,2019,4,16,2,2,2,6,0,1,0,0,0,0,0,0
5010,194313,11,9,9041501,Altstadt Kietz,2019,4,14,2,3,0,7,0,1,0,1,0,0,0,0
5011,194314,11,10,10040931,Mahlsdorf Nord,2019,4,14,2,3,5,3,0,1,0,0,0,0,0,0
5012,194315,11,9,9020701,Adlershof West,2019,4,14,2,2,4,1,0,0,1,0,0,0,0,0
5013,194316,11,9,9031001,Bohnsdorf,2019,4,13,2,3,0,2,0,0,1,0,0,0,1,0
5014,194317,11,8,8030830,Gropiusstadt Süd,2019,4,13,2,3,2,6,0,1,1,0,0,0,0,0
5015,194318,11,9,9041601,Müggelheim,2019,4,10,2,3,5,3,0,1,1,0,0,0,0,0
5016,194319,11,2,2020202,Rathaus Yorckstraße,2019,4,9,2,2,5,3,0,0,1,0,1,0,0,0
5017,194320,11,9,9030901,Dorf Altglienicke,2019,4,10,1,2,5,3,0,0,1,0,0,0,1,0
5018,194321,11,4,4010101,Jungfernheide,2019,4,18,1,3,6,4,0,1,0,1,0,0,0,0
5019,194322,11,7,7060604,Marienfelde Süd,2019,4,16,1,3,5,3,0,1,1,0,0,0,0,0
5020,194323,11,8,8020726,Buckow West,2019,4,16,1,3,5,3,0,0,1,0,1,0,0,0
5021,194324,11,9,9041301,Kietzer Feld/Nachtheide,2019,4,16,1,3,6,7,0,1,0,1,0,0,0,0
5022,194325,11,2,2030302,Lausitzer Platz,2019,4,15,1,3,6,7,0,1,0,1,0,0,0,0
5023,194326,11,3,3061126,Arnimplatz,2019,4,11,1,3,5,7,0,1,1,0,0,0,0,0
5024,194327,11,10,10010204,Wuhletalstraße,2019,4,17,1,2,1,5,0,1,1,0,0,0,0,0
5025,194328,11,8,8010404,Rixdorf,2019,4,3,1,3,1,1,2,0,1,0,0,0,1,0
5026,194329,11,11,11010206,Wartenberg Süd,2019,4,14,1,3,0,2,0,0,0,0,0,0,1,0
5027,194330,11,3,3071536,Teutoburger Platz,2019,4,16,1,3,1,1,0,0,1,0,1,0,0,0
5028,194331,11,11,11030619,Fennpfuhl Ost,2019,4,7,1,3,0,1,0,1,0,0,0,0,0,0
5029,194332,11,1,1044201,Reinickendorfer Straße,2019,4,15,1,3,5,2,0,0,1,0,0,0,1,0
5030,194333,11,1,1033201,Brunnenstraße,2019,4,18,1,3,0,1,0,0,0,0,1,0,0,0
5031,194334,11,5,5010313,Ackerstraße,2019,4,3,7,1,9,1,2,0,1,0,0,1,0,0
5032,194335,11,3,3020203,Blankenfelde,2019,4,17,7,3,5,2,0,1,1,0,0,0,0,0
5033,194336,11,9,9051702,Bölschestraße,2019,4,9,7,2,1,5,0,1,1,0,0,0,0,0
5034,194337,11,7,7060604,Marienfelde Süd,2019,4,14,7,3,1,5,0,1,1,0,0,0,0,0
5035,194338,11,4,4030827,Karl-August-Platz,2019,4,20,7,3,1,5,1,1,1,0,0,0,0,0
5036,194339,11,2,2010104,Wassertorplatz,2019,4,18,7,3,5,2,0,1,1,0,0,0,0,0
5037,194340,11,8,8010404,Rixdorf,2019,4,15,7,3,3,6,0,1,1,0,0,0,0,0
5038,194341,11,9,9051702,Bölschestraße,2019,4,15,7,3,6,4,0,0,1,1,0,0,0,0
5039,194342,11,5,5010206,Gütersloher Weg,2019,4,13,7,3,5,2,0,0,1,0,0,0,0,0
5040,194343,11,6,6030501,Berlepschstraße,2019,4,13,7,3,0,7,0,1,0,0,0,0,0,0
5041,194344,11,2,2020203,Viktoriapark,2019,4,12,7,3,5,2,0,0,1,0,0,0,1,0
5042,194345,11,8,8010301,Reuterkiez,2019,4,11,7,3,2,2,0,0,0,0,1,0,1,0
5043,194346,11,7,7070703,John-Locke-Straße,2019,4,1,7,3,0,3,2,0,1,0,0,0,1,0
5044,194347,11,8,8041037,Alt-Rudow,2019,4,7,7,2,5,3,0,0,1,0,0,0,0,0
5045,194348,11,12,12214424,Scharnweberstraße,2019,4,8,7,3,5,2,0,1,1,0,0,0,0,0
5046,194349,11,6,6010205,Südende,2019,4,9,7,3,5,3,0,1,1,0,0,0,0,0
5047,194350,11,7,7070703,John-Locke-Straße,2019,4,10,7,3,2,6,0,0,1,0,0,0,0,0
5048,194351,11,6,6030609,Augustaplatz,2019,4,10,7,2,6,2,0,0,1,1,0,0,0,0
5049,194352,11,7,7050501,Rathausstraße,2019,4,10,7,3,2,2,0,0,1,0,0,0,0,0
5050,194353,11,2,2040701,Andreasviertel,2019,4,5,7,2,5,3,2,0,1,0,0,0,1,0
5051,194354,11,11,11030721,Rüdigerstraße,2019,5,14,5,3,5,7,0,1,1,0,0,0,0,1
5052,194355,11,1,1033102,Gesundbrunnen,2019,5,14,5,3,0,6,0,1,1,0,0,0,0,0
5053,194356,11,6,6010207,Mittelstraße,2019,5,17,5,3,1,5,0,1,1,0,0,0,0,0
5054,194357,11,9,9020701,Adlershof West,2019,5,12,5,3,5,3,0,1,1,0,0,0,0,0
5055,194358,11,6,6020306,Lankwitz Süd,2019,5,17,5,3,5,3,0,0,1,0,0,0,0,0
5056,194359,11,9,9010302,Späthsfelde,2019,5,14,5,3,5,3,0,0,1,0,1,0,0,1
5057,194360,11,4,4030828,Savignyplatz,2019,5,13,5,3,1,5,0,1,1,0,0,0,0,1
5058,194361,11,2,2040503,Richard-Sorge-Viertel,2019,5,17,5,3,2,6,0,1,1,0,0,0,0,0
5059,194362,11,7,7010101,Wittenbergplatz/Viktoria-Luise-Platz,2019,5,14,5,3,5,2,0,1,1,0,0,0,0,0
5060,194363,11,11,11040926,Weitlingstraße,2019,5,17,5,3,5,2,0,1,1,0,0,0,0,0
5061,194364,11,3,3020209,Niederschönhausen,2019,5,16,5,3,5,3,0,1,1,0,0,0,0,0
5062,194365,11,2,2040701,Andreasviertel,2019,5,16,5,3,0,3,0,1,1,0,0,0,0,0
5063,194366,11,12,12103218,Teichstraße,2019,5,16,5,3,2,6,0,0,1,0,0,1,0,0
5064,194367,11,9,9031202,Schmöckwitz/Rauchfangswerder,2019,5,5,5,2,4,6,1,0,0,0,0,0,1,1
5065,194368,11,9,9041501,Altstadt Kietz,2019,5,9,5,2,6,3,0,0,1,1,0,0,0,0
5066,194369,11,4,4051652,Nikolsburger Platz,2019,5,8,5,3,3,6,0,1,1,0,0,0,0,0
5067,194370,11,1,1011302,Oranienburger Straße,2019,5,9,5,3,5,3,0,1,0,0,0,0,1,0
5068,194371,11,8,8010404,Rixdorf,2019,5,7,5,3,2,3,0,1,0,0,0,0,0,0
5069,194372,11,2,2020201,Gleisdreieck/Entwicklungsgebiet,2019,5,7,5,3,5,2,0,1,1,0,0,0,0,1
5070,194373,11,10,10020622,Kaulsdorf Nord I,2019,5,7,5,3,5,3,0,1,1,0,0,0,0,0
5071,194374,11,2,2050601,Hausburgviertel,2019,5,7,5,3,5,2,0,1,0,0,0,0,1,1
5072,194375,11,12,12214422,Klixstraße,2019,5,7,5,3,5,2,0,1,0,0,0,0,1,0
5073,194376,11,10,10030724,Oberfeldstraße,2019,5,14,5,3,5,2,0,0,0,0,1,0,1,1
5074,194377,11,12,12103115,Breitkopfbecken,2019,5,13,5,3,5,3,0,1,1,0,0,0,0,1
5075,194378,11,2,2050601,Hausburgviertel,2019,5,13,5,2,4,6,0,0,1,0,0,1,0,1
5076,194379,11,5,5020523,Maulbeerallee,2019,5,13,5,2,5,2,0,0,1,0,0,0,0,0
5077,194380,11,9,9052001,Köpenick Nord,2019,5,12,5,3,5,2,0,1,0,0,0,0,0,0