,object id,city,district,sub district key,street,year,month,hour of day,weekday,category,accident type,accident type 2,light situation,bike involved,car involved,pedestrian involved,motor bike involved,big track involved,other vehicle involved,road condition
5588,194891,11,1,1044101,Rehberge,2019,5,10,7,3,2,6,0,0,1,0,0,0,0,0
5589,194892,11,7,7070703,John-Locke-Straße,2019,5,7,6,3,6,2,0,0,1,1,0,0,0,0
5590,194893,11,5,5030731,Gartenfelder Straße,2019,5,10,7,2,2,7,0,0,1,0,1,0,0,0
5591,194894,11,3,3030406,Alt-Karow,2019,5,7,6,3,5,3,0,1,1,0,0,0,0,1
5592,194895,11,1,1011401,Invalidenstraße,2019,5,11,7,3,1,5,0,1,1,0,0,0,0,0
5593,194896,11,5,5020625,Borkumer Straße,2019,5,11,7,2,6,2,0,0,1,1,0,0,0,0
5594,194897,11,8,8010301,Reuterkiez,2019,5,7,6,3,0,7,0,1,0,0,0,0,1,1
5595,194898,11,3,3020307,Buchholz,2019,5,7,6,3,0,3,0,1,1,0,0,0,0,1
5596,194899,11,3,3051022,Hansastraße,2019,5,12,7,3,2,6,0,0,1,0,1,0,0,0
5597,194900,11,5,5010101,Hakenfelde Nord,2019,5,12,7,1,2,6,0,0,1,0,0,0,0,0
5598,194901,11,8,8040933,Vogelviertel Süd,2019,5,6,6,3,5,2,1,0,1,0,0,0,0,0
5599,194902,11,4,4020205,Siedlung Ruhleben,2019,5,12,7,3,2,6,0,0,1,0,0,0,0,0
5600,194903,11,11,11020411,Malchower Weg,2019,5,5,6,3,5,3,0,1,1,0,0,0,0,1
5601,194904,11,4,4010102,Plötzensee,2019,5,13,7,3,5,2,0,0,1,0,0,0,1,0
5602,194905,11,1,1044101,Rehberge,2019,5,12,7,3,2,6,0,0,1,0,0,0,1,0
5603,194906,11,9,9052001,Köpenick Nord,2019,5,5,6,3,5,3,0,1,1,0,0,0,0,0
5604,194907,11,10,10020622,Kaulsdorf Nord I,2019,5,13,7,3,2,7,0,0,1,0,0,0,1,0
5605,194908,11,3,3050923,Weißenseer Spitze,2019,5,5,6,3,1,5,0,1,1,0,0,0,0,1
5606,194909,11,5,5010339,Freiheit,2019,5,14,7,2,1,5,0,0,1,0,1,0,0,0
5607,194910,11,2,2040701,Andreasviertel,2019,5,21,6,2,5,3,2,1,1,0,0,0,0,0
5608,194911,11,6,6030608,Schweizer Viertel,2019,5,14,7,3,5,3,0,0,1,0,0,0,0,0
5609,194912,11,1,1011303,Alexanderplatzviertel,2019,5,18,6,3,1,5,0,1,1,0,0,0,1,0
5610,194913,11,3,3030716,Märchenland,2019,5,15,7,3,5,3,0,1,1,0,0,0,0,0
5611,194914,11,7,7010102,Nollendorfplatz,2019,5,15,7,3,2,6,0,0,1,0,0,0,0,0
5612,194915,11,4,4030620,Alt-Lietzow,2019,5,17,6,3,5,3,0,0,1,0,0,0,0,0
5613,194916,11,9,9031001,Bohnsdorf,2019,5,17,6,2,6,4,0,0,1,1,0,0,0,0
5614,194917,11,4,4030417,Schloßstraße,2019,5,15,7,3,2,6,0,0,1,0,0,0,1,0
5615,194918,11,2,2010101,Askanischer Platz,2019,5,17,7,2,3,2,0,1,1,0,0,0,0,0
5616,194919,11,10,10040829,Alt-Kaulsdorf,2019,5,17,6,2,5,3,0,0,1,0,0,0,1,0
5617,194920,11,9,9010402,Johannisthal Ost,2019,5,22,7,3,5,2,2,0,1,0,1,0,0,0
5618,194921,11,2,2010101,Askanischer Platz,2019,5,16,6,3,2,6,0,0,1,0,0,0,0,0
5619,194922,11,3,3051017,Rennbahnstraße,2019,5,7,6,3,5,3,0,1,1,0,0,0,0,0
5620,194923,11,7,7040405,Rathaus Tempelhof,2019,5,15,6,3,3,6,0,0,1,0,1,1,0,0
5621,194924,11,11,11051330,Karlshorst West,2019,5,14,6,2,5,2,0,0,1,0,0,0,1,0
5622,194925,11,1,1011203,Unter den Linden Süd,2019,5,13,6,3,5,3,0,0,1,0,1,0,0,0
5623,194926,11,10,10030725,Buckower Ring,2019,5,17,6,3,1,6,0,1,1,0,0,0,0,0
5624,194927,11,10,10020517,Adele-Sandrock-Straße,2019,5,14,6,2,6,4,0,0,1,1,0,0,0,0
5625,194928,11,2,2010101,Askanischer Platz,2019,5,0,6,3,0,1,2,1,0,0,0,0,0,1
5626,194929,11,1,1011301,Charitéviertel,2019,5,14,6,2,6,4,0,0,0,1,0,0,1,0
5627,194930,11,12,12231101,Hermsdorf,2019,5,11,6,3,5,3,0,1,1,0,0,0,0,0
5628,194931,11,5,5010314,Carl-Schurz-Straße,2019,5,13,6,3,2,6,0,0,1,0,0,0,0,0
5629,194932,11,5,5030832,Rohrdamm,2019,5,11,6,3,2,6,0,0,1,0,0,0,0,0
5630,194933,11,8,8010405,Hertzbergplatz,2019,5,19,6,3,1,5,0,0,1,0,0,0,0,0
5631,194934,11,1,1044201,Reinickendorfer Straße,2019,5,13,6,3,6,4,0,0,1,1,0,0,0,0
5632,194935,11,11,11030721,Rüdigerstraße,2019,5,22,6,2,6,2,2,0,0,1,0,0,1,0
5633,194936,11,7,7040406,Germaniagarten,2019,5,14,6,3,2,2,0,0,1,0,0,0,0,0
5634,194937,11,6,6040807,Zehlendorf Eiche,2019,5,20,6,3,1,5,0,0,1,0,1,0,0,0
5635,194938,11,8,8010214,Glasower Straße,2019,5,12,6,2,6,4,0,0,0,1,0,0,1,0
5636,194939,11,3,3061227,Humannplatz,2019,5,19,6,3,5,2,0,0,1,0,0,0,0,0
5637,194940,11,9,9041301,Kietzer Feld/Nachtheide,2019,5,19,6,3,2,6,0,0,1,0,0,0,0,0
5638,194941,11,8,8020622,Parchimer Allee,2019,5,11,6,3,1,5,0,0,1,0,0,0,1,0
5639,194942,11,2,2020203,Viktoriapark,2019,5,10,6,3,5,3,0,1,1,0,0,0,0,0
5640,194943,11,1,1011301,Charitéviertel,2019,5,18,6,3,0,2,0,1,1,0,0,0,0,0
5641,194944,11,2,2050801,Traveplatz,2019,5,18,6,3,3,6,0,1,1,0,0,0,0,0
5642,194945,11,1,1011301,Charitéviertel,2019,5,0,6,3,0,2,2,1,1,0,0,0,0,0
5643,194946,11,12,12231101,Hermsdorf,2019,5,17,6,3,5,2,0,0,1,0,0,0,0,0
5644,194947,11,5,5010314,Carl-Schurz-Straße,2019,5,13,5,3,5,7,0,1,1,0,0,0,0,0
5645,194948,11,4,4030930,George-Grosz-Platz,2019,5,17,6,3,3,6,0,1,1,0,0,0,0,0
5646,194949,11,11,11051229,Rummelsburg,2019,5,17,6,2,5,2,0,1,0,0,0,0,1,0
5647,194950,11,9,9051702,Bölschestraße,2019,5,12,5,2,5,3,0,1,0,0,0,0,0,0
5648,194951,11,9,9020701,Adlershof West,2019,5,17,6,3,2,6,0,0,1,0,0,0,0,0
5649,194952,11,4,4051551,Brabanter Platz,2019,5,9,6,3,0,6,0,0,0,0,1,0,1,0
5650,194953,11,3,3071639,Bötzowstraße,2019,5,6,5,3,6,4,0,1,0,1,0,0,0,0
5651,194954,11,3,3071638,Winsstraße,2019,5,9,6,3,1,5,0,1,1,0,0,0,0,0
5652,194955,11,12,12231101,Hermsdorf,2019,5,9,6,3,4,7,0,0,1,0,0,0,0,0
5653,194956,11,7,7020201,Bayerischer Platz,2019,5,18,5,3,5,3,0,1,1,0,0,0,0,0
5654,194957,11,12,12301206,Lübars,2019,5,16,6,3,5,2,0,1,1,0,0,0,0,0
5655,194958,11,5,5020419,Magistratsweg,2019,5,13,5,3,1,5,0,0,1,0,0,0,1,0
5656,194959,11,3,3061227,Humannplatz,2019,5,8,6,3,5,3,0,0,1,0,0,0,0,0
5657,194960,11,5,5010314,Carl-Schurz-Straße,2019,5,12,5,3,0,1,0,0,1,0,1,0,0,1
5658,194961,11,3,3071536,Teutoburger Platz,2019,5,9,6,3,1,5,0,1,0,0,0,0,1,0
5659,194962,11,5,5020417,Staakener Straße,2019,5,5,5,2,5,3,0,0,1,0,0,0,0,1
5660,194963,11,4,4041134,Bismarckallee,2019,5,16,6,3,5,3,0,1,0,0,0,0,1,0
5661,194964,11,3,3050925,Komponistenviertel Weißensee,2019,5,10,6,2,6,2,0,0,1,1,0,0,0,0
5662,194965,11,2,2050803,Stralauer Kiez,2019,5,21,5,3,5,3,2,1,1,0,0,0,0,1
5663,194966,11,2,2040703,Wriezener Bahnhof/Entwicklungsgebiet,2019,5,20,5,3,1,5,1,1,1,0,0,0,1,1
5664,194967,11,3,3010102,Buch,2019,5,8,6,3,3,6,0,1,1,0,0,0,0,0
5665,194968,11,3,3071537,Kollwitzplatz,2019,5,8,6,2,2,6,0,0,1,0,0,0,0,0
5666,194969,11,12,12103218,Teichstraße,2019,5,19,5,2,5,3,0,0,1,0,1,0,0,0
5667,194970,11,3,3071639,Bötzowstraße,2019,5,8,6,3,2,6,0,0,1,0,0,0,1,0
5668,194971,11,1,1011306,Heine-Viertel Ost,2019,5,19,5,3,1,5,0,1,1,0,0,0,0,0
5669,194972,11,3,3030715,Heinersdorf,2019,5,8,6,3,5,2,0,0,1,0,0,1,0,0
5670,194973,11,6,6010103,Markelstraße,2019,5,16,5,3,1,6,0,1,1,0,0,0,0,0
5671,194974,11,5,5010314,Carl-Schurz-Straße,2019,5,7,6,3,5,3,0,1,1,0,0,0,0,0
5672,194975,11,8,8010509,Schulenburgpark,2019,5,16,5,3,0,5,0,0,1,0,0,0,1,0
5673,194976,11,3,3061429,Greifswalder Straße,2019,5,21,6,3,5,2,2,0,1,0,1,0,0,0
5674,194977,11,3,3061441,Eldenaer Straße,2019,5,18,6,3,5,3,0,0,1,0,0,0,0,0
5675,194978,11,10,10040933,Mahlsdorf Süd,2019,5,15,5,3,5,2,0,1,1,0,0,0,0,1
5676,194979,11,1,1011402,Arkonaplatz,2019,5,15,5,3,5,3,0,0,1,0,0,0,0,0
5677,194980,11,6,6030502,Zehlendorf Süd,2019,5,16,6,2,5,3,0,1,1,0,0,0,0,0
5678,194981,11,5,5030832,Rohrdamm,2019,5,15,5,3,2,6,0,0,1,0,0,0,0,0
5679,194982,11,12,12103116,Hausotterplatz,2019,5,16,3,2,1,5,0,1,1,0,0,0,0,0
5680,194983,11,8,8041037,Alt-Rudow,2019,5,16,3,3,0,1,0,0,0,0,1,0,0,0
5681,194984,11,7,7020203,Kaiser-Wilhelm-Platz,2019,5,16,3,2,0,7,0,0,0,0,1,0,0,0
5682,194985,11,4,4020311,Reichsstraße,2019,5,17,3,3,0,3,0,0,1,0,1,0,0,0
5683,194986,11,3,3040513,Schönholz,2019,5,17,3,3,5,3,0,1,1,0,0,0,0,0
5684,194987,11,4,4030621,Spreestadt,2019,5,11,3,3,6,4,0,0,1,1,0,0,0,0
5685,194988,11,5,5020629,Börnicker Straße,2019,5,11,3,3,5,3,0,1,1,0,0,0,0,0
5686,194989,11,7,7010101,Wittenbergplatz/Viktoria-Luise-Platz,2019,5,18,3,3,6,2,0,0,1,1,0,0,0,0
5687,194990,11,5,5010101,Hakenfelde Nord,2019,5,18,3,3,4,6,0,1,0,0,0,0,0,0
5688,194991,11,5,5030730,Zitadellenweg,2019,5,21,3,3,5,3,2,1,1,0,0,0,0,0
5689,194992,11,7,7020201,Bayerischer Platz,2019,5,17,3,3,5,3,0,0,1,0,0,0,0,0
5690,194993,11,2,2010102,Mehringplatz,2019,5,19,3,3,0,6,0,1,1,0,0,0,0,0
5691,194994,11,9,9031202,Schmöckwitz/Rauchfangswerder,2019,5,18,3,1,0,1,0,1,0,0,0,0,0,0
5692,194995,11,3,3061429,Greifswalder Straße,2019,5,18,2,3,5,2,0,1,1,0,0,0,0,0
5693,194996,11,6,6040809,Thielallee,2019,5,11,2,3,5,3,0,0,1,0,0,0,0,0
5694,194997,11,4,4031032,Halensee,2019,5,20,2,3,5,7,2,0,1,0,0,0,0,0
5695,194998,11,4,4020313,Königin-Elisabeth-Straße,2019,5,19,2,3,6,7,0,0,1,1,0,0,0,0
5696,194999,11,7,7050505,Hundsteinweg,2019,5,19,2,3,2,6,0,0,1,0,0,0,1,1
5697,195000,11,1,1011306,Heine-Viertel Ost,2019,5,18,2,2,1,5,0,1,0,0,0,0,1,0
5698,195001,11,2,2020206,Graefekiez,2019,5,17,2,3,5,2,0,1,1,0,0,0,0,0
5699,195002,11,3,3050920,Weißer See,2019,5,18,2,3,0,1,0,1,0,0,0,0,0,1
5700,195003,11,10,10020517,Adele-Sandrock-Straße,2019,5,18,2,3,0,1,0,0,0,0,1,0,0,1
5701,195004,11,7,7070703,John-Locke-Straße,2019,5,7,2,3,5,3,0,1,1,0,0,0,0,0
5702,195005,11,8,8010118,Silbersteinstraße,2019,5,7,2,3,5,2,0,1,1,0,0,0,0,0
5703,195006,11,12,12304314,Ziekowstraße/Freie Scholle,2019,5,8,2,3,2,6,0,0,1,0,0,0,0,0
5704,195007,11,5,5020625,Borkumer Straße,2019,5,10,2,3,6,7,0,0,1,1,0,0,0,0
5705,195008,11,10,10010311,Landsberger Tor,2019,5,10,2,3,6,4,0,0,1,1,0,0,0,0
5706,195009,11,12,12103117,Letteplatz,2019,5,18,2,3,2,6,0,0,1,0,0,0,0,0
5707,195010,11,12,12301203,Wittenau Süd,2019,5,10,2,3,5,2,0,1,0,0,0,1,0,0
5708,195011,11,1,1033102,Gesundbrunnen,2019,5,10,2,3,5,2,0,1,1,0,0,0,0,0
5709,195012,11,4,4051653,Prager Platz,2019,5,18,2,3,5,2,0,1,1,0,0,0,0,0
5710,195013,11,8,8010404,Rixdorf,2019,5,11,2,2,6,4,0,0,1,1,0,0,0,0
5711,195014,11,1,1022106,Elberfelder Straße,2019,5,12,2,2,2,6,0,0,1,0,0,0,0,0
5712,195015,11,2,2030302,Lausitzer Platz,2019,5,18,2,3,6,4,0,0,1,1,1,0,0,0
5713,195016,11,7,7040404,Marienhöhe,2019,5,13,2,3,2,6,0,0,1,0,0,0,0,0
5714,195017,11,10,10040932,Alt-Mahlsdorf,2019,5,15,2,3,2,6,0,0,1,0,0,0,0,0
5715,195018,11,9,9031001,Bohnsdorf,2019,5,17,2,3,6,2,0,0,1,1,0,0,0,0
5716,195019,11,12,12231102,Frohnau,2019,5,10,2,3,0,1,0,1,0,0,0,0,0,0
5717,195020,11,6,6020302,Komponistenviertel Lankwitz,2019,5,16,2,3,2,6,0,0,1,0,0,0,0,0
5718,195021,11,1,1022104,Emdener Straße,2019,5,16,2,3,2,6,0,0,1,0,0,0,0,0
5719,195022,11,2,2020206,Graefekiez,2019,5,15,2,3,5,3,0,1,1,0,0,0,0,0
5720,195023,11,2,2020205,Chamissokiez,2019,5,15,2,3,2,7,0,1,1,0,0,0,0,0
5721,195024,11,12,12214527,Alt-Tegel,2019,5,12,2,3,5,5,0,1,1,0,0,0,0,0
5722,195025,11,3,3061227,Humannplatz,2019,5,18,2,3,2,6,0,0,1,0,0,0,1,1
5723,195026,11,11,11010309,Zingster Straße West,2019,5,13,1,2,5,3,0,1,1,0,0,0,0,0
5724,195027,11,12,12224230,Heiligensee,2019,5,13,1,3,0,5,0,1,1,0,0,0,0,0
5725,195028,11,7,7030301,Friedenau,2019,5,14,1,3,5,3,0,0,1,0,0,0,0,0
5726,195029,11,9,9020802,Köllnische Vorstadt,2019,5,9,1,3,1,5,0,1,1,0,0,0,1,0
5727,195030,11,2,2030301,Oranienplatz,2019,5,9,1,3,5,3,0,0,1,0,0,0,0,0
5728,195031,11,2,2010104,Wassertorplatz,2019,5,12,1,3,2,2,0,1,1,0,0,0,0,0
5729,195032,11,4,4051448,Schaperstraße,2019,5,14,1,3,6,4,0,1,0,1,0,0,0,0
5730,195033,11,3,3020210,Herthaplatz,2019,5,14,1,3,2,6,0,0,1,0,1,0,0,0
5731,195034,11,1,1011303,Alexanderplatzviertel,2019,5,17,1,2,5,3,0,1,0,0,0,0,0,0
5732,195035,11,9,9010401,Johannisthal West,2019,5,18,1,3,6,4,0,0,0,1,0,0,1,0
5733,195036,11,2,2030401,Reichenberger Straße,2019,5,6,1,3,1,5,0,0,1,0,0,0,0,0
5734,195037,11,11,11030619,Fennpfuhl Ost,2019,5,3,1,3,5,3,2,0,1,0,0,0,1,0
5735,195038,11,5,5020521,Döberitzer Weg,2019,5,13,1,3,2,6,0,0,1,0,0,0,0,0
5736,195039,11,6,6020409,Königsberger Straße,2019,5,1,1,2,1,5,2,0,1,0,0,0,0,0
5737,195040,11,4,4030620,Alt-Lietzow,2019,5,13,1,3,0,7,0,1,0,0,0,0,0,0
5738,195041,11,1,1011202,Unter den Linden Nord,2019,5,22,1,3,6,4,2,1,0,1,0,0,0,0
5739,195042,11,1,1033102,Gesundbrunnen,2019,5,23,1,3,3,6,2,0,1,0,0,0,1,0
5740,195043,11,8,8010211,Flughafenstraße,2019,5,22,1,3,3,6,2,1,1,0,0,0,0,0
5741,195044,11,3,3061227,Humannplatz,2019,5,20,1,3,0,1,0,1,0,0,0,0,0,0
5742,195045,11,11,11010310,Mühlengrund,2019,5,17,7,3,3,6,0,0,1,0,0,0,0,0
5743,195046,11,8,8010404,Rixdorf,2019,5,22,7,3,2,5,2,1,1,0,0,0,0,0
5744,195047,11,3,3040614,Pankow Zentrum,2019,5,11,7,3,2,6,0,0,1,0,0,1,0,0
5745,195048,11,1,1022101,Huttenkiez,2019,5,16,7,3,6,6,0,0,0,1,0,0,1,0
5746,195049,11,2,2040701,Andreasviertel,2019,5,15,7,3,1,5,0,0,1,0,1,0,0,0
5747,195050,11,2,2050804,Stralauer Halbinsel,2019,5,16,7,3,5,7,0,0,1,0,1,0,0,0
5748,195051,11,8,8010404,Rixdorf,2019,5,22,7,3,1,5,2,0,1,0,1,0,0,0
5749,195052,11,5,5020625,Borkumer Straße,2019,5,23,7,3,2,6,2,0,1,0,0,0,0,0
5750,195053,11,2,2050801,Traveplatz,2019,5,13,7,3,5,3,0,1,1,0,0,0,0,0
5751,195054,11,2,2030402,Wrangelkiez,2019,5,13,7,3,5,7,0,1,1,0,0,0,0,0
5752,195055,11,2,2050803,Stralauer Kiez,2019,5,13,7,3,3,6,0,0,1,0,0,0,0,0
5753,195056,11,10,10040933,Mahlsdorf Süd,2019,5,11,7,3,5,2,0,1,1,0,0,0,0,0
5754,195057,11,4,4030930,George-Grosz-Platz,2019,5,10,7,3,2,6,0,0,1,0,0,0,0,0
5755,195058,11,2,2040702,Weberwiese,2019,5,10,7,3,6,4,0,1,0,1,0,0,0,0
5756,195059,11,7,7040401,Neu-Tempelhof,2019,5,9,7,3,6,4,0,0,1,1,0,0,0,0
5757,195060,11,7,7040403,Manteuffelstraße,2019,5,10,7,3,5,2,0,0,1,0,0,0,0,0
5758,195061,11,6,6020304,Kaiser-Wilhelm-Straße,2019,5,11,7,3,5,3,0,0,1,0,0,0,0,0
5759,195062,11,4,4030931,Breitscheidplatz,2019,5,11,7,2,5,5,0,0,1,0,1,0,0,0
5760,195063,11,1,1022205,Zillesiedlung,2019,5,21,7,3,3,6,2,0,1,0,1,0,0,0
5761,195064,11,1,1044202,Sparrplatz,2019,5,20,7,3,0,7,0,0,1,0,0,0,0,0
5762,195065,11,3,3061126,Arnimplatz,2019,5,20,7,3,5,2,0,1,1,0,0,0,0,0
5763,195066,11,12,12231102,Frohnau,2019,5,19,7,3,1,5,0,1,1,0,0,0,0,0
5764,195067,11,1,1011302,Oranienburger Straße,2019,5,19,7,3,2,6,0,0,1,0,0,0,0,0
5765,195068,11,3,3071536,Teutoburger Platz,2019,5,19,7,3,5,7,0,1,1,0,0,0,0,0
5766,195069,11,11,11030721,Rüdigerstraße,2019,5,19,7,3,5,3,0,1,0,0,0,0,0,0
5767,195070,11,8,8010404,Rixdorf,2019,5,18,7,3,5,2,0,0,1,0,0,0,1,0
5768,195071,11,7,7020204,Schöneberger Insel,2019,5,17,7,3,5,3,0,1,1,0,0,0,0,0
5769,195072,11,7,7070702,Alt-Lichtenrade/Töpchiner Weg,2019,5,17,7,3,2,6,0,0,1,0,1,0,0,0
5770,195073,11,11,11051331,Karlshorst Nord,2019,5,17,7,3,5,3,0,0,1,0,0,0,0,0
5771,195074,11,8,8020622,Parchimer Allee,2019,5,16,7,3,1,5,0,1,1,0,0,0,1,0
5772,195075,11,6,6010207,Mittelstraße,2019,5,23,7,3,0,1,2,1,0,0,0,0,0,0
5773,195076,11,12,12214424,Scharnweberstraße,2019,5,15,7,3,2,6,0,0,1,0,0,0,1,0
5774,195077,11,8,8010214,Glasower Straße,2019,5,15,7,3,2,6,0,0,1,0,1,0,0,0
5775,195078,11,9,9010301,Baumschulenstraße,2019,5,14,7,3,5,3,0,0,1,0,0,0,0,0
5776,195079,11,4,4051446,Preußenpark,2019,5,14,7,3,5,2,0,0,1,0,0,0,0,0
5777,195080,11,12,12301203,Wittenau Süd,2019,5,14,7,2,5,2,0,0,0,0,1,1,0,0
5778,195081,11,7,7050501,Rathausstraße,2019,5,13,7,2,1,5,0,0,1,0,0,0,0,0
5779,195082,11,6,6040703,Nikolassee,2019,5,17,7,3,0,5,0,0,1,0,1,0,0,0
5780,195083,11,3,3020209,Niederschönhausen,2019,5,22,6,3,5,3,2,0,1,0,0,0,0,0
5781,195084,11,10,10030727,Biesdorf Süd,2019,5,20,6,3,2,6,0,0,1,0,1,0,0,0
5782,195085,11,3,3061430,Volkspark Prenzlauer Berg,2019,5,18,6,3,6,4,0,1,0,1,0,0,0,0
5783,195086,11,8,8020619,Buschkrugallee Nord,2019,5,19,6,3,2,2,1,0,1,0,1,0,0,0
5784,195087,11,2,2010104,Wassertorplatz,2019,5,12,6,3,5,3,0,1,0,0,0,0,0,0
5785,195088,11,7,7010102,Nollendorfplatz,2019,5,11,6,3,5,2,0,0,1,0,1,0,0,0
5786,195089,11,1,1044201,Reinickendorfer Straße,2019,5,10,6,3,5,3,0,0,1,0,0,0,0,0
5787,195090,11,8,8010301,Reuterkiez,2019,5,10,6,3,5,2,0,1,1,0,0,0,0,0
5788,195091,11,12,12103219,Schäfersee,2019,5,9,6,3,0,3,0,0,1,0,1,0,0,0
5789,195092,11,4,4020310,Park Ruhwald,2019,5,7,6,3,5,2,0,0,1,0,1,0,0,0
5790,195093,11,1,1011301,Charitéviertel,2019,5,8,6,3,5,2,0,1,1,0,0,0,0,0
5791,195094,11,4,4030827,Karl-August-Platz,2019,5,7,6,3,0,1,0,1,1,0,0,0,0,0
5792,195095,11,7,7040405,Rathaus Tempelhof,2019,5,6,6,3,5,2,0,0,1,0,0,0,0,0
5793,195096,11,10,10020414,Helle Mitte,2019,5,9,6,3,5,3,0,0,1,0,0,0,0,0
5794,195097,11,2,2040502,Friedenstraße,2019,5,8,6,3,2,6,0,0,1,0,0,0,0,0
5795,195098,11,2,2010104,Wassertorplatz,2019,5,11,6,2,2,6,0,0,0,0,0,1,0,0
5796,195099,11,5,5020626,Adamstraße,2019,5,13,6,3,6,2,0,0,1,1,0,0,0,0
5797,195100,11,4,4030931,Breitscheidplatz,2019,5,14,6,3,6,4,0,0,1,1,0,0,0,0
5798,195101,11,4,4041241,Breite Straße,2019,5,14,6,3,5,3,0,1,1,0,0,0,0,0
5799,195102,11,4,4030620,Alt-Lietzow,2019,5,15,6,3,5,2,0,1,1,0,0,0,0,0
5800,195103,11,5,5020626,Adamstraße,2019,5,14,6,3,1,5,0,0,0,0,1,0,1,0
5801,195104,11,1,1022201,Stephankiez,2019,5,15,6,3,3,6,0,1,1,0,0,0,0,0
5802,195105,11,6,6020302,Komponistenviertel Lankwitz,2019,5,15,6,3,5,3,0,0,1,0,0,0,0,0
5803,195106,11,1,1011101,Stülerstraße,2019,5,16,6,3,5,2,0,1,1,0,0,0,0,0
5804,195107,11,1,1044203,Leopoldplatz,2019,5,16,6,3,5,3,0,1,0,0,0,0,1,0
5805,195108,11,4,4051446,Preußenpark,2019,5,16,6,3,5,2,0,1,1,0,0,0,0,0
5806,195109,11,10,10010310,Alt-Marzahn,2019,5,17,6,3,5,3,0,0,1,0,0,0,0,0
5807,195110,11,3,3020307,Buchholz,2019,5,17,6,3,2,6,0,0,1,0,0,0,1,0
5808,195111,11,7,7060604,Marienfelde Süd,2019,5,17,6,3,5,3,0,0,1,0,0,0,0,0
5809,195112,11,12,12103218,Teichstraße,2019,5,17,6,3,5,7,0,0,1,0,1,0,0,0
5810,195113,11,7,7050501,Rathausstraße,2019,5,17,6,3,0,2,0,1,1,0,0,0,0,0
5811,195114,11,9,9051801,Rahnsdorf/Hessenwinkel,2019,5,16,6,2,5,3,0,1,1,0,0,0,0,0
5812,195115,11,2,2030301,Oranienplatz,2019,5,16,6,3,1,5,0,1,1,0,0,0,0,0
5813,195116,11,5,5010103,Amorbacher Weg,2019,5,18,6,3,2,2,0,1,1,0,0,0,0,0
5814,195117,11,2,2050801,Traveplatz,2019,5,15,6,3,3,6,0,1,0,0,0,0,0,0
5815,195118,11,3,3020209,Niederschönhausen,2019,5,15,5,3,3,6,0,1,1,0,0,0,0,0
5816,195119,11,2,2020204,Urbanstraße,2019,5,15,5,3,6,4,0,1,0,1,0,0,0,0
5817,195120,11,12,12103218,Teichstraße,2019,5,8,5,3,1,5,0,0,1,0,0,0,1,0
5818,195121,11,10,10020412,Alte Hellersdorfer Straße,2019,5,6,5,3,5,2,0,1,1,0,0,0,0,0
5819,195122,11,11,11010310,Mühlengrund,2019,5,18,5,3,2,3,0,1,1,0,0,0,0,0
5820,195123,11,1,1033203,Humboldthain Nordwest,2019,5,17,5,3,2,6,0,0,0,0,1,0,1,0
5821,195124,11,3,3050923,Weißenseer Spitze,2019,5,15,5,3,3,2,0,1,1,0,0,0,0,0
5822,195125,11,2,2010102,Mehringplatz,2019,5,23,5,3,2,6,2,0,1,0,0,0,0,0
5823,195126,11,3,3020210,Herthaplatz,2019,5,8,5,3,2,6,0,0,1,0,0,0,0,0
5824,195127,11,4,4041344,Rüdesheimer Platz,2019,5,11,5,3,5,3,0,0,1,0,0,0,0,0
5825,195128,11,9,9030901,Dorf Altglienicke,2019,5,8,5,3,6,2,0,0,1,1,0,0,0,0
5826,195129,11,9,9041501,Altstadt Kietz,2019,5,11,5,3,5,2,0,0,1,0,0,0,0,0
5827,195130,11,10,11030720,Herzbergstraße,2019,5,9,5,3,3,6,0,0,1,0,1,0,0,0
5828,195131,11,2,2020202,Rathaus Yorckstraße,2019,5,11,5,3,2,6,0,0,1,0,1,0,0,0
5829,195132,11,11,11030721,Rüdigerstraße,2019,5,9,5,3,5,3,0,1,1,0,0,0,0,0
5830,195133,11,2,2040502,Friedenstraße,2019,5,13,5,3,3,6,0,1,0,0,0,0,0,0
5831,195134,11,9,9010202,Köpenicker Landstraße,2019,5,9,5,2,5,2,0,1,0,0,0,1,0,0
5832,195135,11,4,4010102,Plötzensee,2019,5,13,5,2,2,7,0,0,1,0,1,0,0,0
5833,195136,11,4,4030931,Breitscheidplatz,2019,5,13,5,3,0,1,0,1,0,0,0,0,0,0
5834,195137,11,9,9020702,Adlershof Ost,2019,5,9,5,2,6,4,0,0,1,1,0,0,0,0
5835,195138,11,1,1011302,Oranienburger Straße,2019,5,9,5,3,2,6,0,0,1,0,0,0,1,0
5836,195139,11,2,2030302,Lausitzer Platz,2019,5,22,5,3,5,3,2,1,1,0,0,0,0,0
5837,195140,11,2,2010104,Wassertorplatz,2019,5,21,5,3,5,3,2,0,1,0,0,0,0,0
5838,195141,11,3,3071536,Teutoburger Platz,2019,5,21,5,3,0,7,2,0,1,0,0,0,0,0
5839,195142,11,1,1033102,Gesundbrunnen,2019,5,20,5,3,5,2,0,0,1,0,0,0,1,0
5840,195143,11,4,4030725,Amtsgerichtsplatz,2019,5,18,5,3,3,6,0,1,1,0,0,0,0,0
5841,195144,11,11,11020514,Große-Leege-Straße,2019,5,17,5,3,5,2,0,1,1,0,0,0,1,0
5842,195145,11,1,1011203,Unter den Linden Süd,2019,5,17,5,3,3,6,0,1,0,0,0,0,0,0