,object id,city,district,sub district key,street,year,month,hour of day,weekday,category,accident type,accident type 2,light situation,bike involved,car involved,pedestrian involved,motor bike involved,big track involved,other vehicle involved,road condition
5843,195146,11,7,7010102,Nollendorfplatz,2019,5,16,5,3,6,3,0,1,0,1,0,0,0,0
5844,195147,11,1,1011105,Nördlicher Landwehrkanal,2019,5,16,5,3,5,3,0,1,1,0,0,0,0,0
5845,195148,11,12,12231102,Frohnau,2019,5,15,5,3,2,6,0,1,1,0,0,0,0,0
5846,195149,11,5,5030832,Rohrdamm,2019,5,15,5,3,2,6,0,0,1,0,0,0,0,0
5847,195150,11,4,4030620,Alt-Lietzow,2019,5,15,5,3,5,7,0,1,1,0,0,0,0,0
5848,195151,11,10,10020413,Gut Hellersdorf,2019,5,14,5,3,5,7,0,0,1,0,0,0,0,0
5849,195152,11,9,9010301,Baumschulenstraße,2019,5,13,5,3,2,2,0,0,1,0,0,0,0,0
5850,195153,11,4,4051654,Wilhelmsaue,2019,5,13,5,3,2,6,0,0,1,0,1,0,0,0
5851,195154,11,8,8010405,Hertzbergplatz,2019,5,17,5,3,0,1,0,0,0,0,1,0,0,0
5852,195155,11,11,11030721,Rüdigerstraße,2019,5,8,5,2,5,2,0,1,0,0,0,1,0,0
5853,195156,11,8,8020728,Buckow Ost,2019,5,8,5,3,0,3,0,0,1,0,1,0,0,0
5854,195157,11,6,6010210,Bismarckstraße,2019,5,8,5,2,0,1,0,0,0,0,1,0,0,0
5855,195158,11,3,3061131,Falkplatz,2019,5,8,5,3,5,2,0,1,0,0,0,0,1,0
5856,195159,11,5,5030731,Gartenfelder Straße,2019,5,7,5,3,5,2,0,1,1,0,0,0,0,0
5857,195160,11,5,5020521,Döberitzer Weg,2019,5,6,5,3,2,7,0,0,1,0,0,0,1,0
5858,195161,11,1,1022104,Emdener Straße,2019,5,15,5,3,0,1,0,1,0,0,0,0,0,0
5859,195162,11,7,7010101,Wittenbergplatz/Viktoria-Luise-Platz,2019,5,19,5,3,0,1,0,0,0,0,0,0,1,0
5860,195163,11,1,1011105,Nördlicher Landwehrkanal,2019,5,7,4,3,5,2,0,1,0,0,0,0,1,0
5861,195164,11,6,6020409,Königsberger Straße,2019,5,11,4,3,5,3,0,0,1,0,0,0,0,1
5862,195165,11,2,2040701,Andreasviertel,2019,5,16,4,3,5,2,0,1,0,0,0,0,1,0
5863,195166,11,1,1022101,Huttenkiez,2019,5,21,4,3,3,6,2,0,1,0,0,0,0,0
5864,195167,11,7,7030303,Grazer Platz,2019,5,18,4,3,5,3,0,1,1,0,0,0,0,1
5865,195168,11,6,6030605,Botanischer Garten,2019,5,16,4,3,5,2,0,1,0,0,0,0,1,0
5866,195169,11,7,7010101,Wittenbergplatz/Viktoria-Luise-Platz,2019,5,16,4,3,2,6,0,0,1,0,0,0,0,1
5867,195170,11,2,2020203,Viktoriapark,2019,5,16,4,3,6,4,0,1,0,1,0,0,0,1
5868,195171,11,1,1011303,Alexanderplatzviertel,2019,5,16,4,3,6,4,0,1,0,1,0,0,0,1
5869,195172,11,1,1011302,Oranienburger Straße,2019,5,15,4,2,0,1,0,0,0,0,1,0,0,1
5870,195173,11,4,4020310,Park Ruhwald,2019,5,3,4,3,5,2,2,0,0,0,0,1,1,1
5871,195174,11,5,5020419,Magistratsweg,2019,5,0,4,3,5,3,2,0,1,0,0,0,0,1
5872,195175,11,6,6020409,Königsberger Straße,2019,5,7,4,3,2,6,0,0,1,0,0,0,0,0
5873,195176,11,6,6030609,Augustaplatz,2019,5,7,4,3,5,3,0,0,1,0,1,0,0,1
5874,195177,11,3,3040614,Pankow Zentrum,2019,5,7,4,3,5,2,1,1,1,0,0,0,0,1
5875,195178,11,6,6030504,Teltower Damm,2019,5,7,4,3,5,2,0,1,1,0,0,0,0,1
5876,195179,11,9,9020702,Adlershof Ost,2019,5,7,4,3,5,2,0,0,1,0,0,0,0,1
5877,195180,11,8,8030830,Gropiusstadt Süd,2019,5,8,4,3,5,3,0,0,1,0,1,0,0,1
5878,195181,11,11,11030721,Rüdigerstraße,2019,5,8,4,3,0,1,0,1,1,0,0,0,0,1
5879,195182,11,4,4010102,Plötzensee,2019,5,8,4,3,2,3,0,0,1,0,1,0,0,1
5880,195183,11,1,1011105,Nördlicher Landwehrkanal,2019,5,8,4,3,1,5,0,1,1,0,0,0,0,1
5881,195184,11,1,1044202,Sparrplatz,2019,5,9,4,3,5,2,0,0,1,0,0,0,0,1
5882,195185,11,8,8010118,Silbersteinstraße,2019,5,11,4,3,2,6,0,0,1,0,0,0,0,1
5883,195186,11,4,4051549,Rathaus Wilmersdorf,2019,5,12,4,3,5,3,0,1,1,0,0,0,0,1
5884,195187,11,2,2030302,Lausitzer Platz,2019,5,13,4,3,5,3,0,0,1,0,0,0,0,1
5885,195188,11,9,9020501,Oberschöneweide West,2019,5,13,4,3,3,6,0,0,0,0,1,0,1,0
5886,195189,11,8,8010117,Schillerpromenade,2019,5,13,4,3,0,2,0,1,0,0,0,1,0,0
5887,195190,11,11,11051330,Karlshorst West,2019,5,14,4,3,5,3,0,0,1,0,0,0,1,1
5888,195191,11,3,3020307,Buchholz,2019,5,14,4,3,5,3,0,1,1,0,0,0,0,1
5889,195192,11,7,7040406,Germaniagarten,2019,5,15,4,3,2,6,0,1,1,0,0,0,0,1
5890,195193,11,4,4020206,Angerburger Allee,2019,5,15,4,3,5,3,0,0,0,0,0,0,1,1
5891,195194,11,3,3030711,Blankenburg,2019,5,15,4,3,5,2,0,1,1,0,0,0,0,0
5892,195195,11,2,2040502,Friedenstraße,2019,5,15,4,3,2,7,0,1,1,0,0,0,0,1
5893,195196,11,5,5030832,Rohrdamm,2019,5,17,4,3,2,6,0,0,0,0,0,0,1,0
5894,195197,11,9,9051702,Bölschestraße,2019,5,15,3,3,0,7,0,0,0,0,1,1,0,0
5895,195198,11,2,2050601,Hausburgviertel,2019,5,5,3,3,5,2,0,1,0,0,0,0,1,0
5896,195199,11,7,7040404,Marienhöhe,2019,5,8,3,3,5,7,0,0,1,0,1,0,0,0
5897,195200,11,4,4020314,Messegelände,2019,5,17,3,3,5,3,0,0,1,0,0,0,0,0
5898,195201,11,3,3040513,Schönholz,2019,5,17,3,3,2,2,0,1,1,0,0,0,0,0
5899,195202,11,9,9041501,Altstadt Kietz,2019,5,13,3,3,6,4,0,0,1,1,0,0,0,0
5900,195203,11,3,3050923,Weißenseer Spitze,2019,5,14,3,3,5,3,0,1,1,0,0,0,0,0
5901,195204,11,12,12214125,Waldidyll/Flughafensee,2019,5,16,3,3,2,6,0,0,1,0,1,0,0,0
5902,195205,11,4,4020310,Park Ruhwald,2019,5,15,3,3,2,6,0,0,1,0,0,0,0,0
5903,195206,11,1,1022104,Emdener Straße,2019,5,14,3,3,5,3,0,1,1,0,0,0,0,0
5904,195207,11,1,1022206,Lüneburger Straße,2019,5,14,3,3,6,4,0,0,0,1,0,1,0,0
5905,195208,11,3,3061126,Arnimplatz,2019,5,16,4,2,5,2,0,1,0,0,0,0,1,0
5906,195209,11,9,9020501,Oberschöneweide West,2019,5,16,3,3,5,2,0,1,1,0,0,0,0,0
5907,195210,11,6,6040807,Zehlendorf Eiche,2019,5,17,4,3,2,2,0,0,1,0,0,0,0,0
5908,195211,11,1,1011303,Alexanderplatzviertel,2019,5,17,3,3,6,4,0,0,1,1,0,0,0,0
5909,195212,11,4,4030518,Tegeler Weg,2019,5,16,4,3,0,7,0,0,1,0,1,0,0,0
5910,195213,11,4,4051652,Nikolsburger Platz,2019,5,18,3,3,0,7,0,0,1,0,1,0,0,1
5911,195214,11,9,9020701,Adlershof West,2019,5,16,4,2,4,6,0,1,0,0,0,0,0,0
5912,195215,11,2,2020202,Rathaus Yorckstraße,2019,5,19,3,3,5,3,0,1,0,0,0,0,0,0
5913,195216,11,11,11030618,Fennpfuhl West,2019,5,13,4,2,1,5,0,1,1,0,0,0,0,0
5914,195217,11,9,9020701,Adlershof West,2019,5,19,3,3,5,2,0,1,1,0,0,0,0,0
5915,195218,11,2,2050801,Traveplatz,2019,5,17,4,3,0,1,0,1,0,0,0,0,0,0
5916,195219,11,11,11030720,Herzbergstraße,2019,5,0,3,3,2,6,2,0,0,0,1,0,1,0
5917,195220,11,8,8010302,Bouchéstraße,2019,5,19,3,3,2,1,0,1,1,0,1,0,0,0
5918,195221,11,8,8041038,Waßmannsdorfer Chaussee,2019,5,14,4,3,5,2,0,0,1,0,1,0,0,0
5919,195222,11,1,1011301,Charitéviertel,2019,5,13,3,3,2,6,0,0,1,0,0,0,1,0
5920,195223,11,1,1022106,Elberfelder Straße,2019,5,14,4,3,6,2,0,0,1,1,0,0,0,0
5921,195224,11,1,1033203,Humboldthain Nordwest,2019,5,19,3,3,0,6,1,0,1,0,0,0,1,0
5922,195225,11,3,3050923,Weißenseer Spitze,2019,5,11,3,3,6,4,0,0,1,1,0,0,0,0
5923,195226,11,11,11030721,Rüdigerstraße,2019,5,14,4,3,2,6,0,0,0,0,0,1,1,0
5924,195227,11,7,7070703,John-Locke-Straße,2019,5,11,3,3,1,5,0,0,1,0,0,0,1,0
5925,195228,11,3,3020307,Buchholz,2019,5,16,4,3,5,2,0,1,1,0,0,0,0,0
5926,195229,11,7,7010102,Nollendorfplatz,2019,5,10,3,2,1,5,0,1,0,0,0,0,1,0
5927,195230,11,11,11030721,Rüdigerstraße,2019,5,15,4,3,1,5,0,0,1,0,0,0,1,0
5928,195231,11,4,4030931,Breitscheidplatz,2019,5,11,3,3,1,7,0,0,1,0,0,0,0,0
5929,195232,11,6,6010102,Schloßstraße,2019,5,15,4,3,1,5,0,1,1,0,0,0,0,0
5930,195233,11,7,7040403,Manteuffelstraße,2019,5,10,3,3,5,3,0,1,1,0,0,0,0,0
5931,195234,11,4,4051654,Wilhelmsaue,2019,5,10,3,3,0,4,0,1,0,1,0,0,0,0
5932,195235,11,4,4041343,Binger Straße,2019,5,15,4,3,5,3,0,0,1,0,0,0,0,0
5933,195236,11,8,8010117,Schillerpromenade,2019,5,15,4,3,5,3,0,1,1,0,0,0,0,0
5934,195237,11,1,1022204,Thomasiusstraße,2019,5,10,3,3,1,5,0,1,1,0,0,0,0,0
5935,195238,11,8,8041036,Zittauer Straße,2019,5,17,4,3,5,3,0,0,1,0,0,0,0,0
5936,195239,11,1,1044202,Sparrplatz,2019,5,9,3,3,5,2,0,0,1,0,0,0,1,0
5937,195240,11,7,7040406,Germaniagarten,2019,5,15,4,3,6,4,0,0,1,1,0,0,0,0
5938,195241,11,1,1044203,Leopoldplatz,2019,5,9,3,3,3,6,0,0,1,0,0,0,0,0
5939,195242,11,1,1022206,Lüneburger Straße,2019,5,9,3,3,5,2,0,0,1,0,0,0,1,0
5940,195243,11,12,12214125,Waldidyll/Flughafensee,2019,5,15,4,3,0,3,0,0,1,0,0,0,0,0
5941,195244,11,3,3040614,Pankow Zentrum,2019,5,15,4,3,0,2,0,1,1,0,0,0,0,0
5942,195245,11,1,1011303,Alexanderplatzviertel,2019,5,9,3,3,5,2,0,1,1,0,0,0,0,0
5943,195246,11,3,3061126,Arnimplatz,2019,5,8,3,3,2,6,0,0,1,0,0,0,1,0
5944,195247,11,6,6010102,Schloßstraße,2019,5,16,4,3,2,3,0,0,1,0,0,0,0,0
5945,195248,11,4,4031032,Halensee,2019,5,8,3,3,5,2,0,1,1,0,0,0,0,0
5946,195249,11,11,11020412,Hauptstraße,2019,5,16,4,3,5,2,0,1,1,0,0,0,0,0
5947,195250,11,2,2020206,Graefekiez,2019,5,8,3,3,5,2,0,1,0,0,0,0,1,0
5948,195251,11,4,4051551,Brabanter Platz,2019,5,8,3,3,5,2,0,0,1,0,0,0,0,0
5949,195252,11,6,6040703,Nikolassee,2019,5,15,4,3,5,3,0,0,1,0,1,0,0,0
5950,195253,11,9,9010401,Johannisthal West,2019,5,7,3,3,5,2,0,0,1,0,0,0,0,0
5951,195254,11,5,5020627,Tiefwerder,2019,5,15,4,2,5,2,0,0,1,0,0,0,1,0
5952,195255,11,4,4020313,Königin-Elisabeth-Straße,2019,5,8,3,3,0,3,0,0,1,0,1,0,0,0
5953,195256,11,4,4030417,Schloßstraße,2019,5,7,4,3,2,6,0,1,0,0,0,0,0,0
5954,195257,11,9,9020702,Adlershof Ost,2019,5,7,3,2,2,6,0,0,1,0,1,0,0,0
5955,195258,11,1,1033201,Brunnenstraße,2019,5,23,4,3,0,1,2,0,1,0,1,0,0,0
5956,195259,11,5,5020521,Döberitzer Weg,2019,5,7,3,3,2,6,0,0,1,0,0,0,0,0
5957,195260,11,9,9020502,Oberschöneweide Ost,2019,5,6,3,3,5,3,0,0,1,0,0,0,0,1
5958,195261,11,6,6030607,Goerzwerke,2019,5,7,4,3,2,6,0,0,1,0,0,0,0,0
5959,195262,11,1,1011304,Karl-Marx-Allee,2019,5,7,4,3,2,3,0,1,1,0,0,0,0,0
5960,195263,11,10,10020413,Gut Hellersdorf,2019,5,22,3,3,5,2,2,0,1,0,0,0,1,1
5961,195264,11,6,6040805,Fischerhüttenstraße,2019,5,8,3,3,0,7,0,1,0,0,0,0,0,0
5962,195265,11,7,7070703,John-Locke-Straße,2019,5,7,4,3,5,3,0,1,1,0,0,0,0,0
5963,195266,11,4,4030725,Amtsgerichtsplatz,2019,5,17,2,3,2,6,0,0,1,0,0,0,0,1
5964,195267,11,3,3061430,Volkspark Prenzlauer Berg,2019,5,8,4,3,5,2,0,1,1,0,0,0,0,0
5965,195268,11,6,6010205,Südende,2019,5,19,2,3,5,3,0,1,1,0,0,0,0,1
5966,195269,11,1,1033101,Soldiner Straße,2019,5,8,4,3,6,2,0,0,1,1,0,0,0,0
5967,195270,11,8,8010404,Rixdorf,2019,5,18,2,3,6,4,0,0,1,1,0,0,0,1
5968,195271,11,1,1011301,Charitéviertel,2019,5,9,4,3,2,6,0,1,1,0,0,0,0,0
5969,195272,11,11,11030619,Fennpfuhl Ost,2019,5,18,2,3,0,1,0,0,1,0,1,0,0,1
5970,195273,11,1,1011102,Großer Tiergarten,2019,5,9,4,2,5,2,0,1,1,0,0,0,0,0
5971,195274,11,10,10020416,Böhlener Straße,2019,5,18,2,3,5,7,0,0,1,0,0,0,0,1
5972,195275,11,2,2020206,Graefekiez,2019,5,7,4,3,5,3,0,0,1,0,0,0,0,0
5973,195276,11,4,4041137,Flinsberger Platz,2019,5,18,2,3,5,2,0,0,1,0,0,0,0,1
5974,195277,11,1,1033201,Brunnenstraße,2019,5,17,2,3,5,2,0,1,1,0,0,0,0,1
5975,195278,11,4,4010101,Jungfernheide,2019,5,18,3,3,2,6,0,0,1,0,0,0,0,0
5976,195279,11,4,4041134,Bismarckallee,2019,5,17,2,3,5,3,0,1,1,0,0,0,0,1
5977,195280,11,4,4041136,Hagenplatz,2019,5,17,3,3,7,7,0,1,0,0,0,0,0,0
5978,195281,11,1,1011402,Arkonaplatz,2019,5,18,2,3,1,5,0,1,1,0,0,0,0,1
5979,195282,11,6,6020409,Königsberger Straße,2019,5,11,3,3,5,3,0,0,1,0,0,0,0,0
5980,195283,11,6,6020409,Königsberger Straße,2019,5,17,2,3,5,3,0,0,1,0,0,0,0,1
5981,195284,11,12,12214527,Alt-Tegel,2019,5,8,3,3,1,5,0,1,1,0,0,0,0,0
5982,195285,11,9,9041501,Altstadt Kietz,2019,5,19,2,3,0,1,0,1,0,0,0,0,0,1
5983,195286,11,2,2010102,Mehringplatz,2019,5,17,2,3,6,7,0,0,1,1,0,0,0,1
5984,195287,11,12,12302107,Schorfheidestraße,2019,5,8,3,3,1,5,0,0,1,0,0,0,0,0
5985,195288,11,9,9041501,Altstadt Kietz,2019,5,7,3,3,6,4,0,1,0,1,0,0,0,0
5986,195289,11,3,3050923,Weißenseer Spitze,2019,5,16,2,2,5,3,0,1,1,0,0,0,0,1
5987,195290,11,1,1011402,Arkonaplatz,2019,5,16,2,3,0,1,0,1,0,0,0,0,0,1
5988,195291,11,7,7020203,Kaiser-Wilhelm-Platz,2019,5,7,3,3,6,4,0,0,1,1,0,0,0,0
5989,195292,11,4,4030726,Droysenstraße,2019,5,11,2,3,3,6,0,0,1,0,0,0,0,0
5990,195293,11,8,8030830,Gropiusstadt Süd,2019,5,8,3,3,2,6,0,0,1,0,0,0,0,0
5991,195294,11,1,1011204,Leipziger Straße,2019,5,14,2,3,2,2,0,0,1,0,0,0,0,0
5992,195295,11,7,7030301,Friedenau,2019,5,14,2,3,5,2,0,1,1,0,0,0,0,0
5993,195296,11,1,1011105,Nördlicher Landwehrkanal,2019,5,9,3,3,3,6,0,1,1,0,0,0,0,0
5994,195297,11,12,12304313,Borsigwalde,2019,5,12,2,3,6,7,0,1,0,1,0,0,0,0
5995,195298,11,2,2010104,Wassertorplatz,2019,5,12,2,3,2,6,0,0,1,0,0,0,0,0
5996,195299,11,9,9010301,Baumschulenstraße,2019,5,7,3,2,5,2,0,1,0,0,0,1,0,0
5997,195300,11,11,11030721,Rüdigerstraße,2019,5,14,2,2,6,4,0,0,1,1,0,0,0,0
5998,195301,11,9,9051901,Dammvorstadt,2019,5,12,2,2,2,6,0,0,1,0,0,1,1,0
5999,195302,11,8,8010404,Rixdorf,2019,5,6,3,3,5,3,0,0,1,0,0,0,0,0
6000,195303,11,4,4020207,Flatowallee,2019,5,16,2,3,2,7,0,0,1,0,0,1,0,0
6001,195304,11,4,4010101,Jungfernheide,2019,5,6,3,3,1,5,0,0,1,0,1,0,0,0
6002,195305,11,8,8020727,Buckow Mitte,2019,5,11,2,3,5,2,0,0,1,0,0,0,0,0
6003,195306,11,9,9031101,Grünau,2019,5,0,3,3,9,1,2,0,0,0,1,0,0,0
6004,195307,11,5,5030832,Rohrdamm,2019,5,13,2,3,0,1,0,1,0,0,0,0,0,0
6005,195308,11,1,1022206,Lüneburger Straße,2019,5,15,3,3,2,6,0,0,1,0,1,0,0,0
6006,195309,11,5,5010314,Carl-Schurz-Straße,2019,5,9,2,3,3,6,0,0,1,0,0,0,1,0
6007,195310,11,11,11030720,Herzbergstraße,2019,5,7,2,2,0,1,0,1,0,0,0,0,0,0
6008,195311,11,1,1011306,Heine-Viertel Ost,2019,5,15,3,3,3,2,0,1,1,0,0,0,0,0
6009,195312,11,2,2020206,Graefekiez,2019,5,15,3,3,1,5,0,1,0,0,0,0,1,0
6010,195313,11,8,8010404,Rixdorf,2019,5,7,2,3,2,7,0,0,1,0,0,0,1,0
6011,195314,11,12,12214527,Alt-Tegel,2019,5,11,2,3,3,6,0,1,0,0,0,0,0,0
6012,195315,11,7,7020204,Schöneberger Insel,2019,5,15,3,3,2,7,0,0,1,0,0,0,0,0
6013,195316,11,8,8041037,Alt-Rudow,2019,5,10,2,3,6,2,0,0,1,1,0,0,0,0
6014,195317,11,3,3010101,Bucher Forst,2019,5,14,3,3,5,2,0,1,1,0,0,0,0,0
6015,195318,11,12,12214125,Waldidyll/Flughafensee,2019,5,10,2,3,1,7,0,1,1,0,0,0,0,0
6016,195319,11,12,12231101,Hermsdorf,2019,5,14,3,3,5,3,0,0,1,0,1,0,0,0
6017,195320,11,4,4051448,Schaperstraße,2019,5,10,2,3,5,3,0,1,1,0,0,0,0,0
6018,195321,11,1,1033102,Gesundbrunnen,2019,5,13,3,3,5,7,0,0,1,0,0,0,0,0
6019,195322,11,2,2040501,Barnimkiez,2019,5,9,2,3,1,5,0,1,1,0,0,0,0,0
6020,195323,11,9,9041402,Siedlung Kämmereiheide,2019,5,11,2,3,5,3,0,1,1,0,0,0,0,0
6021,195324,11,3,3010102,Buch,2019,5,13,3,2,4,6,0,0,1,0,0,0,0,0
6022,195325,11,1,1044101,Rehberge,2019,5,16,3,3,5,7,2,1,0,0,1,0,0,0
6023,195326,11,2,2020204,Urbanstraße,2019,5,12,1,3,2,6,0,0,1,0,0,0,0,0
6024,195327,11,9,9030901,Dorf Altglienicke,2019,5,16,3,2,5,3,0,1,1,0,0,0,0,0
6025,195328,11,1,1044203,Leopoldplatz,2019,6,16,5,3,2,6,0,0,1,0,0,1,0,1
6026,195329,11,7,7050501,Rathausstraße,2019,6,16,5,2,0,2,0,1,1,0,0,0,0,1
6027,195330,11,8,8020619,Buschkrugallee Nord,2019,6,16,5,3,5,2,0,1,0,0,0,0,1,0
6028,195331,11,4,4030828,Savignyplatz,2019,6,16,5,3,5,2,0,1,1,0,0,0,0,1
6029,195332,11,2,2020203,Viktoriapark,2019,6,9,5,3,5,2,0,1,1,0,0,0,0,0
6030,195333,11,1,1022103,Westhafen,2019,6,13,5,3,5,2,0,1,1,0,0,0,0,0
6031,195334,11,11,11030721,Rüdigerstraße,2019,6,15,5,3,5,3,0,0,1,0,0,0,0,1
6032,195335,11,4,4051655,Babelsberger Straße,2019,6,8,5,3,0,7,0,0,1,0,0,0,1,0
6033,195336,11,4,4030725,Amtsgerichtsplatz,2019,6,8,5,3,5,3,0,0,1,0,0,0,0,0
6034,195337,11,4,4051446,Preußenpark,2019,6,8,5,3,5,3,0,1,1,0,0,0,0,0
6035,195338,11,4,4010103,Paul-Hertz-Siedlung,2019,6,7,5,3,2,6,0,0,1,0,0,0,0,0
6036,195339,11,10,10020623,Rotes Viertel,2019,6,7,5,3,5,3,0,1,1,0,0,0,0,0
6037,195340,11,8,8041038,Waßmannsdorfer Chaussee,2019,6,7,5,3,5,2,0,1,0,0,0,0,0,0
6038,195341,11,10,10020622,Kaulsdorf Nord I,2019,6,6,5,3,1,5,0,0,1,0,0,0,0,0
6039,195342,11,7,7020203,Kaiser-Wilhelm-Platz,2019,6,23,4,3,7,7,2,1,0,0,0,0,0,0
6040,195343,11,4,4010103,Paul-Hertz-Siedlung,2019,6,16,4,3,4,6,0,1,1,0,0,0,0,0
6041,195344,11,12,12231102,Frohnau,2019,6,19,4,3,5,2,0,0,1,0,1,0,0,0
6042,195345,11,4,4041137,Flinsberger Platz,2019,6,18,4,3,2,6,0,0,1,0,0,0,0,0
6043,195346,11,2,2020202,Rathaus Yorckstraße,2019,6,18,4,3,5,3,0,1,1,0,0,0,0,0
6044,195347,11,4,4030725,Amtsgerichtsplatz,2019,6,23,4,3,1,5,2,0,1,0,1,0,0,0
6045,195348,11,2,2020203,Viktoriapark,2019,6,22,4,3,5,3,2,1,1,0,0,0,0,0
6046,195349,11,1,1044201,Reinickendorfer Straße,2019,6,22,4,2,2,6,2,0,1,0,0,0,0,0
6047,195350,11,2,2030302,Lausitzer Platz,2019,6,18,4,3,3,6,0,1,1,0,0,0,0,0
6048,195351,11,9,9020702,Adlershof Ost,2019,6,18,4,3,5,3,0,1,1,0,0,0,0,0
6049,195352,11,6,6030610,Lichterfelde West,2019,6,18,4,3,0,7,0,1,0,0,0,0,0,0
6050,195353,11,3,3061429,Greifswalder Straße,2019,6,18,4,3,5,3,0,1,0,0,1,0,0,0
6051,195354,11,12,12103218,Teichstraße,2019,6,16,4,3,5,2,0,0,1,0,0,0,0,0
6052,195355,11,1,1022106,Elberfelder Straße,2019,6,16,4,3,5,2,0,1,1,0,0,0,0,0
6053,195356,11,1,1033202,Humboldthain Süd,2019,6,15,4,3,0,1,0,0,0,0,1,0,0,0
6054,195357,11,4,4010102,Plötzensee,2019,6,22,4,3,5,2,2,0,1,0,0,0,0,0
6055,195358,11,2,2020204,Urbanstraße,2019,6,20,4,3,5,2,0,1,0,1,0,0,0,0
6056,195359,11,4,4030417,Schloßstraße,2019,6,15,4,3,5,3,0,1,0,0,0,0,1,0
6057,195360,11,11,11040926,Weitlingstraße,2019,6,14,4,3,5,3,0,1,1,0,0,0,0,0
6058,195361,11,3,3020210,Herthaplatz,2019,6,14,4,3,5,3,0,0,1,0,0,0,1,0
6059,195362,11,10,10010310,Alt-Marzahn,2019,6,14,4,2,6,4,0,1,0,1,0,0,0,0
6060,195363,11,2,2050602,Samariterviertel,2019,6,13,4,3,5,2,0,0,1,0,0,0,0,0
6061,195364,11,8,8041037,Alt-Rudow,2019,6,13,4,3,5,3,0,1,1,0,0,0,0,0
6062,195365,11,3,3061332,Helmholtzplatz,2019,6,13,4,3,1,7,0,0,0,0,1,0,0,0
6063,195366,11,9,9051901,Dammvorstadt,2019,6,13,4,2,6,4,0,0,1,1,0,0,0,0
6064,195367,11,3,3030406,Alt-Karow,2019,6,8,4,3,0,1,0,0,0,0,1,0,0,0
6065,195368,11,11,11040926,Weitlingstraße,2019,6,10,4,3,0,2,0,1,1,0,0,0,0,0
6066,195369,11,3,3071536,Teutoburger Platz,2019,6,10,4,3,2,7,0,0,0,0,1,1,0,0
6067,195370,11,6,6020304,Kaiser-Wilhelm-Straße,2019,6,13,4,3,5,3,0,1,1,0,0,0,0,0
6068,195371,11,4,4010102,Plötzensee,2019,6,10,4,3,2,6,0,0,1,0,1,0,0,0
6069,195372,11,11,11020411,Malchower Weg,2019,6,8,4,2,0,1,0,1,0,0,0,0,0,0
6070,195373,11,5,5010312,Kurstraße,2019,6,12,4,3,2,2,0,0,1,0,0,0,1,0
6071,195374,11,3,3040614,Pankow Zentrum,2019,6,9,4,3,5,2,0,1,1,0,0,0,0,0
6072,195375,11,7,7040402,Lindenhofsiedlung,2019,6,11,4,3,5,2,0,1,1,0,0,0,0,0
6073,195376,11,8,8010115,Hasenheide,2019,6,8,4,3,5,2,0,1,1,0,0,0,0,0
6074,195377,11,8,8020622,Parchimer Allee,2019,6,8,4,3,5,2,0,1,1,0,0,0,0,0
6075,195378,11,9,9052001,Köpenick Nord,2019,6,7,4,3,5,7,0,0,1,0,1,0,0,0
6076,195379,11,3,3061227,Humannplatz,2019,6,7,4,2,5,3,0,1,1,0,0,0,0,0
6077,195380,11,1,1011301,Charitéviertel,2019,6,2,4,2,0,7,2,0,1,0,0,0,1,0
6078,195381,11,2,2020203,Viktoriapark,2019,6,8,3,3,3,6,0,0,1,0,1,0,0,0
6079,195382,11,4,4030827,Karl-August-Platz,2019,6,14,3,3,0,7,0,0,1,0,0,0,0,0
6080,195383,11,1,1011402,Arkonaplatz,2019,6,13,3,3,0,3,0,1,0,0,0,0,1,0
6081,195384,11,1,1022104,Emdener Straße,2019,6,8,3,3,6,4,0,0,1,1,0,0,0,0
6082,195385,11,1,1011202,Unter den Linden Nord,2019,6,16,3,3,2,2,0,1,1,0,0,0,0,0
6083,195386,11,12,12301203,Wittenau Süd,2019,6,16,3,3,5,2,0,1,1,0,0,0,0,0
6084,195387,11,2,2030401,Reichenberger Straße,2019,6,16,3,3,5,2,0,1,1,0,0,0,0,0
6085,195388,11,7,7040401,Neu-Tempelhof,2019,6,15,3,3,0,2,0,1,1,0,0,0,0,0
6086,195389,11,11,11030720,Herzbergstraße,2019,6,15,3,3,2,6,0,0,1,0,0,0,0,0
6087,195390,11,3,3061227,Humannplatz,2019,6,14,3,3,5,7,0,1,1,0,0,0,0,0
6088,195391,11,5,5020419,Magistratsweg,2019,6,14,3,3,0,6,0,1,0,0,0,0,0,0
6089,195392,11,9,9020501,Oberschöneweide West,2019,6,13,3,3,5,2,0,0,0,0,1,0,1,0
6090,195393,11,6,6020305,Gemeindepark Lankwitz,2019,6,18,3,3,6,4,0,0,1,1,0,0,0,0
6091,195394,11,4,4030929,Hindemithplatz,2019,6,12,3,3,3,6,0,0,1,0,1,0,0,0
6092,195395,11,7,7050503,Eisenacher Straße,2019,6,12,3,3,6,7,0,0,1,1,0,0,0,0
6093,195396,11,5,5020625,Borkumer Straße,2019,6,11,3,3,2,2,0,0,1,0,0,0,0,0
6094,195397,11,1,1011105,Nördlicher Landwehrkanal,2019,6,11,3,3,5,2,0,1,1,0,0,0,0,0
6095,195398,11,9,9041301,Kietzer Feld/Nachtheide,2019,6,11,3,3,3,6,0,1,0,0,0,0,0,0
6096,195399,11,11,11041022,Rosenfelder Ring,2019,6,13,3,2,5,3,0,1,1,0,0,0,0,0
6097,195400,11,4,4030622,Richard-Wagner-Straße,2019,6,11,3,2,2,7,0,1,1,0,0,0,0,0