,object id,city,district,sub district key,street,year,month,hour of day,weekday,category,accident type,accident type 2,light situation,bike involved,car involved,pedestrian involved,motor bike involved,big track involved,other vehicle involved,road condition
6098,195401,11,1,1044201,Reinickendorfer Straße,2019,6,11,3,3,2,2,0,0,1,0,0,0,0,0
6099,195402,11,1,1033201,Brunnenstraße,2019,6,10,3,3,3,6,0,0,1,0,1,0,0,0
6100,195403,11,4,4010102,Plötzensee,2019,6,10,3,3,5,2,0,0,1,0,0,0,0,0
6101,195404,11,8,8041037,Alt-Rudow,2019,6,10,3,3,5,3,0,0,1,0,0,0,0,0
6102,195405,11,4,4030518,Tegeler Weg,2019,6,9,3,3,5,3,0,1,1,0,0,0,0,0
6103,195406,11,2,2020202,Rathaus Yorckstraße,2019,6,23,3,2,5,2,2,1,1,0,0,0,0,0
6104,195407,11,1,1022104,Emdener Straße,2019,6,20,3,3,2,6,0,0,1,0,0,0,0,0
6105,195408,11,2,2010102,Mehringplatz,2019,6,8,3,3,5,3,0,1,1,0,0,0,0,0
6106,195409,11,8,8010213,Körnerpark,2019,6,9,3,3,1,5,0,1,1,0,0,0,0,0
6107,195410,11,3,3061430,Volkspark Prenzlauer Berg,2019,6,9,3,3,2,6,0,0,1,0,1,0,0,0
6108,195411,11,5,5020524,Weinmeisterhornweg,2019,6,7,3,3,0,1,0,1,0,0,0,0,0,0
6109,195412,11,11,11020514,Große-Leege-Straße,2019,6,8,3,3,5,3,0,1,1,0,0,0,0,0
6110,195413,11,6,6020302,Komponistenviertel Lankwitz,2019,6,20,3,3,6,7,0,1,0,1,0,0,0,0
6111,195414,11,10,10020413,Gut Hellersdorf,2019,6,19,3,2,6,4,0,0,1,1,0,0,0,0
6112,195415,11,12,12214422,Klixstraße,2019,6,8,3,2,5,2,0,1,1,0,0,0,0,0
6113,195416,11,3,3061430,Volkspark Prenzlauer Berg,2019,6,19,3,3,5,2,0,1,1,0,0,0,0,0
6114,195417,11,7,7040406,Germaniagarten,2019,6,8,3,3,3,6,0,0,1,0,0,1,0,0
6115,195418,11,8,8030831,Gropiusstadt Ost,2019,6,19,3,3,6,2,0,0,1,1,0,0,0,0
6116,195419,11,4,4051448,Schaperstraße,2019,6,19,3,3,1,5,0,1,1,0,0,0,1,0
6117,195420,11,3,3020209,Niederschönhausen,2019,6,8,3,3,5,3,0,1,1,0,0,0,0,0
6118,195421,11,12,12214422,Klixstraße,2019,6,7,3,3,2,6,0,0,1,0,0,0,0,0
6119,195422,11,4,4030828,Savignyplatz,2019,6,7,3,3,5,3,0,0,1,0,0,0,1,0
6120,195423,11,2,2020206,Graefekiez,2019,6,18,3,3,3,6,0,1,1,0,0,0,0,0
6121,195424,11,4,4030518,Tegeler Weg,2019,6,18,3,2,5,2,0,0,1,0,1,0,0,0
6122,195425,11,12,12214125,Waldidyll/Flughafensee,2019,6,18,3,3,2,6,0,0,1,0,0,0,0,0
6123,195426,11,2,2020203,Viktoriapark,2019,6,7,3,3,1,1,0,0,1,0,1,0,0,0
6124,195427,11,11,11020515,Landsberger Allee,2019,6,4,3,3,5,3,1,0,1,0,0,0,0,0
6125,195428,11,9,9020502,Oberschöneweide Ost,2019,6,17,3,3,1,5,0,1,1,0,0,0,0,0
6126,195429,11,9,9051901,Dammvorstadt,2019,6,4,3,3,0,1,1,1,0,0,0,0,0,0
6127,195430,11,1,1011101,Stülerstraße,2019,6,17,3,3,5,3,0,0,1,0,0,0,1,0
6128,195431,11,10,10010308,Marzahner Chaussee,2019,6,17,3,3,0,2,0,1,1,0,0,0,0,0
6129,195432,11,9,9030901,Dorf Altglienicke,2019,6,12,2,3,2,6,0,0,1,0,1,0,0,0
6130,195433,11,2,2010102,Mehringplatz,2019,6,18,2,3,1,5,0,1,1,0,0,0,0,0
6131,195434,11,11,11020411,Malchower Weg,2019,6,12,2,3,5,3,0,1,0,0,0,0,0,0
6132,195435,11,6,6030610,Lichterfelde West,2019,6,12,2,3,6,7,0,1,0,1,0,0,0,0
6133,195436,11,11,11020411,Malchower Weg,2019,6,22,2,3,8,1,2,0,1,0,0,0,0,1
6134,195437,11,8,8010509,Schulenburgpark,2019,6,22,2,3,0,3,2,1,1,0,0,0,0,1
6135,195438,11,1,1022206,Lüneburger Straße,2019,6,21,2,3,5,3,0,0,1,0,0,0,0,0
6136,195439,11,7,7040403,Manteuffelstraße,2019,6,20,2,3,5,2,0,0,1,0,0,0,1,0
6137,195440,11,9,9020501,Oberschöneweide West,2019,6,20,2,3,5,2,0,1,1,0,0,0,0,0
6138,195441,11,8,8010213,Körnerpark,2019,6,19,2,3,0,3,0,1,1,0,0,0,0,1
6139,195442,11,10,10040933,Mahlsdorf Süd,2019,6,20,2,3,5,3,0,0,1,0,0,0,1,1
6140,195443,11,3,3061227,Humannplatz,2019,6,20,2,3,5,3,1,1,1,0,0,0,0,1
6141,195444,11,9,9020702,Adlershof Ost,2019,6,19,2,2,0,1,0,1,0,0,0,0,0,1
6142,195445,11,9,9031001,Bohnsdorf,2019,6,20,2,2,1,7,1,0,1,0,0,0,0,1
6143,195446,11,7,7040405,Rathaus Tempelhof,2019,6,19,2,3,8,1,0,0,1,0,0,0,0,1
6144,195447,11,1,1044101,Rehberge,2019,6,18,2,3,2,2,0,1,1,0,0,0,0,0
6145,195448,11,4,4030621,Spreestadt,2019,6,18,2,3,2,6,0,0,1,0,0,0,0,0
6146,195449,11,2,2050802,Boxhagener Platz,2019,6,18,2,2,5,2,0,1,1,0,0,0,0,0
6147,195450,11,4,4031032,Halensee,2019,6,18,2,3,1,5,0,1,1,0,0,0,0,0
6148,195451,11,4,4051652,Nikolsburger Platz,2019,6,17,2,3,2,6,0,0,1,0,0,0,0,0
6149,195452,11,6,6030503,Zehlendorf Mitte,2019,6,15,2,3,3,6,0,0,1,0,1,0,0,0
6150,195453,11,7,7040405,Rathaus Tempelhof,2019,6,17,2,3,5,3,0,0,1,0,0,0,0,0
6151,195454,11,10,10040931,Mahlsdorf Nord,2019,6,17,2,3,5,3,0,1,1,0,0,0,0,0
6152,195455,11,9,9010301,Baumschulenstraße,2019,6,22,2,3,5,2,2,1,1,0,0,0,0,1
6153,195456,11,3,3020307,Buchholz,2019,6,15,2,3,5,3,0,1,0,0,0,0,0,0
6154,195457,11,6,6010102,Schloßstraße,2019,6,14,2,3,5,3,0,1,1,0,0,0,0,0
6155,195458,11,1,1011104,Körnerstraße,2019,6,14,2,3,0,2,0,0,1,0,0,0,1,0
6156,195459,11,2,2020206,Graefekiez,2019,6,14,2,3,2,6,0,0,1,0,0,0,0,0
6157,195460,11,3,3030715,Heinersdorf,2019,6,13,2,3,2,6,0,0,1,0,0,1,0,0
6158,195461,11,5,5010209,An der Kappe,2019,6,12,2,3,1,5,0,1,0,0,0,0,1,0
6159,195462,11,8,8020619,Buschkrugallee Nord,2019,6,11,2,3,5,7,0,0,1,0,0,0,0,0
6160,195463,11,1,1044203,Leopoldplatz,2019,6,12,2,3,2,6,0,0,1,0,0,0,0,0
6161,195464,11,1,1011302,Oranienburger Straße,2019,6,0,2,3,5,2,2,1,1,0,0,0,0,0
6162,195465,11,4,4030929,Hindemithplatz,2019,6,12,2,3,5,7,0,0,1,0,1,0,0,0
6163,195466,11,1,1011402,Arkonaplatz,2019,6,11,2,3,6,4,0,1,0,1,0,0,0,0
6164,195467,11,1,1033102,Gesundbrunnen,2019,6,11,2,2,5,2,0,0,1,0,0,0,0,0
6165,195468,11,9,9041301,Kietzer Feld/Nachtheide,2019,6,16,2,3,5,3,0,0,1,0,1,0,0,0
6166,195469,11,2,2020203,Viktoriapark,2019,6,11,2,3,5,2,0,1,1,0,0,0,0,0
6167,195470,11,1,1044201,Reinickendorfer Straße,2019,6,11,2,3,3,6,0,0,1,0,1,0,0,0
6168,195471,11,10,10030725,Buckower Ring,2019,6,16,2,2,0,5,0,1,1,0,0,0,0,0
6169,195472,11,5,5010101,Hakenfelde Nord,2019,6,10,2,2,5,2,0,0,1,0,1,0,0,0
6170,195473,11,9,9051901,Dammvorstadt,2019,6,16,2,3,5,3,0,1,1,0,0,0,0,0
6171,195474,11,4,4030415,Schloßgarten,2019,6,10,2,3,2,6,0,0,1,0,1,0,0,0
6172,195475,11,8,8030830,Gropiusstadt Süd,2019,6,10,2,3,5,7,0,1,1,0,0,0,0,0
6173,195476,11,3,3061430,Volkspark Prenzlauer Berg,2019,6,15,2,3,0,7,0,0,1,0,0,0,0,0
6174,195477,11,9,9010401,Johannisthal West,2019,6,15,2,3,0,6,0,1,1,0,0,0,0,0
6175,195478,11,2,2040701,Andreasviertel,2019,6,9,2,3,5,3,0,1,1,0,0,0,0,0
6176,195479,11,5,5020626,Adamstraße,2019,6,9,2,3,5,2,0,1,1,0,0,0,0,0
6177,195480,11,2,2020204,Urbanstraße,2019,6,8,2,3,5,2,0,1,1,0,0,0,0,0
6178,195481,11,4,4020310,Park Ruhwald,2019,6,8,2,3,5,2,0,0,1,0,0,0,0,0
6179,195482,11,2,2030301,Oranienplatz,2019,6,7,2,3,2,6,0,0,1,0,0,1,0,0
6180,195483,11,5,5020625,Borkumer Straße,2019,6,15,2,3,6,4,0,0,1,1,0,0,0,0
6181,195484,11,9,9052001,Köpenick Nord,2019,6,7,2,3,5,3,0,0,1,0,0,0,0,0
6182,195485,11,1,1011105,Nördlicher Landwehrkanal,2019,6,6,2,3,5,7,0,0,1,0,0,0,0,0
6183,195486,11,12,12214125,Waldidyll/Flughafensee,2019,6,15,2,3,0,2,0,0,1,0,0,0,1,0
6184,195487,11,1,1011302,Oranienburger Straße,2019,6,6,2,3,2,6,0,0,1,0,0,0,0,0
6185,195488,11,9,9020702,Adlershof Ost,2019,6,6,2,3,0,3,0,1,1,0,0,0,0,0
6186,195489,11,1,1011304,Karl-Marx-Allee,2019,6,15,2,2,2,2,0,0,1,0,0,0,0,0
6187,195490,11,3,3061228,Erich-Weinert-Straße,2019,6,5,2,3,1,5,0,0,1,0,1,0,0,0
6188,195491,11,2,2050601,Hausburgviertel,2019,6,1,2,3,5,2,2,0,1,0,0,0,0,0
6189,195492,11,1,1011401,Invalidenstraße,2019,6,8,2,3,0,1,0,1,0,0,0,0,0,0
6190,195493,11,11,11030720,Herzbergstraße,2019,6,20,2,3,5,2,0,1,1,0,0,0,0,1
6191,195494,11,6,6040810,Dahlem,2019,6,9,2,3,5,2,0,1,0,0,0,0,1,0
6192,195495,11,10,10010203,Gewerbegebiet Bitterfelder Straße,2019,6,17,2,1,1,7,0,0,1,0,0,0,0,0
6193,195496,11,4,4030724,Lietzensee,2019,6,14,1,3,2,6,0,1,0,0,0,0,0,0
6194,195497,11,4,4041238,Kissinger Straße,2019,6,14,1,3,5,3,0,1,1,0,0,0,0,0
6195,195498,11,1,1011401,Invalidenstraße,2019,6,14,1,3,6,7,0,0,1,1,0,0,0,0
6196,195499,11,9,9041501,Altstadt Kietz,2019,6,19,1,3,3,6,0,1,1,0,0,0,0,0
6197,195500,11,1,1044201,Reinickendorfer Straße,2019,6,21,1,3,5,3,0,0,1,0,0,0,0,0
6198,195501,11,11,2050803,Stralauer Kiez,2019,6,20,1,2,4,6,0,0,1,0,1,0,0,0
6199,195502,11,2,2040701,Andreasviertel,2019,6,20,1,3,1,5,0,1,1,0,0,0,1,0
6200,195503,11,4,4010102,Plötzensee,2019,6,17,1,3,0,2,0,1,1,0,0,0,0,0
6201,195504,11,2,2010102,Mehringplatz,2019,6,17,1,2,5,3,0,0,1,0,1,0,0,0
6202,195505,11,10,10040933,Mahlsdorf Süd,2019,6,15,1,2,5,3,0,0,1,0,1,0,0,0
6203,195506,11,7,7010104,Dennewitzplatz,2019,6,16,1,3,5,2,0,1,1,0,0,0,0,0
6204,195507,11,3,3071633,Thälmannpark,2019,6,16,1,3,0,1,0,1,0,0,0,0,0,0
6205,195508,11,11,11051331,Karlshorst Nord,2019,6,14,1,3,5,3,0,0,1,0,0,0,0,0
6206,195509,11,7,7010102,Nollendorfplatz,2019,6,14,1,3,5,3,0,0,1,0,1,0,0,0
6207,195510,11,1,1011101,Stülerstraße,2019,6,14,1,3,5,3,0,0,1,0,0,0,0,0
6208,195511,11,1,1011202,Unter den Linden Nord,2019,6,14,1,3,5,2,0,0,1,0,1,0,0,0
6209,195512,11,11,11051331,Karlshorst Nord,2019,6,14,1,2,5,3,0,1,1,0,0,0,0,0
6210,195513,11,3,3061126,Arnimplatz,2019,6,13,1,3,2,6,0,0,1,0,0,0,0,0
6211,195514,11,11,11051330,Karlshorst West,2019,6,12,6,3,5,2,0,1,1,0,0,0,0,0
6212,195515,11,8,8020619,Buschkrugallee Nord,2019,6,13,1,3,2,6,0,0,1,0,0,0,0,0
6213,195516,11,7,7040403,Manteuffelstraße,2019,6,12,1,2,5,3,0,0,1,0,1,0,0,0
6214,195517,11,1,1033102,Gesundbrunnen,2019,6,12,6,3,5,2,0,1,0,0,0,0,1,0
6215,195518,11,1,1044101,Rehberge,2019,6,1,1,2,5,2,2,0,1,0,0,0,0,0
6216,195519,11,6,6040809,Thielallee,2019,6,17,6,2,5,2,0,1,1,0,0,0,0,0
6217,195520,11,11,11020411,Malchower Weg,2019,6,2,1,3,5,3,2,0,1,0,0,0,0,0
6218,195521,11,8,8020625,Handwerker-Siedlung,2019,6,12,6,3,3,6,0,1,0,0,0,1,0,0
6219,195522,11,12,12301203,Wittenau Süd,2019,6,10,1,3,4,5,0,0,1,0,0,0,0,0
6220,195523,11,12,12301203,Wittenau Süd,2019,6,7,6,2,5,2,0,1,0,0,0,1,0,0
6221,195524,11,1,1044202,Sparrplatz,2019,6,10,1,3,5,2,0,0,1,0,0,0,0,0
6222,195525,11,1,1033102,Gesundbrunnen,2019,6,11,1,3,5,3,0,0,1,0,0,0,1,0
6223,195526,11,5,5010101,Hakenfelde Nord,2019,6,12,6,3,5,3,0,1,1,0,0,0,0,0
6224,195527,11,6,6030607,Goerzwerke,2019,6,12,1,2,2,1,0,0,1,0,0,0,0,0
6225,195528,11,4,4051448,Schaperstraße,2019,6,12,6,3,0,6,0,0,1,0,1,0,0,0
6226,195529,11,11,11030618,Fennpfuhl West,2019,6,1,1,3,0,1,2,0,0,0,1,0,0,0
6227,195530,11,4,4041342,Schlangenbader Straße,2019,6,11,6,3,5,2,0,0,1,0,1,0,0,0
6228,195531,11,8,8010301,Reuterkiez,2019,6,0,1,3,0,1,2,1,0,0,0,0,0,0
6229,195532,11,8,8020727,Buckow Mitte,2019,6,11,6,3,5,2,0,1,1,0,0,0,0,0
6230,195533,11,2,2040701,Andreasviertel,2019,6,12,7,3,5,3,0,0,1,0,0,0,0,0
6231,195534,11,3,3071536,Teutoburger Platz,2019,6,18,7,3,5,3,0,0,1,0,0,0,0,0
6232,195535,11,9,9041401,Allende I,2019,6,12,6,3,5,3,0,0,1,0,0,0,1,0
6233,195536,11,3,3051017,Rennbahnstraße,2019,6,13,6,2,5,3,0,1,1,0,0,0,0,0
6234,195537,11,6,6030606,Hindenburgdamm,2019,6,15,7,3,1,5,0,1,1,0,0,0,0,0
6235,195538,11,10,10010206,Ringkolonnaden,2019,6,18,7,2,5,3,0,1,1,0,0,0,0,0
6236,195539,11,9,9020802,Köllnische Vorstadt,2019,6,12,6,2,3,6,0,1,0,0,0,1,0,0
6237,195540,11,7,7040401,Neu-Tempelhof,2019,6,15,7,3,5,2,0,1,0,0,0,0,0,0
6238,195541,11,4,4020311,Reichsstraße,2019,6,16,6,3,5,3,0,1,1,0,0,0,0,0
6239,195542,11,1,1022104,Emdener Straße,2019,6,14,7,3,5,2,0,0,1,0,1,0,0,0
6240,195543,11,1,1044201,Reinickendorfer Straße,2019,6,19,7,3,2,6,0,0,1,0,0,0,0,0
6241,195544,11,8,8020727,Buckow Mitte,2019,6,16,6,3,5,3,0,0,1,0,1,0,0,0
6242,195545,11,2,2030301,Oranienplatz,2019,6,19,7,3,5,3,0,1,1,0,0,0,0,0
6243,195546,11,4,4030931,Breitscheidplatz,2019,6,13,7,3,5,2,0,1,1,0,0,0,0,0
6244,195547,11,3,3030405,Karow Nord,2019,6,16,6,3,6,4,0,0,1,1,0,0,0,0
6245,195548,11,11,11051332,Karlshorst Süd,2019,6,19,7,3,2,6,0,0,1,0,0,0,0,0
6246,195549,11,9,9041501,Altstadt Kietz,2019,6,16,6,2,5,2,0,1,1,0,0,0,0,0
6247,195550,11,4,4020310,Park Ruhwald,2019,6,16,6,2,4,6,0,1,0,0,0,0,0,0
6248,195551,11,7,7020201,Bayerischer Platz,2019,6,19,7,3,5,3,0,0,1,0,0,0,0,0
6249,195552,11,2,2010104,Wassertorplatz,2019,6,15,6,2,5,7,0,0,1,0,0,1,0,0
6250,195553,11,2,2030302,Lausitzer Platz,2019,6,12,7,2,5,2,0,1,1,0,0,0,0,0
6251,195554,11,4,4030621,Spreestadt,2019,6,16,6,3,5,2,0,1,0,0,1,0,0,0
6252,195555,11,6,6040806,Fischtal,2019,6,22,7,3,6,4,2,0,1,1,0,0,0,0
6253,195556,11,7,7070702,Alt-Lichtenrade/Töpchiner Weg,2019,6,12,7,3,1,5,0,0,1,0,0,0,0,0
6254,195557,11,7,7010102,Nollendorfplatz,2019,6,16,6,3,1,5,0,1,1,0,0,0,0,0
6255,195558,11,4,4041238,Kissinger Straße,2019,6,9,6,3,2,7,0,0,1,0,0,0,0,0
6256,195559,11,5,5010314,Carl-Schurz-Straße,2019,6,11,7,3,0,2,0,0,1,0,0,0,1,0
6257,195560,11,5,5010339,Freiheit,2019,6,10,7,3,5,2,0,1,1,0,0,0,0,0
6258,195561,11,3,3050924,Behaimstraße,2019,6,12,6,2,1,1,0,0,1,0,0,0,1,0
6259,195562,11,1,1011302,Oranienburger Straße,2019,6,23,7,2,0,1,2,1,0,0,0,0,0,0
6260,195563,11,2,2010102,Mehringplatz,2019,6,17,6,3,5,3,0,0,1,0,0,0,0,0
6261,195564,11,8,8020622,Parchimer Allee,2019,6,9,7,3,5,7,0,0,1,0,0,0,0,0
6262,195565,11,1,1033201,Brunnenstraße,2019,6,9,7,2,5,2,0,1,0,0,0,1,0,0
6263,195566,11,8,8010117,Schillerpromenade,2019,6,15,6,3,6,2,0,0,1,1,0,0,0,0
6264,195567,11,4,4051445,Eisenzahnstraße,2019,5,5,6,3,5,2,0,1,1,0,0,0,0,0
6265,195568,11,3,3050923,Weißenseer Spitze,2019,5,7,6,3,5,3,0,0,1,0,1,0,0,0
6266,195569,11,2,2010102,Mehringplatz,2019,6,23,6,2,5,3,2,0,1,0,0,0,0,0
6267,195570,11,4,4030519,Kaiserin-Augusta-Allee,2019,5,9,6,3,5,2,0,1,1,0,0,0,0,0
6268,195571,11,11,11010103,Dorf Falkenberg,2019,6,15,6,3,5,2,0,0,1,0,1,0,0,0
6269,195572,11,4,4030725,Amtsgerichtsplatz,2019,5,9,6,3,5,2,0,0,1,0,0,0,0,0
6270,195573,11,7,7050503,Eisenacher Straße,2019,5,15,6,3,2,6,0,0,1,0,0,0,0,0
6271,195574,11,7,7050501,Rathausstraße,2019,6,11,6,3,1,5,0,1,1,0,0,0,1,0
6272,195575,11,3,3050923,Weißenseer Spitze,2019,6,11,6,3,2,1,0,0,1,0,0,0,0,0
6273,195576,11,12,12214423,Mellerbogen,2019,5,15,6,3,5,3,0,0,1,0,0,0,0,0
6274,195577,11,7,7040401,Neu-Tempelhof,2019,5,15,6,3,5,2,0,1,1,0,0,0,0,0
6275,195578,11,4,4030416,Klausenerplatz,2019,6,18,6,3,0,7,0,1,0,0,0,0,0,0
6276,195579,11,9,9031001,Bohnsdorf,2019,5,13,6,3,5,3,0,1,1,0,0,0,0,0
6277,195580,11,2,2010104,Wassertorplatz,2019,6,10,6,2,6,4,0,1,0,1,0,0,0,0
6278,195581,11,12,12214424,Scharnweberstraße,2019,5,13,6,2,5,2,0,0,1,0,0,0,0,0
6279,195582,11,12,12302107,Schorfheidestraße,2019,5,16,6,3,5,3,0,0,1,0,0,0,0,0
6280,195583,11,4,5030833,Motardstraße,2019,5,17,6,2,2,6,0,0,1,0,0,0,0,0
6281,195584,11,12,12231102,Frohnau,2019,6,15,6,3,1,5,0,0,1,0,0,0,0,0
6282,195585,11,9,9010202,Köpenicker Landstraße,2019,5,17,6,2,5,2,0,1,1,0,0,0,0,0
6283,195586,11,3,3061131,Falkplatz,2019,6,10,6,3,5,2,0,0,1,0,1,0,0,0
6284,195587,11,2,2020206,Graefekiez,2019,5,19,6,3,5,7,0,1,0,0,0,0,1,0
6285,195588,11,5,5030731,Gartenfelder Straße,2019,6,9,6,3,1,5,0,1,1,0,0,0,1,0
6286,195589,11,2,2020206,Graefekiez,2019,5,19,6,3,0,6,0,0,1,0,0,0,1,0
6287,195590,11,2,2030301,Oranienplatz,2019,6,9,6,3,5,3,0,1,1,0,0,0,0,0
6288,195591,11,12,12214424,Scharnweberstraße,2019,5,20,6,3,5,2,0,0,1,0,0,0,0,1
6289,195592,11,9,9010402,Johannisthal Ost,2019,6,15,6,3,5,3,0,1,1,0,0,0,0,0
6290,195593,11,7,7040405,Rathaus Tempelhof,2019,5,21,6,3,2,6,2,0,1,0,0,0,1,1
6291,195594,11,7,7070703,John-Locke-Straße,2019,6,15,6,3,1,5,0,1,1,0,0,0,0,0
6292,195595,11,2,2020205,Chamissokiez,2019,5,18,6,3,0,1,0,1,0,0,0,0,0,0
6293,195596,11,6,6010101,Fichtenberg,2019,5,9,6,3,2,2,0,0,1,0,0,0,1,0
6294,195597,11,4,4010102,Plötzensee,2019,6,14,6,3,5,2,0,1,1,0,0,0,0,0
6295,195598,11,9,9051801,Rahnsdorf/Hessenwinkel,2019,5,10,6,3,5,2,0,1,1,0,0,0,0,0
6296,195599,11,4,4030620,Alt-Lietzow,2019,6,14,6,3,5,2,0,1,1,0,0,0,0,0
6297,195600,11,3,3071537,Kollwitzplatz,2019,5,12,6,3,2,6,0,0,1,0,0,0,0,0
6298,195601,11,1,1011306,Heine-Viertel Ost,2019,5,12,6,3,0,7,0,1,0,0,0,0,1,1
6299,195602,11,3,3061126,Arnimplatz,2019,6,14,6,2,5,2,0,1,1,0,0,0,0,0
6300,195603,11,1,1044203,Leopoldplatz,2019,5,12,6,3,2,6,0,0,1,0,0,0,0,0
6301,195604,11,6,6020303,Lankwitz Kirche,2019,6,13,6,3,1,5,0,1,1,0,0,0,0,0
6302,195605,11,2,2030302,Lausitzer Platz,2019,5,12,6,3,2,6,0,0,1,0,0,0,1,0
6303,195606,11,6,6040808,Hüttenweg,2019,6,14,6,3,2,6,0,0,1,0,0,1,0,0
6304,195607,11,1,1011306,Heine-Viertel Ost,2019,5,12,6,3,0,7,0,0,0,0,1,0,1,1
6305,195608,11,1,1044101,Rehberge,2019,6,10,6,3,2,6,0,0,1,0,0,1,0,0
6306,195609,11,12,12301203,Wittenau Süd,2019,5,23,6,3,2,6,2,0,1,0,0,0,0,1
6307,195610,11,1,1011301,Charitéviertel,2019,5,21,6,3,0,1,2,0,0,0,1,0,0,1
6308,195611,11,1,1022106,Elberfelder Straße,2019,6,8,6,3,1,1,0,0,1,0,0,0,0,0
6309,195612,11,11,11051332,Karlshorst Süd,2019,6,8,6,1,6,4,0,0,0,1,0,1,0,0
6310,195613,11,2,2010101,Askanischer Platz,2019,5,18,5,3,6,7,0,0,1,1,0,0,0,0
6311,195614,11,8,8010406,Treptower Straße Nord,2019,6,16,5,3,0,2,0,1,0,0,0,0,1,1
6312,195615,11,7,7070704,Nahariyastraße,2019,5,18,5,2,5,2,0,0,1,0,1,0,0,0
6313,195616,11,2,2010102,Mehringplatz,2019,6,18,5,3,3,6,0,1,1,0,0,0,0,0
6314,195617,11,4,4041344,Rüdesheimer Platz,2019,5,17,5,3,6,4,0,0,1,1,0,0,0,0
6315,195618,11,10,10020519,Boulevard Kastanienallee,2019,5,17,5,2,5,3,0,1,1,0,0,0,0,0
6316,195619,11,12,12214527,Alt-Tegel,2019,6,15,5,3,2,6,0,0,1,0,0,0,0,0
6317,195620,11,9,9041501,Altstadt Kietz,2019,6,7,5,3,5,2,0,1,1,0,0,0,0,0
6318,195621,11,3,3020209,Niederschönhausen,2019,5,16,5,3,5,3,0,0,1,0,0,0,0,0
6319,195622,11,10,10040828,Kaulsdorf Nord,2019,5,16,5,2,5,3,0,1,1,0,0,0,0,0
6320,195623,11,9,9020701,Adlershof West,2019,6,7,5,3,5,2,0,1,1,0,0,0,0,0
6321,195624,11,1,1022106,Elberfelder Straße,2019,5,18,5,3,5,2,0,1,1,0,0,0,0,0
6322,195625,11,5,5010102,Goltzstraße,2019,6,6,5,3,5,3,0,0,1,0,1,0,0,0
6323,195626,11,12,12231102,Frohnau,2019,5,16,5,3,0,1,0,1,0,0,0,0,0,0
6324,195627,11,10,10010102,Havemannstraße,2019,5,16,5,3,5,7,0,0,1,0,0,0,0,0
6325,195628,11,8,8010508,Weiße Siedlung,2019,6,6,5,3,5,2,0,1,0,0,1,0,0,0
6326,195629,11,2,2040701,Andreasviertel,2019,5,23,5,2,6,4,2,0,1,1,0,0,0,0
6327,195630,11,1,1044203,Leopoldplatz,2019,6,21,5,3,5,7,2,1,1,0,0,0,0,1
6328,195631,11,8,8010214,Glasower Straße,2019,5,22,5,3,5,7,2,1,1,0,0,0,0,0
6329,195632,11,8,8010117,Schillerpromenade,2019,6,21,5,3,2,6,1,1,1,0,0,0,0,1
6330,195633,11,4,4051446,Preußenpark,2019,5,20,5,3,5,3,1,1,1,0,0,0,0,0
6331,195634,11,4,4030828,Savignyplatz,2019,6,21,5,3,6,4,1,0,1,1,0,0,0,1
6332,195635,11,3,3051017,Rennbahnstraße,2019,5,20,5,3,5,2,1,1,1,0,0,0,0,0
6333,195636,11,1,1022204,Thomasiusstraße,2019,5,19,5,3,1,5,0,1,1,0,0,0,0,0
6334,195637,11,8,8041038,Waßmannsdorfer Chaussee,2019,6,12,5,2,6,2,0,0,1,1,0,0,0,0
6335,195638,11,3,3061228,Erich-Weinert-Straße,2019,6,23,5,3,5,3,2,0,1,0,0,0,0,1
6336,195639,11,10,10030727,Biesdorf Süd,2019,5,18,5,3,2,6,0,1,0,0,0,0,0,0
6337,195640,11,10,10040830,Kaulsdorf Süd,2019,5,18,5,3,5,3,0,0,1,0,0,0,0,0
6338,195641,11,3,3030716,Märchenland,2019,6,15,5,3,0,7,0,0,1,0,0,0,0,0
6339,195642,11,1,1011202,Unter den Linden Nord,2019,5,15,5,3,3,6,0,1,1,0,0,0,0,0
6340,195643,11,8,8010303,Donaustraße,2019,6,15,5,3,5,2,0,0,1,0,0,0,0,1
6341,195644,11,4,4020311,Reichsstraße,2019,5,15,5,3,5,3,0,0,1,0,0,0,0,0
6342,195645,11,1,1022101,Huttenkiez,2019,6,15,5,3,1,5,0,1,1,0,0,0,1,1
6343,195646,11,3,3040508,Rosenthal,2019,5,14,5,3,2,2,0,0,1,0,0,0,0,0
6344,195647,11,7,7060601,Marienfelder Allee Nordwest,2019,6,13,5,2,2,6,0,1,1,0,0,0,0,0
6345,195648,11,4,4051549,Rathaus Wilmersdorf,2019,5,14,5,3,2,6,0,0,1,0,0,0,0,0
6346,195649,11,11,11030721,Rüdigerstraße,2019,6,12,5,2,6,2,0,0,1,1,0,0,0,0
6347,195650,11,11,11040926,Weitlingstraße,2019,5,13,5,3,6,2,0,0,0,1,0,0,1,0
6348,195651,11,2,2040502,Friedenstraße,2019,6,12,5,3,5,2,0,1,1,0,0,0,0,0
6349,195652,11,5,5040934,Alt-Gatow,2019,5,13,5,2,1,5,0,1,1,0,0,0,0,0
6350,195653,11,6,6030608,Schweizer Viertel,2019,5,10,5,2,5,7,0,0,1,0,1,0,0,0
6351,195654,11,1,1022205,Zillesiedlung,2019,6,12,5,3,5,2,0,0,1,0,1,0,0,0