,object id,city,district,sub district key,street,year,month,hour of day,weekday,category,accident type,accident type 2,light situation,bike involved,car involved,pedestrian involved,motor bike involved,big track involved,other vehicle involved,road condition
6352,195655,11,5,5020625,Borkumer Straße,2019,5,6,5,2,1,5,0,0,1,0,0,0,0,0
6353,195656,11,9,9020501,Oberschöneweide West,2019,6,12,5,3,2,6,0,0,1,0,0,0,0,0
6354,195657,11,12,12214528,Tegeler Forst,2019,5,16,4,3,2,6,0,0,1,0,0,0,0,0
6355,195658,11,2,2020205,Chamissokiez,2019,6,11,5,2,5,7,0,1,1,0,0,0,0,0
6356,195659,11,4,4010102,Plötzensee,2019,5,18,4,3,2,2,0,1,1,0,0,0,0,0
6357,195660,11,6,6040703,Nikolassee,2019,6,11,5,3,5,2,0,0,1,0,1,0,0,0
6358,195661,11,2,2040703,Wriezener Bahnhof/Entwicklungsgebiet,2019,5,18,4,3,5,2,0,1,0,0,0,0,1,0
6359,195662,11,1,1022104,Emdener Straße,2019,5,16,4,3,3,6,0,0,1,0,1,0,0,0
6360,195663,11,10,10010310,Alt-Marzahn,2019,6,11,5,3,2,6,0,0,1,0,0,0,0,0
6361,195664,11,9,9051702,Bölschestraße,2019,6,7,5,3,6,2,0,0,1,1,0,0,0,0
6362,195665,11,9,9051901,Dammvorstadt,2019,5,23,4,3,0,1,2,1,0,0,0,0,0,0
6363,195666,11,4,4030622,Richard-Wagner-Straße,2019,5,17,4,3,6,4,0,0,1,1,0,0,0,0
6364,195667,11,2,2050802,Boxhagener Platz,2019,6,10,5,3,5,5,0,0,1,0,1,0,0,0
6365,195668,11,1,1011204,Leipziger Straße,2019,5,20,4,3,0,2,1,1,0,0,0,1,0,0
6366,195669,11,4,4030621,Spreestadt,2019,6,10,5,3,2,2,0,0,1,0,0,0,0,0
6367,195670,11,4,4051653,Prager Platz,2019,5,18,4,3,5,3,0,1,1,0,0,0,0,0
6368,195671,11,9,9010301,Baumschulenstraße,2019,5,18,4,2,5,2,0,0,1,0,0,0,0,0
6369,195672,11,4,4051448,Schaperstraße,2019,6,9,5,3,6,2,0,1,0,1,0,0,0,0
6370,195673,11,2,2020203,Viktoriapark,2019,5,23,4,3,5,3,2,0,1,0,0,0,0,0
6371,195674,11,11,11040926,Weitlingstraße,2019,5,22,4,3,5,2,2,0,1,0,0,0,0,0
6372,195675,11,11,11010310,Mühlengrund,2019,6,9,5,2,6,4,0,0,0,1,0,0,1,0
6373,195676,11,3,3040818,Pankow Süd,2019,5,21,4,3,5,2,1,1,1,0,0,0,0,0
6374,195677,11,3,3061332,Helmholtzplatz,2019,5,18,4,3,0,2,0,0,1,0,1,0,0,0
6375,195678,11,4,4030929,Hindemithplatz,2019,6,19,5,3,2,6,0,1,0,0,1,0,0,1
6376,195679,11,1,1044203,Leopoldplatz,2019,5,18,4,3,5,2,0,1,1,0,0,0,0,0
6377,195680,11,1,1011302,Oranienburger Straße,2019,6,18,5,3,0,1,0,1,0,0,0,0,0,1
6378,195681,11,5,5020625,Borkumer Straße,2019,5,15,4,3,6,2,0,0,1,1,0,0,0,0
6379,195682,11,1,1011302,Oranienburger Straße,2019,6,18,5,3,0,3,0,1,0,0,1,0,0,1
6380,195683,11,10,10040830,Kaulsdorf Süd,2019,5,18,4,3,5,3,0,1,1,0,0,0,0,0
6381,195684,11,5,5010314,Carl-Schurz-Straße,2019,6,18,5,3,0,2,0,1,1,0,0,0,0,1
6382,195685,11,6,6010101,Fichtenberg,2019,5,9,4,2,3,6,0,0,1,0,1,0,0,0
6383,195686,11,2,2030302,Lausitzer Platz,2019,5,11,4,3,5,3,0,1,1,0,0,0,0,0
6384,195687,11,1,1011201,Wilhelmstraße,2019,6,18,5,2,5,3,1,1,1,0,0,0,0,1
6385,195688,11,12,12302109,Treuenbrietzener Straße,2019,6,18,5,3,5,2,0,1,1,0,0,0,0,1
6386,195689,11,4,4051446,Preußenpark,2019,5,18,4,3,2,6,0,0,1,0,0,0,0,0
6387,195690,11,4,4041136,Hagenplatz,2019,5,11,4,3,5,2,0,0,1,0,0,1,0,0
6388,195691,11,6,6040806,Fischtal,2019,6,18,5,2,6,4,0,0,1,1,0,0,0,1
6389,195692,11,7,7010102,Nollendorfplatz,2019,5,11,4,3,5,7,0,0,1,0,0,0,0,0
6390,195693,11,1,1011301,Charitéviertel,2019,6,18,5,3,0,1,0,0,0,0,1,0,0,1
6391,195694,11,5,5010314,Carl-Schurz-Straße,2019,5,11,4,3,5,2,0,0,1,0,1,0,0,0
6392,195695,11,2,2030301,Oranienplatz,2019,6,17,5,2,6,4,0,0,0,1,1,0,0,1
6393,195696,11,2,2040703,Wriezener Bahnhof/Entwicklungsgebiet,2019,5,12,4,3,1,5,0,1,1,0,0,0,1,0
6394,195697,11,12,12224230,Heiligensee,2019,6,16,5,2,0,1,0,1,0,0,0,0,0,1
6395,195698,11,9,9010302,Späthsfelde,2019,5,17,4,3,2,6,0,1,1,0,0,0,0,0
6396,195699,11,4,4020311,Reichsstraße,2019,5,17,4,2,6,4,0,0,1,1,0,0,0,0
6397,195700,11,1,1022102,Beusselkiez,2019,6,16,5,3,6,4,0,0,1,1,0,0,0,1
6398,195701,11,7,7050505,Hundsteinweg,2019,6,15,5,3,1,5,0,0,1,0,0,0,0,1
6399,195702,11,6,6020410,Oberhofer Platz,2019,5,17,4,3,5,3,0,0,1,0,0,0,1,0
6400,195703,11,4,4030417,Schloßstraße,2019,6,17,5,3,5,3,0,1,1,0,0,0,0,0
6401,195704,11,1,1033101,Soldiner Straße,2019,6,17,5,3,4,6,0,0,0,0,1,1,0,0
6402,195705,11,4,4030519,Kaiserin-Augusta-Allee,2019,6,17,5,3,5,3,0,0,1,0,0,0,0,0
6403,195706,11,12,12103219,Schäfersee,2019,6,17,5,3,5,3,0,1,1,0,0,0,0,0
6404,195707,11,1,1011306,Heine-Viertel Ost,2019,6,16,5,3,5,3,0,0,1,0,0,0,1,0
6405,195708,11,6,6030504,Teltower Damm,2019,6,16,5,3,5,2,0,1,1,0,0,0,0,0
6406,195709,11,4,4030620,Alt-Lietzow,2019,6,16,5,2,5,3,0,1,1,0,0,0,0,0
6407,195710,11,3,3010102,Buch,2019,6,16,5,3,5,2,0,1,1,0,0,0,0,0
6408,195711,11,1,1011301,Charitéviertel,2019,6,16,5,3,5,2,0,0,1,0,1,0,0,0
6409,195712,11,10,10020621,Gelbes Viertel,2019,6,20,5,3,2,6,0,0,1,0,1,0,0,0
6410,195713,11,2,2050801,Traveplatz,2019,6,20,5,3,5,3,0,1,1,0,0,0,0,0
6411,195714,11,2,2050601,Hausburgviertel,2019,6,19,5,3,5,3,0,1,1,0,0,0,0,0
6412,195715,11,11,11040926,Weitlingstraße,2019,6,19,5,3,2,2,0,0,1,0,0,0,0,0
6413,195716,11,5,5020626,Adamstraße,2019,6,19,5,3,1,5,0,0,1,0,0,0,1,0
6414,195717,11,10,10020412,Alte Hellersdorfer Straße,2019,6,18,5,3,2,6,0,0,1,0,0,0,1,0
6415,195718,11,6,6040810,Dahlem,2019,6,18,5,3,0,7,0,1,0,0,0,0,0,0
6416,195719,11,1,1022104,Emdener Straße,2019,6,18,5,3,5,3,0,1,1,0,0,0,0,0
6417,195720,11,1,1011401,Invalidenstraße,2019,6,18,5,3,0,1,0,1,0,0,0,0,0,0
6418,195721,11,7,7060604,Marienfelde Süd,2019,6,18,5,3,0,2,0,1,1,0,0,0,0,0
6419,195722,11,9,9020502,Oberschöneweide Ost,2019,6,15,5,3,6,7,0,1,0,1,0,0,0,0
6420,195723,11,9,9051901,Dammvorstadt,2019,6,17,5,3,2,6,0,0,1,0,1,0,0,0
6421,195724,11,2,2050602,Samariterviertel,2019,6,15,5,3,6,4,0,0,1,1,0,0,0,0
6422,195725,11,9,9020501,Oberschöneweide West,2019,6,15,5,3,2,6,0,0,1,0,0,0,0,0
6423,195726,11,2,2010104,Wassertorplatz,2019,6,15,5,3,5,7,0,0,1,0,0,0,0,0
6424,195727,11,10,10010203,Gewerbegebiet Bitterfelder Straße,2019,6,6,5,2,5,2,0,1,1,0,0,0,0,0
6425,195728,11,3,3040614,Pankow Zentrum,2019,6,7,5,2,5,3,0,1,1,0,0,0,0,0
6426,195729,11,1,1011102,Großer Tiergarten,2019,6,14,5,3,6,4,0,0,1,1,0,0,0,0
6427,195730,11,11,11051229,Rummelsburg,2019,6,7,5,3,3,6,0,0,1,0,1,0,0,1
6428,195731,11,2,2030402,Wrangelkiez,2019,6,7,5,3,3,6,0,1,0,0,0,0,1,0
6429,195732,11,6,6010205,Südende,2019,6,7,5,3,3,6,0,0,1,0,1,0,0,0
6430,195733,11,6,6030503,Zehlendorf Mitte,2019,6,7,5,2,5,2,0,0,1,0,1,0,0,1
6431,195734,11,1,1044201,Reinickendorfer Straße,2019,6,8,5,3,5,3,0,1,1,0,0,0,0,0
6432,195735,11,11,11020412,Hauptstraße,2019,6,8,5,3,6,4,0,0,1,1,0,0,0,0
6433,195736,11,9,9010101,Elsenstraße,2019,6,8,5,3,5,2,0,1,1,0,0,0,0,0
6434,195737,11,9,9020501,Oberschöneweide West,2019,6,9,5,3,5,2,0,1,1,0,0,0,0,0
6435,195738,11,1,1011203,Unter den Linden Süd,2019,6,14,5,3,5,7,0,0,1,0,1,0,0,0
6436,195739,11,1,1011202,Unter den Linden Nord,2019,6,10,5,3,5,3,0,1,1,0,0,0,0,0
6437,195740,11,11,11041128,Sewanstraße,2019,6,10,5,2,5,3,0,1,0,0,0,1,0,0
6438,195741,11,4,4041136,Hagenplatz,2019,6,12,5,3,2,6,0,1,1,0,0,0,0,0
6439,195742,11,3,3051022,Hansastraße,2019,6,12,5,3,1,5,0,1,1,0,0,0,0,0
6440,195743,11,2,2020204,Urbanstraße,2019,6,12,5,3,0,3,0,1,0,0,0,1,0,0
6441,195744,11,4,4030726,Droysenstraße,2019,6,8,5,2,0,1,0,1,0,0,0,0,0,0
6442,195745,11,4,4020208,Kranzallee,2019,6,16,5,3,5,3,0,1,0,0,0,0,1,0
6443,195746,11,6,6030610,Lichterfelde West,2019,6,15,4,3,6,7,0,0,0,1,1,0,0,0
6444,195747,11,1,1033202,Humboldthain Süd,2019,6,11,4,3,6,4,0,1,0,1,0,0,0,0
6445,195748,11,1,1011301,Charitéviertel,2019,6,19,4,3,0,1,0,0,0,0,1,0,0,1
6446,195749,11,8,8010509,Schulenburgpark,2019,6,19,4,3,0,1,1,1,0,0,0,0,0,1
6447,195750,11,3,3010102,Buch,2019,6,11,4,2,4,6,0,0,1,0,0,1,0,0
6448,195751,11,2,2020203,Viktoriapark,2019,6,8,4,3,0,1,0,0,0,0,1,0,0,1
6449,195752,11,1,1033102,Gesundbrunnen,2019,6,23,4,3,0,2,2,1,1,0,0,0,0,1
6450,195753,11,1,1033203,Humboldthain Nordwest,2019,6,22,4,3,0,3,2,0,1,0,1,0,0,1
6451,195754,11,12,12302108,Märkisches Zentrum,2019,6,22,4,3,5,3,2,0,1,0,0,0,0,1
6452,195755,11,6,6010206,Stadtpark,2019,6,15,4,3,5,2,0,0,1,0,1,0,0,0
6453,195756,11,10,10020412,Alte Hellersdorfer Straße,2019,6,15,4,2,6,4,0,0,1,1,0,0,0,0
6454,195757,11,7,7040405,Rathaus Tempelhof,2019,6,15,4,3,0,7,0,0,1,0,0,0,1,0
6455,195758,11,1,1011201,Wilhelmstraße,2019,6,16,4,3,6,4,0,1,0,1,0,0,0,0
6456,195759,11,9,9051901,Dammvorstadt,2019,6,18,4,3,5,2,0,1,1,0,0,0,0,1
6457,195760,11,9,9020802,Köllnische Vorstadt,2019,6,18,4,3,6,4,0,0,1,1,0,0,0,1
6458,195761,11,4,4030620,Alt-Lietzow,2019,6,18,4,3,5,3,0,1,1,0,0,0,0,1
6459,195762,11,11,11030824,Frankfurter Allee Süd,2019,6,19,4,3,0,7,0,0,1,0,0,0,0,1
6460,195763,11,8,8010405,Hertzbergplatz,2019,6,18,4,3,5,2,0,0,0,0,1,0,1,0
6461,195764,11,5,5010206,Gütersloher Weg,2019,6,17,4,3,6,4,0,1,0,1,0,0,0,0
6462,195765,11,3,3061430,Volkspark Prenzlauer Berg,2019,6,16,4,3,6,4,0,1,0,1,0,0,0,0
6463,195766,11,3,3040818,Pankow Süd,2019,6,16,4,3,5,3,0,0,1,0,0,0,1,0
6464,195767,11,8,8010303,Donaustraße,2019,6,22,4,3,2,6,2,0,1,0,0,0,0,1
6465,195768,11,3,3050920,Weißer See,2019,6,20,4,3,5,3,1,1,1,0,0,0,0,1
6466,195769,11,5,5020626,Adamstraße,2019,6,16,4,3,2,6,0,0,1,0,0,0,0,0
6467,195770,11,1,1011201,Wilhelmstraße,2019,6,20,4,3,1,5,0,1,1,0,0,0,0,1
6468,195771,11,1,1033201,Brunnenstraße,2019,6,19,4,2,5,7,0,0,1,0,0,0,1,1
6469,195772,11,8,8030829,Gropiusstadt Nord,2019,6,18,4,3,0,1,1,1,0,0,0,0,0,1
6470,195773,11,1,1011302,Oranienburger Straße,2019,6,10,4,3,1,5,0,1,1,0,0,0,1,0
6471,195774,11,6,6030610,Lichterfelde West,2019,6,13,4,3,5,2,0,1,1,0,0,0,0,0
6472,195775,11,5,5010311,Eiswerder,2019,6,14,4,3,5,2,0,1,1,0,0,0,0,0
6473,195776,11,6,6040703,Nikolassee,2019,6,14,4,3,5,3,0,0,1,0,0,0,0,0
6474,195777,11,2,2010103,Moritzplatz,2019,6,12,4,3,2,6,0,1,1,0,0,0,0,0
6475,195778,11,2,2030402,Wrangelkiez,2019,6,13,4,3,5,2,0,0,1,0,1,0,0,0
6476,195779,11,1,1022201,Stephankiez,2019,6,13,4,3,5,3,0,1,1,0,0,0,0,0
6477,195780,11,4,4020313,Königin-Elisabeth-Straße,2019,6,13,4,3,5,3,0,1,1,0,0,0,0,0
6478,195781,11,6,6020305,Gemeindepark Lankwitz,2019,6,15,4,3,5,2,0,1,1,0,0,0,0,0
6479,195782,11,4,4051653,Prager Platz,2019,6,15,4,3,2,6,0,0,1,0,0,0,0,0
6480,195783,11,4,4030724,Lietzensee,2019,6,12,4,2,5,3,0,1,1,0,0,0,0,0
6481,195784,11,6,6020410,Oberhofer Platz,2019,6,13,4,3,2,6,0,0,1,0,0,0,0,0
6482,195785,11,3,3051021,Buschallee,2019,6,10,4,3,5,7,0,0,1,0,0,0,1,0
6483,195786,11,1,1044201,Reinickendorfer Straße,2019,6,19,4,3,3,6,0,0,1,0,0,0,0,1
6484,195787,11,2,2020206,Graefekiez,2019,6,19,4,3,0,5,0,1,1,0,0,0,0,1
6485,195788,11,11,11030619,Fennpfuhl Ost,2019,6,4,4,3,0,7,1,0,0,0,1,0,1,1
6486,195789,11,4,4041344,Rüdesheimer Platz,2019,6,5,4,3,0,3,0,0,1,0,1,0,0,1
6487,195790,11,1,1011203,Unter den Linden Süd,2019,6,6,4,3,5,3,0,0,1,0,0,0,0,1
6488,195791,11,9,9020502,Oberschöneweide Ost,2019,6,6,4,3,5,3,0,0,1,0,0,0,0,0
6489,195792,11,10,10010308,Marzahner Chaussee,2019,6,10,4,3,5,3,0,1,1,0,0,0,0,0
6490,195793,11,4,4030621,Spreestadt,2019,6,6,4,3,2,7,0,0,0,0,1,1,0,1
6491,195794,11,4,4051445,Eisenzahnstraße,2019,6,7,4,3,5,7,0,0,1,0,0,0,0,0
6492,195795,11,11,11030619,Fennpfuhl Ost,2019,6,7,4,3,5,2,0,1,1,0,0,0,0,0
6493,195796,11,5,5020522,Pillnitzer Weg,2019,6,8,4,3,5,2,0,1,1,0,0,0,0,1
6494,195797,11,2,2020204,Urbanstraße,2019,6,9,4,3,3,6,0,1,0,0,0,0,0,0
6495,195798,11,1,1011303,Alexanderplatzviertel,2019,6,9,4,3,5,2,0,1,1,0,0,0,0,0
6496,195799,11,9,9041501,Altstadt Kietz,2019,6,9,4,3,2,6,0,0,1,0,0,1,0,0
6497,195800,11,2,2030301,Oranienplatz,2019,6,9,4,3,5,2,0,0,1,0,1,0,0,0
6498,195801,11,6,6030605,Botanischer Garten,2019,6,8,4,3,5,3,0,1,1,0,0,0,0,0
6499,195802,11,4,4030519,Kaiserin-Augusta-Allee,2019,6,9,4,3,6,4,0,0,1,1,0,0,0,0
6500,195803,11,3,3061441,Eldenaer Straße,2019,6,8,4,3,1,5,0,0,1,0,0,0,0,0
6501,195804,11,3,3061228,Erich-Weinert-Straße,2019,6,9,4,3,2,6,0,1,0,0,0,0,1,0
6502,195805,11,7,7040404,Marienhöhe,2019,6,8,4,3,6,4,0,1,0,1,0,0,0,0
6503,195806,11,12,12302108,Märkisches Zentrum,2019,6,8,4,3,5,3,0,0,1,0,0,0,1,0
6504,195807,11,4,4030929,Hindemithplatz,2019,6,8,4,3,0,1,0,0,0,0,1,0,0,0
6505,195808,11,3,3040512,Wilhelmsruh,2019,6,15,3,3,2,6,0,0,1,0,0,0,0,0
6506,195809,11,1,1044201,Reinickendorfer Straße,2019,6,18,3,3,2,6,0,1,1,0,0,0,0,0
6507,195810,11,1,1033102,Gesundbrunnen,2019,6,14,3,3,6,7,0,1,0,1,0,0,0,0
6508,195811,11,8,8010302,Bouchéstraße,2019,6,14,3,3,2,6,0,0,1,0,0,0,0,0
6509,195812,11,1,1011102,Großer Tiergarten,2019,6,12,3,3,6,7,0,1,0,1,0,0,0,0
6510,195813,11,5,5020523,Maulbeerallee,2019,6,19,3,3,5,3,0,0,1,0,0,0,0,0
6511,195814,11,1,1011204,Leipziger Straße,2019,6,18,3,3,2,6,0,1,1,0,0,0,0,0
6512,195815,11,3,3061126,Arnimplatz,2019,6,17,3,3,2,6,0,0,0,0,1,1,0,0
6513,195816,11,1,1044202,Sparrplatz,2019,6,18,3,3,0,7,0,0,1,0,0,0,1,0
6514,195817,11,5,5020627,Tiefwerder,2019,6,18,3,3,2,6,0,0,1,0,0,0,0,0
6515,195818,11,2,2040702,Weberwiese,2019,6,18,3,3,5,3,0,0,1,0,0,0,0,0
6516,195819,11,4,4030930,George-Grosz-Platz,2019,6,18,3,3,6,2,0,0,1,1,0,0,0,0
6517,195820,11,11,11041128,Sewanstraße,2019,6,17,3,2,5,3,0,1,0,0,0,0,0,0
6518,195821,11,3,3061131,Falkplatz,2019,6,17,3,3,6,4,0,1,0,1,0,0,0,0
6519,195822,11,1,1011105,Nördlicher Landwehrkanal,2019,6,17,3,3,5,2,0,1,1,0,0,0,0,0
6520,195823,11,1,1033203,Humboldthain Nordwest,2019,6,17,3,3,2,6,0,0,1,0,0,0,0,0
6521,195824,11,11,11051331,Karlshorst Nord,2019,6,16,3,3,6,7,0,1,0,1,0,0,0,0
6522,195825,11,9,9051901,Dammvorstadt,2019,6,15,3,3,5,2,0,0,1,0,1,0,0,0
6523,195826,11,8,8010211,Flughafenstraße,2019,6,15,3,3,2,7,0,0,1,0,1,0,0,0
6524,195827,11,7,7060601,Marienfelder Allee Nordwest,2019,6,10,2,2,8,1,0,0,1,0,0,0,0,0
6525,195828,11,4,4051653,Prager Platz,2019,6,15,3,3,2,6,0,0,1,0,0,0,0,0
6526,195829,11,11,11040926,Weitlingstraße,2019,6,8,2,3,0,7,0,0,0,0,1,1,0,1
6527,195830,11,12,12214424,Scharnweberstraße,2019,6,14,3,3,1,5,0,1,1,0,0,0,1,0
6528,195831,11,3,3040818,Pankow Süd,2019,6,10,2,3,0,1,0,1,0,0,0,0,0,0
6529,195832,11,9,9010301,Baumschulenstraße,2019,6,14,3,3,5,2,0,0,1,0,0,0,0,0
6530,195833,11,2,2020204,Urbanstraße,2019,6,19,2,3,5,2,0,1,1,0,0,0,0,0
6531,195834,11,5,5020418,Spandauer Straße,2019,6,19,2,3,2,7,0,0,0,0,1,0,1,0
6532,195835,11,5,5030731,Gartenfelder Straße,2019,6,14,3,3,1,5,0,1,1,0,0,0,0,0
6533,195836,11,12,12302211,Lübarser Straße,2019,6,13,3,3,3,6,0,0,1,0,1,0,0,0
6534,195837,11,1,1044201,Reinickendorfer Straße,2019,6,19,2,3,5,2,0,1,1,0,0,0,0,0
6535,195838,11,2,2040701,Andreasviertel,2019,6,21,2,2,9,1,1,0,0,0,1,0,0,0
6536,195839,11,11,11010207,Wartenberg Nord,2019,6,17,3,3,8,1,0,0,1,0,0,0,0,0
6537,195840,11,3,3061131,Falkplatz,2019,6,18,2,2,0,1,0,0,0,0,1,0,0,0
6538,195841,11,1,1011101,Stülerstraße,2019,6,9,3,3,3,6,0,1,0,0,0,0,1,0
6539,195842,11,10,10040932,Alt-Mahlsdorf,2019,6,18,2,3,5,3,0,0,1,0,0,0,1,0
6540,195843,11,6,6030608,Schweizer Viertel,2019,6,18,2,3,5,3,0,1,1,0,0,0,0,0
6541,195844,11,2,2050601,Hausburgviertel,2019,6,17,2,3,5,3,0,0,1,0,0,1,0,0
6542,195845,11,1,1022104,Emdener Straße,2019,6,10,3,3,2,6,0,1,1,0,0,0,0,0
6543,195846,11,1,1022103,Westhafen,2019,6,17,2,3,5,7,0,0,1,0,1,0,0,0
6544,195847,11,4,4041343,Binger Straße,2019,6,10,3,3,0,6,0,0,1,0,0,0,1,0
6545,195848,11,2,2020202,Rathaus Yorckstraße,2019,6,18,2,3,5,2,0,1,1,0,0,0,0,0
6546,195849,11,9,9020701,Adlershof West,2019,6,16,2,3,2,2,0,0,1,0,0,0,0,0
6547,195850,11,1,1011202,Unter den Linden Nord,2019,6,10,3,3,8,1,0,1,1,0,0,0,0,0
6548,195851,11,12,12103115,Breitkopfbecken,2019,6,16,2,3,5,2,0,1,0,0,0,0,1,0
6549,195852,11,7,7070704,Nahariyastraße,2019,6,17,2,3,8,1,0,0,1,0,0,0,0,0
6550,195853,11,9,9051901,Dammvorstadt,2019,6,11,3,3,0,2,0,1,0,0,0,0,0,0
6551,195854,11,5,5020521,Döberitzer Weg,2019,6,7,2,2,6,4,0,0,1,1,0,0,0,0
6552,195855,11,5,5010209,An der Kappe,2019,6,13,3,3,5,3,0,0,1,0,0,0,0,0
6553,195856,11,12,12301203,Wittenau Süd,2019,6,7,2,3,0,2,0,1,0,0,0,1,0,0
6554,195857,11,1,1011204,Leipziger Straße,2019,6,7,2,2,5,3,0,0,1,0,1,0,0,0
6555,195858,11,7,7020203,Kaiser-Wilhelm-Platz,2019,6,11,3,3,0,7,0,0,0,0,1,0,0,1
6556,195859,11,6,6020410,Oberhofer Platz,2019,6,12,3,2,2,2,0,0,1,0,1,0,0,0
6557,195860,11,10,10030724,Oberfeldstraße,2019,6,7,2,3,5,2,0,0,1,0,1,0,0,0
6558,195861,11,3,3010101,Bucher Forst,2019,6,7,2,3,2,6,0,0,1,0,0,0,0,0
6559,195862,11,11,11010205,Falkenberg West,2019,6,10,3,2,2,7,0,0,1,0,0,0,0,0
6560,195863,11,6,6010102,Schloßstraße,2019,6,6,2,3,5,3,0,1,1,0,0,0,0,0
6561,195864,11,9,9020701,Adlershof West,2019,6,9,3,2,5,2,0,1,1,0,0,0,0,0
6562,195865,11,12,12302110,Dannenwalder Weg,2019,6,5,2,3,5,3,0,0,1,0,0,0,0,0
6563,195866,11,3,3040512,Wilhelmsruh,2019,6,9,3,3,9,1,0,0,1,0,0,0,0,0
6564,195867,11,2,2050802,Boxhagener Platz,2019,6,3,2,3,0,1,2,1,0,0,0,0,0,0
6565,195868,11,12,12214424,Scharnweberstraße,2019,6,19,3,3,0,4,1,0,0,1,0,0,1,0
6566,195869,11,8,8010406,Treptower Straße Nord,2019,6,10,2,3,5,3,0,0,1,0,0,0,0,0
6567,195870,11,4,4030518,Tegeler Weg,2019,6,10,2,3,2,6,0,0,1,0,0,0,0,0
6568,195871,11,4,4041134,Bismarckallee,2019,6,22,3,3,2,6,2,0,1,0,0,0,0,1
6569,195872,11,2,2030401,Reichenberger Straße,2019,6,8,3,3,1,5,0,1,1,0,0,0,0,0
6570,195873,11,9,9041302,Wendenschloß,2019,6,10,2,3,5,3,0,1,1,0,0,0,0,0
6571,195874,11,12,12103117,Letteplatz,2019,6,9,3,3,1,5,0,1,1,0,0,0,0,0
6572,195875,11,11,11030618,Fennpfuhl West,2019,6,9,2,3,1,5,0,0,1,0,0,0,0,0
6573,195876,11,8,8020620,Tempelhofer Weg,2019,6,9,3,3,5,3,0,0,1,0,1,0,0,0
6574,195877,11,6,6020409,Königsberger Straße,2019,6,9,2,3,5,7,0,0,1,0,0,0,0,0
6575,195878,11,1,1011105,Nördlicher Landwehrkanal,2019,6,8,3,2,3,6,0,1,0,0,0,1,0,0
6576,195879,11,9,9020501,Oberschöneweide West,2019,6,9,2,2,5,2,0,0,1,0,0,0,1,0
6577,195880,11,3,3030715,Heinersdorf,2019,6,6,3,3,2,6,0,0,1,0,0,0,0,0
6578,195881,11,6,6040810,Dahlem,2019,6,8,2,3,5,3,0,0,1,0,1,0,0,0
6579,195882,11,7,7010104,Dennewitzplatz,2019,6,9,2,3,5,2,0,1,0,0,0,0,1,0
6580,195883,11,5,5030832,Rohrdamm,2019,6,4,3,3,2,2,1,0,1,0,0,0,0,1
6581,195884,11,11,11040926,Weitlingstraße,2019,6,8,2,3,5,3,0,1,1,0,0,0,0,1
6582,195885,11,2,2030301,Oranienplatz,2019,6,8,3,3,0,1,0,0,0,0,1,0,0,0
6583,195886,11,12,12214421,Reinickes Hof,2019,6,16,2,3,0,2,0,0,1,0,0,0,1,0
6584,195887,11,11,11030721,Rüdigerstraße,2019,6,16,2,3,5,7,0,0,0,0,1,0,1,0
6585,195888,11,7,7040404,Marienhöhe,2019,6,8,3,3,0,7,0,1,0,0,0,0,0,0
6586,195889,11,1,1011304,Karl-Marx-Allee,2019,6,11,2,3,5,2,0,1,0,0,0,0,1,0
6587,195890,11,4,4041241,Breite Straße,2019,6,15,2,3,2,6,0,0,1,0,0,0,0,0
6588,195891,11,1,1022103,Westhafen,2019,6,11,2,2,5,3,0,1,1,0,0,0,0,0
6589,195892,11,1,1044103,Westliche Müllerstraße,2019,6,17,2,3,0,5,0,0,1,0,0,0,1,0
6590,195893,11,2,2010104,Wassertorplatz,2019,6,11,2,3,5,2,0,0,1,0,0,0,0,0
6591,195894,11,7,7070701,Kettinger Straße/Schillerstraße,2019,6,16,2,2,5,2,0,0,1,0,0,0,1,0
6592,195895,11,6,6040810,Dahlem,2019,6,11,2,3,5,2,0,1,1,0,0,0,0,0
6593,195896,11,3,3040818,Pankow Süd,2019,6,12,2,3,2,2,0,0,1,0,0,0,0,0
6594,195897,11,8,8010405,Hertzbergplatz,2019,6,16,2,3,5,2,0,1,1,0,0,0,0,0
6595,195898,11,10,10020517,Adele-Sandrock-Straße,2019,6,16,2,3,4,6,0,1,0,0,0,0,0,0
6596,195899,11,5,5040935,Groß-Glienicker Weg,2019,6,16,2,3,6,7,0,0,1,1,0,0,0,0
6597,195900,11,8,8010118,Silbersteinstraße,2019,6,14,2,3,2,6,0,0,1,0,0,0,0,0
6598,195901,11,7,7040405,Rathaus Tempelhof,2019,6,13,2,2,5,3,0,1,0,0,0,0,0,0
6599,195902,11,4,4041344,Rüdesheimer Platz,2019,6,13,2,3,5,3,0,0,1,0,0,0,0,0
6600,195903,11,3,3061429,Greifswalder Straße,2019,6,14,2,3,1,5,0,1,1,0,0,0,0,0
6601,195904,11,3,3061227,Humannplatz,2019,6,14,2,2,0,7,0,0,0,0,1,0,0,1
6602,195905,11,4,4030417,Schloßstraße,2019,6,16,2,3,5,3,0,0,1,0,0,0,0,0
6603,195906,11,11,11020515,Landsberger Allee,2019,6,14,2,3,5,3,0,1,1,0,0,0,0,0
6604,195907,11,2,2020206,Graefekiez,2019,6,17,2,3,5,2,0,0,1,0,1,0,0,0
6605,195908,11,12,12214424,Scharnweberstraße,2019,6,15,2,3,2,6,0,0,1,0,1,0,0,0