,object id,city,district,sub district key,street,year,month,hour of day,weekday,category,accident type,accident type 2,light situation,bike involved,car involved,pedestrian involved,motor bike involved,big track involved,other vehicle involved,road condition
6606,195909,11,3,3040512,Wilhelmsruh,2019,6,22,2,3,5,3,2,0,1,0,0,1,0,0
6607,195910,11,8,8010212,Rollberg,2019,6,14,2,3,6,7,0,0,1,1,0,0,0,0
6608,195911,11,10,10020622,Kaulsdorf Nord I,2019,6,19,2,3,5,3,0,0,1,0,0,0,0,0
6609,195912,11,8,8041035,Blumenviertel,2019,6,15,2,3,0,2,0,0,1,0,1,0,0,0
6610,195913,11,3,3071633,Thälmannpark,2019,6,19,2,2,0,3,0,1,0,0,0,0,0,0
6611,195914,11,10,10010308,Marzahner Chaussee,2019,6,15,2,3,0,2,0,1,0,0,0,0,1,0
6612,195915,11,7,7060601,Marienfelder Allee Nordwest,2019,6,15,2,3,6,4,0,0,0,1,0,0,1,0
6613,195916,11,5,5020625,Borkumer Straße,2019,6,18,2,3,0,5,0,0,1,0,1,0,0,0
6614,195917,11,4,4030519,Kaiserin-Augusta-Allee,2019,6,15,2,3,5,3,0,1,1,0,0,0,0,0
6615,195918,11,5,5020625,Borkumer Straße,2019,6,16,2,2,5,2,0,0,1,0,1,0,0,0
6616,195919,11,8,8010214,Glasower Straße,2019,6,14,2,3,5,2,0,1,1,0,0,0,0,0
6617,195920,11,7,7060604,Marienfelde Süd,2019,6,11,2,3,0,1,0,1,0,0,0,0,0,0
6618,195921,11,5,5020524,Weinmeisterhornweg,2019,6,14,2,3,0,3,0,0,1,0,0,0,0,0
6619,195922,11,8,8010301,Reuterkiez,2019,6,7,2,3,0,1,0,0,0,0,1,0,0,1
6620,195923,11,8,8041037,Alt-Rudow,2019,6,15,2,3,5,3,0,0,1,0,0,0,0,0
6621,195924,11,4,7030301,Friedenau,2019,6,14,2,3,1,5,0,1,1,0,0,0,0,0
6622,195925,11,2,2020204,Urbanstraße,2019,6,0,2,3,5,3,2,1,1,0,0,0,0,0
6623,195926,11,4,4010101,Jungfernheide,2019,6,0,2,3,3,6,2,1,1,0,0,0,0,0
6624,195927,11,12,12214527,Alt-Tegel,2019,6,15,2,3,5,3,0,1,1,0,0,0,0,0
6625,195928,11,1,1033201,Brunnenstraße,2019,6,16,1,3,3,6,0,0,1,0,0,0,0,0
6626,195929,11,9,9010301,Baumschulenstraße,2019,6,10,1,3,5,2,0,0,1,0,1,0,0,0
6627,195930,11,11,11010205,Falkenberg West,2019,6,14,1,3,2,2,0,0,1,0,0,0,0,0
6628,195931,11,1,1044101,Rehberge,2019,6,4,1,3,9,1,1,0,1,0,0,0,0,0
6629,195932,11,3,3040614,Pankow Zentrum,2019,6,20,1,3,0,7,0,0,1,0,1,0,0,0
6630,195933,11,2,2050801,Traveplatz,2019,6,19,1,3,5,3,0,1,1,0,0,0,0,0
6631,195934,11,3,3020210,Herthaplatz,2019,6,13,1,3,1,5,0,1,1,0,0,0,0,0
6632,195935,11,8,8020622,Parchimer Allee,2019,6,18,1,3,5,2,0,0,1,0,0,0,0,0
6633,195936,11,2,2030301,Oranienplatz,2019,6,18,1,3,5,7,0,1,1,0,0,0,0,0
6634,195937,11,4,4051549,Rathaus Wilmersdorf,2019,6,14,1,3,1,5,0,1,1,0,0,0,0,0
6635,195938,11,3,3071536,Teutoburger Platz,2019,6,17,1,3,3,6,0,1,1,0,0,0,0,0
6636,195939,11,6,6030606,Hindenburgdamm,2019,6,16,1,3,2,7,0,0,1,0,1,0,0,0
6637,195940,11,11,11040925,Victoriastadt,2019,6,17,1,3,2,6,0,0,1,0,1,0,0,0
6638,195941,11,8,8010117,Schillerpromenade,2019,6,16,1,3,6,7,0,1,0,1,0,0,0,0
6639,195942,11,1,1011103,Lützowstraße,2019,6,17,1,3,5,2,0,1,0,0,1,0,0,0
6640,195943,11,5,5010312,Kurstraße,2019,6,16,1,3,0,1,0,1,1,0,0,0,0,0
6641,195944,11,12,12103218,Teichstraße,2019,6,14,1,2,6,4,0,0,1,1,0,0,0,0
6642,195945,11,4,4010101,Jungfernheide,2019,6,16,1,2,1,5,0,0,1,0,1,0,0,0
6643,195946,11,7,7070703,John-Locke-Straße,2019,6,16,1,3,3,6,0,1,1,0,0,0,0,0
6644,195947,11,4,4031032,Halensee,2019,6,12,1,2,5,2,0,1,1,0,0,0,0,0
6645,195948,11,5,5020629,Börnicker Straße,2019,6,11,1,2,6,4,0,0,1,1,0,0,0,0
6646,195949,11,1,1033203,Humboldthain Nordwest,2019,6,16,1,3,1,5,0,1,1,0,0,0,0,0
6647,195950,11,9,9020701,Adlershof West,2019,6,15,1,3,5,2,0,1,1,0,0,0,0,0
6648,195951,11,8,8010301,Reuterkiez,2019,6,15,1,3,5,2,0,0,1,0,0,0,0,0
6649,195952,11,5,5040935,Groß-Glienicker Weg,2019,6,14,1,3,2,6,0,0,1,0,0,0,0,0
6650,195953,11,12,12103117,Letteplatz,2019,6,11,1,2,5,2,0,0,1,0,0,0,0,0
6651,195954,11,9,9020702,Adlershof Ost,2019,6,14,1,3,0,1,0,1,0,0,0,0,0,0
6652,195955,11,7,7010101,Wittenbergplatz/Viktoria-Luise-Platz,2019,6,14,1,2,3,1,0,1,1,0,0,0,0,0
6653,195956,11,1,1011401,Invalidenstraße,2019,6,5,1,3,0,1,0,1,0,0,0,0,0,0
6654,195957,11,3,3040818,Pankow Süd,2019,6,13,1,2,1,5,0,1,1,0,0,0,0,0
6655,195958,11,6,6030504,Teltower Damm,2019,6,12,1,3,0,1,0,0,0,0,1,0,0,0
6656,195959,11,6,6040804,Krumme Lanke,2019,6,16,1,3,0,1,0,1,0,0,0,0,0,0
6657,195960,11,12,12302108,Märkisches Zentrum,2019,6,10,1,2,5,3,0,0,1,0,0,0,0,0
6658,195961,11,8,8010301,Reuterkiez,2019,6,1,1,3,5,3,2,1,1,0,0,0,0,0
6659,195962,11,2,2020202,Rathaus Yorckstraße,2019,6,2,1,2,0,1,2,0,0,0,1,0,0,0
6660,195963,11,2,2020206,Graefekiez,2019,6,1,1,3,2,6,2,1,1,0,0,0,0,0
6661,195964,11,6,6020303,Lankwitz Kirche,2019,6,21,1,3,0,4,2,0,0,1,0,0,1,0
6662,195965,11,6,6010207,Mittelstraße,2019,6,18,1,3,5,3,0,0,1,0,1,0,0,0
6663,195966,11,8,8010301,Reuterkiez,2019,6,1,1,3,5,2,2,1,1,0,0,0,0,0
6664,195967,11,4,4010103,Paul-Hertz-Siedlung,2019,6,1,1,3,0,1,2,1,0,0,0,0,0,0
6665,195968,11,8,8010301,Reuterkiez,2019,6,3,7,3,6,4,2,0,0,1,1,0,0,0
6666,195969,11,4,4030417,Schloßstraße,2019,6,12,7,3,2,6,0,0,1,0,0,0,0,0
6667,195970,11,11,11020513,Orankesee,2019,6,10,7,3,6,4,0,0,1,1,0,0,0,0
6668,195971,11,10,10040933,Mahlsdorf Süd,2019,6,9,7,3,5,2,0,1,1,0,0,0,0,0
6669,195972,11,2,2010104,Wassertorplatz,2019,6,15,7,3,1,5,0,1,0,0,0,0,0,0
6670,195973,11,3,3061227,Humannplatz,2019,6,19,7,3,2,6,0,0,1,0,0,0,0,0
6671,195974,11,8,8010303,Donaustraße,2019,6,16,7,3,5,2,0,0,1,0,1,0,0,0
6672,195975,11,1,2010103,Moritzplatz,2019,6,16,7,3,2,2,0,1,1,0,0,0,0,0
6673,195976,11,3,3050924,Behaimstraße,2019,6,14,7,3,5,3,0,1,0,0,0,0,0,0
6674,195977,11,2,2040701,Andreasviertel,2019,6,14,7,3,5,3,0,1,1,0,0,0,0,0
6675,195978,11,3,3040614,Pankow Zentrum,2019,6,13,7,3,6,7,0,1,0,1,0,0,0,0
6676,195979,11,10,10010204,Wuhletalstraße,2019,6,15,7,3,2,7,0,0,1,0,0,0,0,0
6677,195980,11,8,8010301,Reuterkiez,2019,6,12,7,3,3,6,0,1,1,0,0,0,0,0
6678,195981,11,7,7040404,Marienhöhe,2019,6,15,7,3,0,3,0,0,0,0,1,0,1,0
6679,195982,11,9,9051901,Dammvorstadt,2019,6,12,7,3,6,4,0,0,1,1,0,0,0,0
6680,195983,11,4,4030931,Breitscheidplatz,2019,6,15,7,3,5,3,0,1,1,0,0,0,0,0
6681,195984,11,12,12214527,Alt-Tegel,2019,6,12,7,3,5,7,0,0,1,0,0,0,0,0
6682,195985,11,12,12304314,Ziekowstraße/Freie Scholle,2019,6,17,7,3,0,7,0,0,1,0,0,0,0,0
6683,195986,11,4,4030417,Schloßstraße,2019,6,18,7,3,1,5,0,1,1,0,0,0,0,0
6684,195987,11,4,4051448,Schaperstraße,2019,6,9,7,3,5,3,0,1,1,0,0,0,0,0
6685,195988,11,10,10040933,Mahlsdorf Süd,2019,6,18,7,3,0,1,0,0,0,0,1,0,0,0
6686,195989,11,9,9010401,Johannisthal West,2019,6,14,7,3,0,1,0,1,0,0,0,0,0,0
6687,195990,11,7,7030303,Grazer Platz,2019,6,21,7,2,9,1,0,0,0,0,1,0,0,0
6688,195991,11,4,4031032,Halensee,2019,6,20,7,3,5,2,0,0,1,0,1,0,0,0
6689,195992,11,2,2010101,Askanischer Platz,2019,6,13,7,2,6,7,0,0,1,1,0,0,0,0
6690,195993,11,5,5020627,Tiefwerder,2019,6,18,7,2,2,6,0,0,1,0,1,0,0,0
6691,195994,11,1,1033202,Humboldthain Süd,2019,6,13,7,3,0,1,0,1,0,0,0,0,0,0
6692,195995,11,7,7020203,Kaiser-Wilhelm-Platz,2019,6,7,7,3,2,2,0,1,0,0,0,0,0,0
6693,195996,11,2,2050802,Boxhagener Platz,2019,6,15,7,2,5,2,0,1,0,0,0,0,1,0
6694,195997,11,4,4030623,Ernst-Reuter-Platz,2019,6,3,7,3,1,5,2,0,1,0,1,0,0,0
6695,195998,11,12,12103218,Teichstraße,2019,6,11,7,3,0,2,0,0,1,0,0,0,1,0
6696,195999,11,8,8020728,Buckow Ost,2019,6,13,7,3,5,3,0,0,1,0,1,0,0,0
6697,196000,11,12,12301203,Wittenau Süd,2019,6,12,7,2,5,3,0,1,1,0,0,0,0,0
6698,196001,11,12,12302110,Dannenwalder Weg,2019,6,11,7,2,0,7,0,0,1,0,0,0,1,0
6699,196002,11,11,11030720,Herzbergstraße,2019,6,11,7,3,0,7,0,1,0,0,0,0,0,0
6700,196003,11,9,9051701,Hirschgarten,2019,6,12,7,3,0,7,0,1,0,0,0,0,0,0
6701,196004,11,4,4030726,Droysenstraße,2019,6,3,7,3,5,3,1,0,1,0,1,0,0,0
6702,196005,11,9,9020701,Adlershof West,2019,6,11,7,3,5,2,0,1,1,0,0,0,0,0
6703,196006,11,6,6040807,Zehlendorf Eiche,2019,6,21,7,3,5,3,2,0,1,0,0,0,0,0
6704,196007,11,3,3061131,Falkplatz,2019,6,11,7,3,5,2,0,1,1,0,0,0,0,0
6705,196008,11,3,3040614,Pankow Zentrum,2019,6,9,7,3,0,1,0,1,0,0,0,0,0,0
6706,196009,11,6,6020301,Alt-Lankwitz,2019,6,20,7,3,1,5,0,1,1,0,0,0,0,0
6707,196010,11,10,10040830,Kaulsdorf Süd,2019,6,20,7,3,2,2,0,1,1,0,0,0,0,0
6708,196011,11,12,12224230,Heiligensee,2019,6,10,7,3,2,3,0,0,1,0,0,0,0,0
6709,196012,11,7,7010102,Nollendorfplatz,2019,6,10,7,3,7,7,0,1,0,0,0,0,1,0
6710,196013,11,2,2020206,Graefekiez,2019,6,19,7,3,2,6,0,0,1,0,0,0,0,0
6711,196014,11,6,6010205,Südende,2019,6,2,7,3,0,1,2,1,0,0,0,0,0,0
6712,196015,11,4,4041134,Bismarckallee,2019,6,11,7,3,1,5,0,1,1,0,0,0,0,0
6713,196016,11,1,1011301,Charitéviertel,2019,6,16,6,3,0,1,0,1,0,0,0,0,0,0
6714,196017,11,6,6010102,Schloßstraße,2019,6,15,6,3,0,1,0,0,0,0,1,0,0,0
6715,196018,11,5,5020419,Magistratsweg,2019,6,19,7,2,6,4,0,0,1,1,0,0,0,0
6716,196019,11,4,4020311,Reichsstraße,2019,6,9,6,3,5,3,0,0,1,0,1,0,0,0
6717,196020,11,9,9041501,Altstadt Kietz,2019,6,19,7,3,5,3,0,1,1,0,0,0,0,0
6718,196021,11,9,9010401,Johannisthal West,2019,6,15,6,2,5,3,0,0,1,0,1,0,0,0
6719,196022,11,3,3061227,Humannplatz,2019,6,18,7,2,5,3,0,0,1,0,0,0,0,0
6720,196023,11,4,4020311,Reichsstraße,2019,6,15,6,3,2,6,0,0,1,0,0,0,0,0
6721,196024,11,4,4051653,Prager Platz,2019,6,18,7,3,5,2,0,1,1,0,0,0,0,0
6722,196025,11,5,5030730,Zitadellenweg,2019,6,14,6,3,2,6,0,0,1,0,0,0,0,0
6723,196026,11,7,7030303,Grazer Platz,2019,6,14,6,3,0,6,0,0,1,0,1,0,0,0
6724,196027,11,5,5010101,Hakenfelde Nord,2019,6,17,7,3,2,6,0,0,1,0,1,0,0,0
6725,196028,11,6,6010101,Fichtenberg,2019,6,17,7,3,5,3,0,1,1,0,0,0,0,0
6726,196029,11,4,4041344,Rüdesheimer Platz,2019,6,13,6,2,5,3,0,0,1,0,0,0,1,0
6727,196030,11,1,1011303,Alexanderplatzviertel,2019,6,9,6,3,6,4,0,0,1,1,0,0,0,0
6728,196031,11,1,1033201,Brunnenstraße,2019,6,19,7,3,2,6,0,0,1,0,1,0,0,0
6729,196032,11,9,9041403,Allende II,2019,6,12,6,3,5,3,0,1,1,0,0,0,0,0
6730,196033,11,3,3030715,Heinersdorf,2019,6,16,7,3,5,2,0,0,1,0,0,0,0,0
6731,196034,11,1,1022104,Emdener Straße,2019,6,14,6,3,2,6,0,0,1,0,0,0,0,0
6732,196035,11,2,2050801,Traveplatz,2019,6,16,7,3,1,5,0,1,1,0,0,0,0,0
6733,196036,11,1,1011303,Alexanderplatzviertel,2019,6,16,6,3,4,6,0,1,0,0,0,0,0,0
6734,196037,11,5,5010314,Carl-Schurz-Straße,2019,6,9,6,2,6,7,0,0,0,1,0,0,1,0
6735,196038,11,9,9051901,Dammvorstadt,2019,6,15,6,3,2,6,0,0,1,0,0,0,0,0
6736,196039,11,4,4041137,Flinsberger Platz,2019,6,9,6,3,1,5,0,0,1,0,0,1,0,0
6737,196040,11,5,5010311,Eiswerder,2019,6,16,6,3,0,1,0,1,0,0,0,0,0,0
6738,196041,11,12,12214424,Scharnweberstraße,2019,6,17,6,3,2,5,0,0,1,0,1,0,0,0
6739,196042,11,9,9041301,Kietzer Feld/Nachtheide,2019,6,9,6,3,5,3,0,1,1,0,0,0,0,0
6740,196043,11,1,1011302,Oranienburger Straße,2019,6,8,6,3,5,2,0,1,0,0,0,0,1,0
6741,196044,11,1,1011304,Karl-Marx-Allee,2019,6,9,6,3,5,2,0,1,1,0,0,0,0,0
6742,196045,11,5,5010208,Germersheimer Platz,2019,6,8,6,3,2,6,0,0,1,0,0,0,0,0
6743,196046,11,7,7040405,Rathaus Tempelhof,2019,6,11,6,3,6,4,0,1,0,1,0,0,0,0
6744,196047,11,1,1044202,Sparrplatz,2019,6,8,6,3,5,3,0,1,1,0,0,0,0,0
6745,196048,11,7,7010101,Wittenbergplatz/Viktoria-Luise-Platz,2019,6,19,6,3,5,7,0,0,1,0,1,0,0,0
6746,196049,11,3,3061430,Volkspark Prenzlauer Berg,2019,6,8,6,3,6,7,0,0,1,1,0,0,0,0
6747,196050,11,2,2020203,Viktoriapark,2019,6,18,6,3,5,3,0,1,1,0,0,0,0,0
6748,196051,11,7,7060603,Marienfelde Nordost,2019,6,8,6,3,5,3,0,0,1,0,1,0,0,0
6749,196052,11,6,6040809,Thielallee,2019,6,7,6,3,5,2,0,0,1,0,1,0,0,0
6750,196053,11,12,12214125,Waldidyll/Flughafensee,2019,6,17,6,3,2,2,0,0,1,0,0,0,0,0
6751,196054,11,9,9020701,Adlershof West,2019,6,17,6,3,5,2,0,1,1,0,0,0,0,0
6752,196055,11,6,6040804,Krumme Lanke,2019,6,5,6,3,2,6,1,0,1,0,0,1,0,0
6753,196056,11,8,8010303,Donaustraße,2019,6,23,6,3,1,5,2,1,1,0,0,0,0,0
6754,196057,11,3,3040614,Pankow Zentrum,2019,6,8,6,3,6,2,0,0,1,1,0,0,0,0
6755,196058,11,1,1011303,Alexanderplatzviertel,2019,6,21,6,3,6,4,1,0,1,1,0,0,0,0
6756,196059,11,4,4020313,Königin-Elisabeth-Straße,2019,6,8,6,3,5,2,0,0,1,0,0,0,0,0
6757,196060,11,1,1011303,Alexanderplatzviertel,2019,6,20,6,3,5,2,1,0,1,0,0,0,0,0
6758,196061,11,2,2020203,Viktoriapark,2019,6,1,6,2,5,3,2,1,1,0,0,0,0,0
6759,196062,11,4,4020311,Reichsstraße,2019,6,8,6,3,5,2,0,1,1,0,0,0,0,0
6760,196063,11,1,1011201,Wilhelmstraße,2019,6,0,6,3,5,3,2,1,1,0,0,0,0,0
6761,196064,11,1,1011302,Oranienburger Straße,2019,6,18,6,2,0,7,0,1,0,0,0,0,0,0
6762,196065,11,10,10010309,Springpfuhl,2019,6,7,6,3,5,3,0,1,1,0,0,0,0,0
6763,196066,11,1,1011304,Karl-Marx-Allee,2019,6,18,6,3,6,4,0,0,1,1,0,0,0,0
6764,196067,11,11,11051229,Rummelsburg,2019,6,18,6,3,5,2,0,1,1,0,0,0,0,0
6765,196068,11,5,5020522,Pillnitzer Weg,2019,6,7,6,3,3,6,0,0,1,0,1,0,0,0
6766,196069,11,7,7060604,Marienfelde Süd,2019,6,18,6,3,5,2,0,1,1,0,0,0,0,0
6767,196070,11,1,1011202,Unter den Linden Nord,2019,6,6,6,3,5,2,0,1,1,0,0,0,0,0
6768,196071,11,1,1022103,Westhafen,2019,6,17,6,2,3,6,0,0,1,0,1,0,0,0
6769,196072,11,2,2050802,Boxhagener Platz,2019,6,3,6,3,1,5,2,1,1,0,0,0,0,0
6770,196073,11,2,2050801,Traveplatz,2019,6,18,6,3,2,6,0,1,1,0,0,0,0,0
6771,196074,11,8,8010510,Gewerbegebiet Köllnische Heide,2019,6,17,6,3,1,5,0,1,1,0,0,0,1,0
6772,196075,11,2,2010104,Wassertorplatz,2019,6,17,6,3,5,2,0,1,1,0,0,0,0,0
6773,196076,11,12,12231101,Hermsdorf,2019,6,17,6,3,2,6,0,0,1,0,0,0,0,0
6774,196077,11,5,5010313,Ackerstraße,2019,6,19,6,3,5,3,0,0,1,0,0,0,0,0
6775,196078,11,3,3020307,Buchholz,2019,6,7,6,3,5,3,0,0,1,1,0,0,0,0
6776,196079,11,7,7070704,Nahariyastraße,2019,6,18,6,3,8,1,0,1,0,0,0,0,0,0
6777,196080,11,1,1033101,Soldiner Straße,2019,6,9,6,3,3,6,0,1,0,0,0,1,0,0
6778,196081,11,7,7050501,Rathausstraße,2019,6,8,6,3,5,3,0,0,1,0,0,0,1,0
6779,196082,11,1,1011401,Invalidenstraße,2019,6,17,5,2,2,6,0,1,0,0,0,0,0,0
6780,196083,11,6,6040806,Fischtal,2019,6,22,6,3,1,1,2,0,1,0,0,0,0,0
6781,196084,11,3,3061227,Humannplatz,2019,6,8,5,3,5,3,0,1,1,0,0,0,0,0
6782,196085,11,1,1022106,Elberfelder Straße,2019,6,21,6,2,5,2,0,1,1,0,0,0,0,0
6783,196086,11,6,6040703,Nikolassee,2019,6,17,5,2,5,3,0,0,1,0,0,0,0,0
6784,196087,11,12,12214422,Klixstraße,2019,6,20,6,2,5,3,0,0,1,0,1,0,0,0
6785,196088,11,7,7040403,Manteuffelstraße,2019,6,17,5,3,0,6,0,0,1,0,1,0,0,0
6786,196089,11,10,10020621,Gelbes Viertel,2019,6,17,5,3,6,4,0,0,1,1,0,0,0,0
6787,196090,11,2,2010104,Wassertorplatz,2019,6,18,6,2,6,4,0,1,0,1,0,0,0,0
6788,196091,11,8,8010303,Donaustraße,2019,6,13,6,3,6,4,0,0,0,1,0,1,0,0
6789,196092,11,1,1044101,Rehberge,2019,6,13,1,3,1,5,0,1,1,0,0,0,0,0
6790,196093,11,8,8010117,Schillerpromenade,2019,6,12,1,3,3,6,0,1,1,0,0,0,0,0
6791,196094,11,6,6040808,Hüttenweg,2019,6,18,1,3,2,6,0,0,1,0,0,0,0,0
6792,196095,11,5,5020625,Borkumer Straße,2019,6,21,1,2,8,1,1,0,1,0,0,0,0,0
6793,196096,11,1,1011402,Arkonaplatz,2019,6,18,1,3,0,1,0,0,0,0,1,0,0,0
6794,196097,11,11,11051330,Karlshorst West,2019,6,20,7,3,0,7,0,1,0,0,0,0,0,0
6795,196098,11,10,10040931,Mahlsdorf Nord,2019,6,15,7,3,0,1,0,0,0,0,1,0,0,0
6796,196099,11,6,6040703,Nikolassee,2019,6,12,7,3,1,7,0,0,1,0,0,0,0,0
6797,196100,11,4,4020311,Reichsstraße,2019,6,19,7,3,2,2,0,0,1,0,0,0,1,0
6798,196101,11,8,8010509,Schulenburgpark,2019,6,15,7,3,5,2,0,0,1,0,0,0,0,0
6799,196102,11,2,2010101,Askanischer Platz,2019,6,15,7,3,5,3,0,0,1,0,0,0,0,0
6800,196103,11,8,8020620,Tempelhofer Weg,2019,6,15,7,3,5,3,0,0,1,0,1,0,0,0
6801,196104,11,7,7050503,Eisenacher Straße,2019,6,16,7,3,5,2,0,0,1,0,1,0,0,0
6802,196105,11,11,11040925,Victoriastadt,2019,6,16,7,3,3,6,0,1,1,0,0,0,0,0
6803,196106,11,3,3040818,Pankow Süd,2019,6,17,7,3,5,3,0,1,1,0,0,0,0,0
6804,196107,11,8,8020622,Parchimer Allee,2019,6,17,7,3,2,6,0,0,1,0,0,0,0,0
6805,196108,11,7,7010101,Wittenbergplatz/Viktoria-Luise-Platz,2019,6,19,7,3,5,3,0,1,1,0,0,0,0,0
6806,196109,11,4,4030931,Breitscheidplatz,2019,6,20,7,3,2,6,0,0,1,0,0,0,0,0
6807,196110,11,11,11030721,Rüdigerstraße,2019,6,20,7,3,5,3,0,1,0,0,0,0,1,0
6808,196111,11,11,11040925,Victoriastadt,2019,6,21,7,3,0,1,1,1,1,0,0,0,0,0
6809,196112,11,2,2010104,Wassertorplatz,2019,6,21,7,3,2,6,1,0,1,0,1,0,0,0
6810,196113,11,1,1011302,Oranienburger Straße,2019,6,14,7,3,5,3,0,1,1,0,0,0,0,0
6811,196114,11,12,12214125,Waldidyll/Flughafensee,2019,6,12,7,3,1,1,0,0,1,0,0,0,0,0
6812,196115,11,10,10030724,Oberfeldstraße,2019,6,11,7,3,5,3,0,0,1,0,0,0,0,0
6813,196116,11,4,4031032,Halensee,2019,6,11,7,3,0,5,0,0,1,0,0,0,1,0
6814,196117,11,6,6030501,Berlepschstraße,2019,6,10,7,3,5,3,0,0,1,0,0,1,0,0
6815,196118,11,11,11051330,Karlshorst West,2019,6,16,7,3,5,2,0,0,0,0,0,0,1,0
6816,196119,11,9,9031001,Bohnsdorf,2019,6,10,7,3,5,3,0,0,1,0,1,0,0,0
6817,196120,11,11,11040926,Weitlingstraße,2019,6,9,7,3,5,3,0,1,1,0,0,0,0,0
6818,196121,11,1,1033201,Brunnenstraße,2019,6,2,7,3,6,4,2,0,0,1,0,0,1,0
6819,196122,11,10,10010204,Wuhletalstraße,2019,6,15,6,3,2,6,0,0,1,0,0,0,1,0
6820,196123,11,3,3020209,Niederschönhausen,2019,6,18,6,3,0,7,0,1,0,0,0,0,1,0
6821,196124,11,8,8010301,Reuterkiez,2019,6,14,6,3,2,2,0,1,1,0,0,0,0,0
6822,196125,11,11,11051229,Rummelsburg,2019,6,14,6,3,3,6,0,0,1,0,0,1,0,0
6823,196126,11,5,5010101,Hakenfelde Nord,2019,6,17,6,3,5,3,0,1,1,0,0,0,0,0
6824,196127,11,5,5010311,Eiswerder,2019,6,16,6,2,1,5,0,1,1,0,0,0,0,0
6825,196128,11,5,5020419,Magistratsweg,2019,6,16,6,3,2,6,0,0,1,0,0,1,0,0
6826,196129,11,6,6010208,Bergstraße,2019,6,16,6,2,3,6,0,1,1,0,0,0,0,0
6827,196130,11,2,2050803,Stralauer Kiez,2019,6,15,6,3,2,6,0,1,1,0,0,0,0,0
6828,196131,11,3,3051017,Rennbahnstraße,2019,6,13,6,3,1,5,0,1,1,0,0,0,0,0
6829,196132,11,1,1011303,Alexanderplatzviertel,2019,6,13,6,3,2,6,0,1,0,0,0,0,0,0
6830,196133,11,7,7030303,Grazer Platz,2019,6,13,6,3,5,2,0,0,1,0,0,0,0,0
6831,196134,11,3,3051021,Buschallee,2019,6,13,6,3,0,7,0,1,0,0,0,0,0,0
6832,196135,11,8,8010212,Rollberg,2019,6,18,6,3,5,2,0,0,1,0,0,0,0,0
6833,196136,11,1,1022104,Emdener Straße,2019,6,13,6,3,5,2,0,0,1,0,1,0,0,0
6834,196137,11,4,4030623,Ernst-Reuter-Platz,2019,6,13,6,3,2,6,0,0,1,0,0,0,0,0
6835,196138,11,2,2040701,Andreasviertel,2019,6,14,6,3,0,1,0,0,0,0,1,0,0,0
6836,196139,11,11,11010206,Wartenberg Süd,2019,6,15,6,3,2,6,0,0,1,0,0,0,1,0
6837,196140,11,1,1011304,Karl-Marx-Allee,2019,6,13,6,3,5,2,0,0,1,0,0,0,0,0
6838,196141,11,11,11051229,Rummelsburg,2019,6,13,6,3,0,7,0,0,0,0,1,0,0,1
6839,196142,11,2,2040701,Andreasviertel,2019,6,20,6,3,1,5,1,1,1,0,0,0,1,0
6840,196143,11,9,9041301,Kietzer Feld/Nachtheide,2019,6,19,6,3,3,6,0,1,0,0,0,0,1,0
6841,196144,11,10,10020517,Adele-Sandrock-Straße,2019,6,19,6,2,5,3,0,1,1,0,0,0,0,0
6842,196145,11,4,4051446,Preußenpark,2019,6,19,6,3,1,5,0,1,0,0,0,1,0,0
6843,196146,11,8,8010118,Silbersteinstraße,2019,6,19,6,3,2,2,0,0,1,0,0,0,0,0
6844,196147,11,1,1033201,Brunnenstraße,2019,6,19,6,3,5,2,0,1,0,0,0,0,1,0
6845,196148,11,2,2030302,Lausitzer Platz,2019,6,19,6,3,0,7,0,0,1,0,0,0,1,0
6846,196149,11,2,2020206,Graefekiez,2019,6,7,6,3,1,5,0,1,1,0,0,0,1,0
6847,196150,11,2,2050802,Boxhagener Platz,2019,6,23,6,2,0,1,2,1,0,0,0,0,1,0
6848,196151,11,11,11020412,Hauptstraße,2019,6,7,6,2,5,2,0,1,1,0,0,0,0,0
6849,196152,11,9,9020602,Oberspree,2019,6,6,6,3,6,4,0,1,0,1,0,0,0,0
6850,196153,11,12,12214424,Scharnweberstraße,2019,6,5,6,3,5,3,0,0,1,0,0,0,0,0
6851,196154,11,8,8010510,Gewerbegebiet Köllnische Heide,2019,6,13,6,3,5,3,0,1,1,0,0,0,0,0
6852,196155,11,1,1022103,Westhafen,2019,6,13,6,3,2,2,0,0,1,0,0,0,1,0
6853,196156,11,1,1011303,Alexanderplatzviertel,2019,6,9,6,3,1,5,0,1,1,0,0,0,1,0
6854,196157,11,6,6030502,Zehlendorf Süd,2019,6,12,6,3,5,3,0,1,1,0,0,0,0,0
6855,196158,11,5,5040936,Jägerallee,2019,6,10,6,3,4,6,0,1,1,0,0,0,0,0
6856,196159,11,1,1011301,Charitéviertel,2019,6,11,6,3,6,4,0,1,0,1,0,0,0,0
6857,196160,11,6,6020301,Alt-Lankwitz,2019,6,10,6,3,5,3,0,0,1,0,0,0,0,0
6858,196161,11,10,10040933,Mahlsdorf Süd,2019,6,9,6,3,5,3,0,1,1,0,0,0,0,0
6859,196162,11,9,9041501,Altstadt Kietz,2019,6,10,6,2,5,2,0,1,0,0,0,1,0,0
6860,196163,11,10,10040933,Mahlsdorf Süd,2019,6,9,6,3,5,3,0,1,1,0,0,0,0,0
6861,196164,11,1,1011103,Lützowstraße,2019,6,10,6,3,2,6,0,0,1,0,0,0,0,0