,object id,city,district,sub district key,street,year,month,hour of day,weekday,category,accident type,accident type 2,light situation,bike involved,car involved,pedestrian involved,motor bike involved,big track involved,other vehicle involved,road condition
6862,196165,11,8,8010117,Schillerpromenade,2019,6,3,6,3,3,6,2,0,1,0,1,0,0,1
6863,196166,11,2,2050802,Boxhagener Platz,2019,6,0,6,3,6,4,2,0,1,1,0,0,0,1
6864,196167,11,1,1022204,Thomasiusstraße,2019,6,11,6,2,1,5,0,1,1,0,0,0,1,0
6865,196168,11,7,7040403,Manteuffelstraße,2019,6,21,5,3,3,6,2,0,1,0,0,0,0,0
6866,196169,11,7,7030301,Friedenau,2019,6,13,5,3,4,6,0,1,1,0,0,0,0,0
6867,196170,11,1,1011101,Stülerstraße,2019,6,9,5,3,0,2,0,1,0,0,0,1,0,1
6868,196171,11,1,1022203,Lübecker Straße,2019,6,9,5,3,0,1,0,1,0,0,0,0,0,1
6869,196172,11,4,4030415,Schloßgarten,2019,6,8,5,3,2,2,0,1,1,0,0,0,0,1
6870,196173,11,3,3040512,Wilhelmsruh,2019,6,21,5,3,5,3,2,0,1,0,0,0,0,1
6871,196174,11,2,2040701,Andreasviertel,2019,6,22,5,3,1,1,2,1,1,0,0,0,0,0
6872,196175,11,2,2020206,Graefekiez,2019,6,23,5,3,0,3,1,1,0,0,1,0,0,0
6873,196176,11,8,8041035,Blumenviertel,2019,6,7,5,3,5,3,0,1,1,0,0,0,0,0
6874,196177,11,3,3061227,Humannplatz,2019,6,7,5,3,2,6,0,0,1,0,0,0,0,0
6875,196178,11,1,1011301,Charitéviertel,2019,6,7,5,3,5,2,0,1,1,0,0,0,0,0
6876,196179,11,9,9020701,Adlershof West,2019,6,6,5,3,5,3,0,1,1,0,0,0,0,0
6877,196180,11,9,9051901,Dammvorstadt,2019,6,0,5,3,0,1,2,0,1,0,1,0,0,0
6878,196181,11,6,6040808,Hüttenweg,2019,6,23,5,1,0,1,2,1,0,0,0,0,0,0
6879,196182,11,4,4051652,Nikolsburger Platz,2019,6,8,5,3,6,4,0,0,1,1,0,0,0,1
6880,196183,11,1,1044102,Schillerpark,2019,6,8,5,3,5,3,0,1,1,0,0,0,0,1
6881,196184,11,9,9030901,Dorf Altglienicke,2019,6,8,5,2,5,2,0,1,1,0,0,0,0,1
6882,196185,11,6,6020409,Königsberger Straße,2019,6,2,5,3,1,1,2,0,1,0,0,0,0,1
6883,196186,11,2,2040703,Wriezener Bahnhof/Entwicklungsgebiet,2019,6,2,5,3,0,1,2,1,0,0,0,0,0,1
6884,196187,11,1,1011303,Alexanderplatzviertel,2019,6,20,5,2,6,4,0,0,1,1,0,0,0,0
6885,196188,11,9,9020501,Oberschöneweide West,2019,6,7,5,3,5,3,0,1,1,0,0,0,0,0
6886,196189,11,4,4030724,Lietzensee,2019,6,13,5,3,5,7,0,1,1,0,0,0,0,0
6887,196190,11,2,2020205,Chamissokiez,2019,6,7,5,3,5,2,0,1,0,0,0,0,1,0
6888,196191,11,7,7040403,Manteuffelstraße,2019,6,13,5,3,5,3,0,0,1,0,0,0,1,0
6889,196192,11,1,1022103,Westhafen,2019,6,0,5,3,1,7,2,0,1,0,0,0,1,0
6890,196193,11,2,2040703,Wriezener Bahnhof/Entwicklungsgebiet,2019,6,17,5,3,5,5,0,1,1,0,0,0,0,0
6891,196194,11,8,8020619,Buschkrugallee Nord,2019,6,14,5,3,1,5,0,0,1,0,0,0,0,0
6892,196195,11,6,6020410,Oberhofer Platz,2019,6,16,5,3,2,6,0,0,1,0,1,0,0,0
6893,196196,11,3,3010101,Bucher Forst,2019,6,15,5,3,5,3,0,1,1,0,0,0,0,0
6894,196197,11,4,4030931,Breitscheidplatz,2019,6,16,5,3,1,5,0,1,1,0,0,0,0,0
6895,196198,11,4,4031032,Halensee,2019,6,13,5,3,3,6,0,0,1,0,1,0,0,0
6896,196199,11,12,12224230,Heiligensee,2019,6,12,5,3,5,3,0,0,1,0,1,0,0,0
6897,196200,11,6,6020411,Schütte-Lanz-Straße,2019,6,16,5,3,5,2,0,0,1,0,0,0,0,0
6898,196201,11,9,9020701,Adlershof West,2019,6,16,5,3,5,3,0,1,1,0,0,0,0,0
6899,196202,11,2,2030301,Oranienplatz,2019,6,11,5,3,5,3,0,0,1,0,0,0,0,0
6900,196203,11,5,5020625,Borkumer Straße,2019,6,15,5,3,5,2,0,1,1,0,0,0,0,0
6901,196204,11,9,9041301,Kietzer Feld/Nachtheide,2019,6,12,5,2,5,3,0,0,1,0,1,0,0,0
6902,196205,11,4,4030930,George-Grosz-Platz,2019,6,19,5,3,6,4,0,0,1,1,0,0,0,0
6903,196206,11,5,5030832,Rohrdamm,2019,6,11,5,3,5,7,0,0,1,0,1,0,0,0
6904,196207,11,8,8010404,Rixdorf,2019,6,15,5,3,5,3,0,1,1,0,0,0,0,0
6905,196208,11,2,2030302,Lausitzer Platz,2019,6,19,5,3,2,5,0,1,1,0,0,0,0,0
6906,196209,11,11,11051330,Karlshorst West,2019,6,11,4,3,5,2,0,1,1,0,0,0,0,0
6907,196210,11,8,8010404,Rixdorf,2019,6,8,4,3,1,5,0,1,1,0,0,0,0,0
6908,196211,11,8,8020622,Parchimer Allee,2019,6,11,5,3,5,3,0,0,1,0,0,0,0,1
6909,196212,11,4,4051445,Eisenzahnstraße,2019,6,11,5,3,6,4,0,0,1,1,0,0,0,1
6910,196213,11,2,2010102,Mehringplatz,2019,6,13,4,3,6,4,0,0,1,1,0,0,0,0
6911,196214,11,8,8020622,Parchimer Allee,2019,6,18,5,2,6,4,0,0,1,1,0,0,0,0
6912,196215,11,4,4030724,Lietzensee,2019,6,16,4,3,6,4,0,1,0,1,0,0,0,0
6913,196216,11,1,1033102,Gesundbrunnen,2019,6,10,5,3,3,6,0,1,1,0,0,0,0,0
6914,196217,11,7,7030301,Friedenau,2019,6,15,4,3,3,2,0,0,1,0,1,0,0,0
6915,196218,11,2,2030402,Wrangelkiez,2019,6,7,5,3,0,6,0,1,0,0,0,1,0,0
6916,196219,11,3,3040818,Pankow Süd,2019,6,15,4,2,1,5,0,1,1,0,0,0,0,0
6917,196220,11,7,7030301,Friedenau,2019,6,15,4,3,5,2,0,0,1,0,0,0,0,0
6918,196221,11,6,6040809,Thielallee,2019,6,10,5,3,5,2,0,1,1,0,0,0,0,0
6919,196222,11,1,1011302,Oranienburger Straße,2019,6,15,4,3,3,6,0,0,1,0,1,0,0,0
6920,196223,11,1,1022204,Thomasiusstraße,2019,6,9,5,2,6,4,0,0,1,1,0,0,0,1
6921,196224,11,1,1011204,Leipziger Straße,2019,6,14,4,3,2,6,0,1,0,0,0,0,1,0
6922,196225,11,7,7040403,Manteuffelstraße,2019,6,18,5,3,2,2,0,0,1,0,0,0,0,0
6923,196226,11,4,4030519,Kaiserin-Augusta-Allee,2019,6,14,4,3,5,2,0,1,1,0,0,0,0,0
6924,196227,11,7,7020202,Volkspark (Rudolf-Wilde-Park),2019,6,17,5,3,2,6,0,0,1,0,0,0,0,0
6925,196228,11,4,4051652,Nikolsburger Platz,2019,6,13,4,3,5,5,0,1,1,0,0,0,0,0
6926,196229,11,1,1011401,Invalidenstraße,2019,6,13,4,2,0,2,0,1,1,0,0,0,0,0
6927,196230,11,1,1044201,Reinickendorfer Straße,2019,6,18,5,3,5,3,0,0,1,0,0,0,0,0
6928,196231,11,2,2030301,Oranienplatz,2019,6,17,5,3,5,2,0,1,0,0,0,0,1,0
6929,196232,11,2,2050801,Traveplatz,2019,6,13,4,3,6,4,0,0,1,1,0,0,0,0
6930,196233,11,1,1044201,Reinickendorfer Straße,2019,6,13,4,3,5,2,0,0,1,0,0,0,0,0
6931,196234,11,1,1044101,Rehberge,2019,6,17,5,3,2,2,0,0,1,0,1,0,0,0
6932,196235,11,1,1011302,Oranienburger Straße,2019,6,12,4,3,5,5,0,0,1,0,1,0,0,0
6933,196236,11,7,7010101,Wittenbergplatz/Viktoria-Luise-Platz,2019,6,12,4,3,5,2,0,1,1,0,0,0,0,0
6934,196237,11,4,4010101,Jungfernheide,2019,6,18,5,2,6,4,0,0,1,1,0,0,0,0
6935,196238,11,1,1022103,Westhafen,2019,6,9,5,3,0,6,0,0,1,0,1,0,0,0
6936,196239,11,4,4030931,Breitscheidplatz,2019,6,22,4,3,6,4,2,0,0,1,1,0,0,0
6937,196240,11,4,4010102,Plötzensee,2019,6,16,5,3,5,7,0,0,1,0,1,0,0,0
6938,196241,11,12,12301204,Wittenau Nord,2019,6,22,4,3,1,5,2,0,1,0,0,0,0,0
6939,196242,11,2,2050803,Stralauer Kiez,2019,6,9,5,3,3,6,0,0,1,0,0,0,1,1
6940,196243,11,9,9041301,Kietzer Feld/Nachtheide,2019,6,21,4,3,5,3,1,0,1,0,1,0,0,0
6941,196244,11,7,7040401,Neu-Tempelhof,2019,6,9,5,3,0,4,0,0,0,1,0,0,1,0
6942,196245,11,1,1011302,Oranienburger Straße,2019,6,20,4,3,3,6,1,1,1,0,0,0,0,0
6943,196246,11,4,4010101,Jungfernheide,2019,6,19,4,3,5,3,0,0,1,0,0,0,0,0
6944,196247,11,9,9051901,Dammvorstadt,2019,6,9,5,3,1,1,0,1,1,0,0,0,0,1
6945,196248,11,2,2010102,Mehringplatz,2019,6,19,4,3,5,2,0,1,1,0,0,0,0,0
6946,196249,11,1,1033102,Gesundbrunnen,2019,6,8,5,3,0,2,0,0,1,0,1,0,0,1
6947,196250,11,4,4031032,Halensee,2019,6,18,4,3,6,4,0,1,0,1,0,0,0,0
6948,196251,11,9,9020601,Schnellerstraße,2019,6,17,5,3,5,2,0,1,1,0,0,0,0,0
6949,196252,11,5,5010101,Hakenfelde Nord,2019,6,17,4,3,2,6,0,0,1,0,0,0,0,0
6950,196253,11,1,1033203,Humboldthain Nordwest,2019,6,10,5,3,0,1,0,0,0,0,1,0,0,1
6951,196254,11,6,6040810,Dahlem,2019,6,17,4,3,5,2,0,1,1,0,0,0,0,0
6952,196255,11,1,1011301,Charitéviertel,2019,6,17,4,3,1,5,0,1,1,0,0,0,0,0
6953,196256,11,3,3061131,Falkplatz,2019,6,16,5,3,4,1,0,0,1,0,0,0,0,1
6954,196257,11,4,4010103,Paul-Hertz-Siedlung,2019,6,15,5,3,3,6,0,0,1,0,0,0,0,0
6955,196258,11,10,10010308,Marzahner Chaussee,2019,6,10,4,3,0,2,0,0,1,0,1,0,0,0
6956,196259,11,2,2040503,Richard-Sorge-Viertel,2019,6,10,4,3,2,6,0,0,1,0,1,0,0,0
6957,196260,11,1,1011303,Alexanderplatzviertel,2019,6,15,5,3,6,4,0,0,1,1,0,0,0,0
6958,196261,11,9,9010101,Elsenstraße,2019,6,9,4,3,2,6,0,1,1,0,0,0,0,0
6959,196262,11,4,4020310,Park Ruhwald,2019,6,15,5,3,0,2,0,1,1,0,0,0,0,0
6960,196263,11,6,6020304,Kaiser-Wilhelm-Straße,2019,6,9,4,3,6,2,0,0,1,1,0,0,0,0
6961,196264,11,3,3040614,Pankow Zentrum,2019,6,8,4,3,1,1,0,0,1,0,0,0,1,0
6962,196265,11,2,2030302,Lausitzer Platz,2019,6,8,4,3,2,6,0,1,0,0,0,0,0,0
6963,196266,11,3,3061429,Greifswalder Straße,2019,6,8,5,3,0,1,0,1,0,0,0,0,0,1
6964,196267,11,1,1011303,Alexanderplatzviertel,2019,6,8,4,3,5,2,0,1,1,0,0,0,0,0
6965,196268,11,1,1033201,Brunnenstraße,2019,6,18,4,2,5,3,0,0,1,0,0,0,0,0
6966,196269,11,11,11030720,Herzbergstraße,2019,6,8,4,3,2,6,0,0,1,0,0,0,0,0
6967,196270,11,3,3010102,Buch,2019,6,8,4,3,5,3,0,1,1,0,0,0,0,0
6968,196271,11,2,2020206,Graefekiez,2019,6,14,4,3,0,3,0,1,0,0,0,0,0,1
6969,196272,11,10,10020412,Alte Hellersdorfer Straße,2019,6,7,4,3,2,6,0,0,1,0,0,0,0,0
6970,196273,11,1,1011301,Charitéviertel,2019,6,7,4,3,1,5,0,1,1,0,0,0,0,0
6971,196274,11,4,4030519,Kaiserin-Augusta-Allee,2019,6,23,4,3,0,1,2,0,1,0,1,0,0,0
6972,196275,11,7,7050505,Hundsteinweg,2019,6,7,4,3,2,6,0,0,1,0,0,0,0,0
6973,196276,11,7,7050505,Hundsteinweg,2019,6,21,4,3,6,4,0,0,0,1,0,0,1,0
6974,196277,11,3,3061430,Volkspark Prenzlauer Berg,2019,6,6,4,3,6,4,0,1,0,1,0,0,0,0
6975,196278,11,2,2020203,Viktoriapark,2019,6,4,4,3,3,6,1,0,1,0,0,0,0,0
6976,196279,11,8,8010508,Weiße Siedlung,2019,6,20,4,3,5,3,0,0,1,0,0,0,0,0
6977,196280,11,12,12214527,Alt-Tegel,2019,6,19,4,3,5,3,0,0,1,0,1,0,0,0
6978,196281,11,7,7040405,Rathaus Tempelhof,2019,6,12,4,2,5,3,0,1,0,0,0,0,1,0
6979,196282,11,3,3040513,Schönholz,2019,6,11,4,3,0,2,0,0,1,0,1,0,0,0
6980,196283,11,1,1044202,Sparrplatz,2019,6,18,4,3,1,5,0,1,1,0,0,0,0,0
6981,196284,11,1,1011306,Heine-Viertel Ost,2019,6,11,4,3,6,7,0,0,0,1,0,0,1,0
6982,196285,11,10,10010204,Wuhletalstraße,2019,6,17,4,3,5,3,0,1,1,0,0,0,0,0
6983,196286,11,2,2010101,Askanischer Platz,2019,6,10,4,3,3,6,0,1,0,0,0,0,0,0
6984,196287,11,1,1022206,Lüneburger Straße,2019,6,22,4,3,0,2,2,0,1,0,0,0,1,0
6985,196288,11,10,10010310,Alt-Marzahn,2019,6,10,4,3,0,2,0,0,1,0,0,0,1,0
6986,196289,11,1,1011204,Leipziger Straße,2019,6,9,4,3,5,2,0,0,1,0,0,0,0,0
6987,196290,11,4,4051445,Eisenzahnstraße,2019,6,10,4,3,5,3,0,1,0,0,0,0,0,0
6988,196291,11,6,6010101,Fichtenberg,2019,6,13,4,3,5,3,0,0,1,0,0,0,1,0
6989,196292,11,5,5020625,Borkumer Straße,2019,6,9,4,2,5,2,0,0,1,0,0,0,0,0
6990,196293,11,1,1011304,Karl-Marx-Allee,2019,6,18,4,3,0,7,0,1,0,0,0,0,0,0
6991,196294,11,1,1022101,Huttenkiez,2019,6,11,3,3,3,6,0,0,0,0,1,0,1,0
6992,196295,11,1,1044201,Reinickendorfer Straße,2019,6,9,4,3,2,6,0,0,1,0,0,0,0,0
6993,196296,11,1,1022201,Stephankiez,2019,6,10,3,3,5,2,0,1,1,0,0,0,0,0
6994,196297,11,5,5030833,Motardstraße,2019,6,8,4,3,5,2,0,1,1,0,0,0,0,0
6995,196298,11,8,8010404,Rixdorf,2019,6,21,3,3,1,5,0,1,1,0,0,0,0,0
6996,196299,11,7,7060604,Marienfelde Süd,2019,6,7,4,3,1,5,0,1,1,0,0,0,0,0
6997,196300,11,2,2050802,Boxhagener Platz,2019,6,20,3,3,2,6,0,0,1,0,0,0,0,0
6998,196301,11,6,6010103,Markelstraße,2019,6,7,4,3,1,5,0,0,0,0,1,0,1,0
6999,196302,11,4,4010101,Jungfernheide,2019,6,13,3,3,2,6,0,0,0,0,1,1,0,0
7000,196303,11,7,7070704,Nahariyastraße,2019,6,13,3,3,5,2,0,1,1,0,0,0,0,0
7001,196304,11,10,10040933,Mahlsdorf Süd,2019,6,7,4,3,5,3,0,1,1,0,0,0,0,0
7002,196305,11,2,2040701,Andreasviertel,2019,6,10,3,3,3,6,0,0,1,0,0,0,1,0
7003,196306,11,6,6040806,Fischtal,2019,6,7,4,3,5,3,0,1,0,0,0,0,0,0
7004,196307,11,12,12103117,Letteplatz,2019,6,13,3,3,5,3,0,1,1,0,0,0,0,0
7005,196308,11,5,5020417,Staakener Straße,2019,6,12,3,3,5,2,0,1,0,0,0,1,0,0
7006,196309,11,9,9020802,Köllnische Vorstadt,2019,6,7,4,2,5,2,0,1,1,0,0,0,0,0
7007,196310,11,2,2050803,Stralauer Kiez,2019,6,11,3,3,3,6,0,0,1,0,0,0,1,0
7008,196311,11,2,2040703,Wriezener Bahnhof/Entwicklungsgebiet,2019,6,6,4,3,5,2,0,0,1,0,0,0,0,0
7009,196312,11,10,10020622,Kaulsdorf Nord I,2019,6,11,3,2,3,6,0,1,0,0,0,0,1,0
7010,196313,11,7,7040401,Neu-Tempelhof,2019,6,1,4,3,2,6,2,1,1,0,0,0,0,0
7011,196314,11,1,1044103,Westliche Müllerstraße,2019,6,10,3,2,5,5,0,0,1,0,1,0,0,0
7012,196315,11,3,3051021,Buschallee,2019,6,7,4,3,0,7,0,1,0,0,0,0,0,0
7013,196316,11,1,1033201,Brunnenstraße,2019,6,10,3,3,2,6,0,0,1,0,0,0,0,0
7014,196317,11,4,4020310,Park Ruhwald,2019,6,19,3,3,4,2,0,0,1,0,0,0,0,0
7015,196318,11,8,8020625,Handwerker-Siedlung,2019,6,16,4,3,5,2,0,1,0,0,0,0,1,0
7016,196319,11,2,2010103,Moritzplatz,2019,6,16,4,3,5,3,0,1,1,0,0,0,0,0
7017,196320,11,2,2020204,Urbanstraße,2019,6,8,3,3,5,2,0,1,1,0,0,0,0,0
7018,196321,11,7,7020202,Volkspark (Rudolf-Wilde-Park),2019,6,15,4,3,1,5,0,1,1,0,0,0,0,0
7019,196322,11,3,3050920,Weißer See,2019,6,8,3,3,5,3,0,1,1,0,0,0,0,0
7020,196323,11,11,11020412,Hauptstraße,2019,6,13,4,3,6,4,0,0,0,1,0,0,1,0
7021,196324,11,2,2020205,Chamissokiez,2019,6,8,3,3,5,2,0,1,0,0,0,0,0,0
7022,196325,11,12,12103219,Schäfersee,2019,6,15,4,3,5,2,0,0,1,0,0,0,0,0
7023,196326,11,1,1011304,Karl-Marx-Allee,2019,6,19,3,3,5,2,0,1,1,0,0,0,0,0
7024,196327,11,1,1011401,Invalidenstraße,2019,6,8,3,3,0,1,0,1,0,0,0,0,0,0
7025,196328,11,1,1033102,Gesundbrunnen,2019,6,15,4,3,1,5,0,1,1,0,0,0,0,0
7026,196329,11,6,6020304,Kaiser-Wilhelm-Straße,2019,6,8,3,2,5,7,0,0,1,0,0,0,0,0
7027,196330,11,1,1033201,Brunnenstraße,2019,6,14,4,2,5,2,0,0,1,0,1,0,0,0
7028,196331,11,1,1011401,Invalidenstraße,2019,6,8,3,3,0,1,0,1,0,0,0,0,0,0
7029,196332,11,8,8020620,Tempelhofer Weg,2019,6,11,4,3,3,2,0,1,1,0,0,0,0,0
7030,196333,11,8,8020619,Buschkrugallee Nord,2019,6,18,3,3,5,2,0,1,0,0,0,0,1,0
7031,196334,11,4,4030931,Breitscheidplatz,2019,6,12,4,3,2,6,0,1,1,0,0,0,0,0
7032,196335,11,2,2010102,Mehringplatz,2019,6,18,3,3,5,2,0,1,1,0,0,0,0,0
7033,196336,11,9,9010302,Späthsfelde,2019,6,18,3,3,5,2,0,0,1,0,1,0,0,0
7034,196337,11,8,8010118,Silbersteinstraße,2019,6,11,4,2,5,2,0,0,1,0,1,0,0,0
7035,196338,11,2,2040502,Friedenstraße,2019,6,18,3,3,5,2,0,1,0,0,0,1,0,0
7036,196339,11,9,9020802,Köllnische Vorstadt,2019,6,11,4,3,2,6,0,0,1,0,0,0,0,0
7037,196340,11,9,9020601,Schnellerstraße,2019,6,18,3,2,5,2,0,1,1,0,0,0,0,0
7038,196341,11,9,9020602,Oberspree,2019,6,10,4,3,5,3,0,1,1,0,0,0,0,0
7039,196342,11,1,1011203,Unter den Linden Süd,2019,6,17,3,2,5,7,0,1,1,0,0,0,0,0
7040,196343,11,4,4010101,Jungfernheide,2019,6,10,4,3,2,6,0,0,1,0,0,0,1,0
7041,196344,11,10,10030724,Oberfeldstraße,2019,6,13,3,3,5,3,0,1,1,0,0,0,0,0
7042,196345,11,5,5030731,Gartenfelder Straße,2019,6,15,3,3,6,2,0,0,1,1,0,0,0,0
7043,196346,11,6,6020411,Schütte-Lanz-Straße,2019,6,10,4,3,5,3,0,0,1,0,1,0,0,0
7044,196347,11,7,7040405,Rathaus Tempelhof,2019,6,10,4,3,0,5,0,0,1,0,0,0,0,0
7045,196348,11,9,9041403,Allende II,2019,6,16,3,2,5,3,0,1,0,0,0,1,0,0
7046,196349,11,6,6020303,Lankwitz Kirche,2019,6,16,3,3,2,6,0,0,1,0,0,1,0,0
7047,196350,11,1,1011306,Heine-Viertel Ost,2019,6,9,4,3,5,3,0,1,0,0,1,0,0,0
7048,196351,11,2,2020204,Urbanstraße,2019,6,16,3,3,2,2,0,0,1,0,0,0,0,0
7049,196352,11,8,8030831,Gropiusstadt Ost,2019,6,13,3,3,2,6,0,0,1,0,0,0,0,0
7050,196353,11,7,7040403,Manteuffelstraße,2019,6,16,3,3,0,2,0,1,1,0,0,0,0,0
7051,196354,11,3,3061126,Arnimplatz,2019,6,15,3,2,0,1,0,1,0,0,0,0,0,0
7052,196355,11,3,3040614,Pankow Zentrum,2019,6,10,3,3,5,3,0,1,1,0,0,0,0,0
7053,196356,11,7,7040402,Lindenhofsiedlung,2019,6,15,3,2,3,6,0,0,0,0,1,1,0,0
7054,196357,11,4,4030827,Karl-August-Platz,2019,6,15,3,3,5,2,0,0,1,0,0,0,0,0
7055,196358,11,2,2010104,Wassertorplatz,2019,6,16,3,3,6,7,0,1,0,1,0,0,0,0
7056,196359,11,5,5020625,Borkumer Straße,2019,6,14,3,3,5,3,0,1,1,0,0,0,0,0
7057,196360,11,7,7040405,Rathaus Tempelhof,2019,6,11,3,3,1,5,0,1,1,0,0,0,0,0
7058,196361,11,1,1011305,Heine-Viertel West,2019,6,8,3,3,0,5,0,0,1,0,1,0,0,0
7059,196362,11,4,4030623,Ernst-Reuter-Platz,2019,6,7,3,2,1,5,0,1,1,0,0,0,0,0
7060,196363,11,4,4030518,Tegeler Weg,2019,6,0,3,3,1,1,2,0,1,0,0,0,0,0
7061,196364,11,11,11020513,Orankesee,2019,6,6,3,3,2,6,0,0,1,0,0,1,0,0
7062,196365,11,2,2010103,Moritzplatz,2019,6,18,3,3,5,2,0,1,1,0,0,0,0,0
7063,196366,11,1,1011402,Arkonaplatz,2019,6,1,3,3,0,1,2,0,0,0,0,0,1,0
7064,196367,11,2,2010103,Moritzplatz,2019,6,19,2,3,5,2,0,1,0,0,1,0,0,0
7065,196368,11,3,3040512,Wilhelmsruh,2019,6,3,3,3,0,1,2,0,0,0,1,0,0,0
7066,196369,11,4,4030931,Breitscheidplatz,2019,6,15,3,3,0,4,0,1,0,1,0,0,0,0
7067,196370,11,8,8010214,Glasower Straße,2019,6,11,2,3,2,6,0,0,1,0,0,1,0,0
7068,196371,11,1,1011303,Alexanderplatzviertel,2019,6,19,2,3,5,3,0,0,1,0,0,0,1,0
7069,196372,11,4,4051655,Babelsberger Straße,2019,6,9,3,3,5,3,0,1,0,0,0,0,0,0
7070,196373,11,4,4030827,Karl-August-Platz,2019,6,15,2,3,3,2,0,1,0,0,0,0,1,0
7071,196374,11,3,3061227,Humannplatz,2019,6,15,3,3,6,4,0,1,0,1,0,0,0,0
7072,196375,11,1,1044202,Sparrplatz,2019,6,18,2,3,6,4,0,1,0,1,0,0,0,0
7073,196376,11,6,6010206,Stadtpark,2019,6,18,2,3,5,2,0,1,1,0,0,0,0,0
7074,196377,11,1,1011305,Heine-Viertel West,2019,6,15,3,3,2,6,0,0,1,0,0,0,0,0
7075,196378,11,12,12301206,Lübars,2019,6,14,2,3,5,3,0,1,0,0,0,0,1,0
7076,196379,11,5,5010101,Hakenfelde Nord,2019,6,16,2,3,5,3,0,1,1,0,0,0,0,0
7077,196380,11,8,8010404,Rixdorf,2019,6,20,3,3,1,5,1,1,1,0,0,0,0,0
7078,196381,11,3,3030405,Karow Nord,2019,6,16,2,2,5,3,0,1,0,0,0,0,0,0
7079,196382,11,8,8010214,Glasower Straße,2019,6,16,3,3,5,3,0,0,1,0,0,0,0,0
7080,196383,11,2,2020206,Graefekiez,2019,6,20,2,3,3,6,0,0,1,0,0,0,0,0
7081,196384,11,1,1044101,Rehberge,2019,6,17,2,3,5,2,0,1,1,0,0,0,0,0
7082,196385,11,6,6020305,Gemeindepark Lankwitz,2019,6,16,3,3,5,7,0,1,0,0,0,0,0,0
7083,196386,11,1,1044203,Leopoldplatz,2019,6,16,3,3,6,4,0,0,0,1,0,0,1,0
7084,196387,11,7,7070705,Franziusweg/Rohrbachstraße,2019,6,18,2,3,5,5,0,1,1,0,0,0,0,0
7085,196388,11,10,10010207,Marzahner Promenade,2019,6,17,2,3,4,6,0,1,0,0,0,0,0,0
7086,196389,11,1,1022205,Zillesiedlung,2019,6,16,3,3,0,6,0,1,0,0,0,0,1,0
7087,196390,11,4,4030827,Karl-August-Platz,2019,6,17,2,3,5,3,0,0,1,0,0,0,0,0
7088,196391,11,11,11020514,Große-Leege-Straße,2019,6,15,3,3,3,6,0,1,1,0,0,0,0,0
7089,196392,11,1,1022104,Emdener Straße,2019,6,17,2,3,2,6,0,0,1,0,1,0,0,0
7090,196393,11,7,7010102,Nollendorfplatz,2019,6,16,2,3,3,6,0,0,1,0,1,0,0,0
7091,196394,11,4,4030930,George-Grosz-Platz,2019,6,10,2,3,5,2,0,0,1,0,1,0,0,0
7092,196395,11,7,7060604,Marienfelde Süd,2019,6,14,3,3,5,2,0,0,1,0,1,0,0,0
7093,196396,11,7,7040401,Neu-Tempelhof,2019,6,9,2,3,5,3,0,0,1,0,0,0,0,0
7094,196397,11,8,8020619,Buschkrugallee Nord,2019,6,15,3,3,5,7,0,0,1,0,0,0,1,0
7095,196398,11,2,2020206,Graefekiez,2019,6,18,2,2,2,6,0,0,1,0,1,0,0,0
7096,196399,11,3,3071639,Bötzowstraße,2019,6,15,3,3,6,4,0,0,1,1,0,0,0,0
7097,196400,11,1,1044202,Sparrplatz,2019,6,8,2,3,5,2,0,1,0,0,0,0,1,0
7098,196401,11,10,10030726,Alt-Biesdorf,2019,6,15,3,3,5,2,0,1,1,0,0,0,0,0
7099,196402,11,1,1033102,Gesundbrunnen,2019,6,17,2,2,6,4,0,0,1,1,0,0,0,0
7100,196403,11,7,7040403,Manteuffelstraße,2019,6,15,3,3,2,6,0,0,0,0,1,0,1,0
7101,196404,11,4,4030827,Karl-August-Platz,2019,6,18,2,3,2,6,0,0,1,0,0,0,0,0
7102,196405,11,1,1033102,Gesundbrunnen,2019,6,15,3,2,0,1,0,1,0,0,0,0,0,0
7103,196406,11,5,5020626,Adamstraße,2019,6,18,2,3,5,3,0,0,1,0,0,0,0,0
7104,196407,11,9,9010302,Späthsfelde,2019,6,16,2,3,5,2,0,0,0,0,1,0,1,0
7105,196408,11,4,4030930,George-Grosz-Platz,2019,6,16,3,3,6,7,0,0,1,1,0,0,0,0
7106,196409,11,7,7040401,Neu-Tempelhof,2019,6,18,2,3,2,6,0,0,1,0,0,0,0,0
7107,196410,11,1,2010102,Mehringplatz,2019,6,11,3,3,6,4,0,0,1,1,0,0,0,0
7108,196411,11,12,12304314,Ziekowstraße/Freie Scholle,2019,6,15,2,2,1,5,0,0,1,0,0,0,0,0
7109,196412,11,1,1011305,Heine-Viertel West,2019,6,15,2,3,5,2,0,1,1,0,0,0,0,0
7110,196413,11,7,7070701,Kettinger Straße/Schillerstraße,2019,6,13,3,3,1,7,0,0,1,0,0,0,0,0
7111,196414,11,6,6040810,Dahlem,2019,6,15,2,3,5,2,0,0,1,0,0,0,0,0
7112,196415,11,7,7030303,Grazer Platz,2019,6,12,3,3,5,3,0,0,1,0,0,0,0,0
7113,196416,11,12,12214421,Reinickes Hof,2019,6,8,2,3,5,2,0,1,1,0,0,0,0,0
7114,196417,11,9,9031101,Grünau,2019,6,12,3,3,5,2,0,0,1,0,1,0,0,0
7115,196418,11,7,7030301,Friedenau,2019,6,10,2,3,5,2,0,0,1,0,1,0,0,0