,object id,city,district,sub district key,street,year,month,hour of day,weekday,category,accident type,accident type 2,light situation,bike involved,car involved,pedestrian involved,motor bike involved,big track involved,other vehicle involved,road condition
7116,196419,11,2,2030302,Lausitzer Platz,2019,6,12,3,3,5,3,0,0,1,0,1,0,0,0
7117,196420,11,4,4030930,George-Grosz-Platz,2019,6,15,2,3,5,7,0,0,1,0,0,0,0,0
7118,196421,11,7,7010101,Wittenbergplatz/Viktoria-Luise-Platz,2019,6,15,2,3,5,3,0,0,1,0,0,0,0,0
7119,196422,11,10,10030727,Biesdorf Süd,2019,6,12,3,3,0,7,0,0,1,0,0,0,0,0
7120,196423,11,12,12302108,Märkisches Zentrum,2019,6,12,3,3,5,3,0,0,1,0,0,0,0,0
7121,196424,11,7,7040403,Manteuffelstraße,2019,6,15,2,3,2,6,0,0,1,0,0,0,1,0
7122,196425,11,10,10010102,Havemannstraße,2019,6,11,3,3,5,5,0,0,1,0,0,0,0,0
7123,196426,11,2,2050602,Samariterviertel,2019,6,6,2,3,2,7,0,0,1,0,1,0,0,0
7124,196427,11,9,9010301,Baumschulenstraße,2019,6,21,3,3,6,2,2,0,1,1,0,0,0,0
7125,196428,11,3,3050919,Gustav-Adolf-Straße,2019,6,6,2,3,5,2,0,1,0,0,0,0,1,0
7126,196429,11,3,3061332,Helmholtzplatz,2019,6,7,2,3,2,7,0,1,0,0,0,0,1,0
7127,196430,11,11,11030618,Fennpfuhl West,2019,6,19,3,3,5,3,0,1,0,0,0,0,0,0
7128,196431,11,2,2010103,Moritzplatz,2019,6,18,3,3,2,6,0,1,1,0,0,0,0,0
7129,196432,11,4,4030620,Alt-Lietzow,2019,6,14,2,3,5,2,0,0,1,0,0,0,0,0
7130,196433,11,7,7040405,Rathaus Tempelhof,2019,6,16,2,3,2,6,0,0,1,0,0,0,1,0
7131,196434,11,8,8010118,Silbersteinstraße,2019,6,19,3,3,0,6,0,0,1,0,0,0,1,0
7132,196435,11,6,6040810,Dahlem,2019,6,14,2,3,3,6,0,0,1,0,1,0,0,0
7133,196436,11,8,8010115,Hasenheide,2019,6,19,3,2,6,4,0,0,1,1,0,0,0,0
7134,196437,11,2,2020206,Graefekiez,2019,6,13,2,3,6,7,0,0,0,1,0,0,1,0
7135,196438,11,12,12304314,Ziekowstraße/Freie Scholle,2019,6,12,2,3,0,2,0,0,1,0,1,0,0,0
7136,196439,11,4,4041342,Schlangenbader Straße,2019,6,18,3,3,5,2,0,0,1,0,0,0,0,0
7137,196440,11,3,3010104,Lietzengraben,2019,6,11,2,3,3,6,0,0,1,0,0,0,0,0
7138,196441,11,5,5020417,Staakener Straße,2019,6,18,3,3,3,6,0,0,1,0,0,0,0,0
7139,196442,11,1,1011302,Oranienburger Straße,2019,6,23,2,2,6,2,2,0,1,1,0,0,0,0
7140,196443,11,12,12214527,Alt-Tegel,2019,6,18,3,3,2,2,0,1,1,0,0,0,0,0
7141,196444,11,8,8010301,Reuterkiez,2019,6,21,2,3,3,6,2,1,1,0,0,0,0,0
7142,196445,11,8,8010510,Gewerbegebiet Köllnische Heide,2019,6,11,3,3,2,6,0,0,1,0,0,0,0,0
7143,196446,11,3,3040614,Pankow Zentrum,2019,6,11,2,3,5,3,0,1,1,0,0,0,0,0
7144,196447,11,11,11051331,Karlshorst Nord,2019,6,10,2,3,5,2,0,0,1,0,0,0,1,0
7145,196448,11,1,1022204,Thomasiusstraße,2019,6,17,3,3,5,3,0,1,0,0,0,0,0,0
7146,196449,11,6,6040804,Krumme Lanke,2019,6,11,3,3,5,3,0,1,1,0,0,0,0,0
7147,196450,11,1,1011304,Karl-Marx-Allee,2019,6,21,2,2,6,4,1,0,0,1,0,0,1,0
7148,196451,11,9,9041301,Kietzer Feld/Nachtheide,2019,6,10,2,3,5,3,0,1,1,0,0,0,0,0
7149,196452,11,1,1011304,Karl-Marx-Allee,2019,6,10,3,3,2,6,0,0,1,0,0,0,0,0
7150,196453,11,4,4030623,Ernst-Reuter-Platz,2019,6,10,2,3,6,4,0,0,1,1,0,0,0,0
7151,196454,11,12,12103218,Teichstraße,2019,6,17,3,3,2,6,0,0,1,0,0,0,0,0
7152,196455,11,7,7040403,Manteuffelstraße,2019,6,10,2,3,1,5,0,1,1,0,0,0,0,0
7153,196456,11,4,4051653,Prager Platz,2019,6,16,3,3,2,6,0,0,1,0,1,0,0,0
7154,196457,11,1,1011103,Lützowstraße,2019,6,20,2,2,5,2,0,0,1,0,0,0,1,0
7155,196458,11,4,4030931,Breitscheidplatz,2019,6,10,3,3,1,5,0,1,1,0,0,0,0,0
7156,196459,11,4,4030620,Alt-Lietzow,2019,6,17,2,3,0,7,0,0,0,0,1,0,0,1
7157,196460,11,1,1033102,Gesundbrunnen,2019,6,9,3,3,5,3,0,0,1,0,0,0,0,0
7158,196461,11,6,6020409,Königsberger Straße,2019,6,9,2,3,5,2,0,0,1,0,0,0,0,0
7159,196462,11,2,2010101,Askanischer Platz,2019,6,9,3,3,3,6,0,1,0,0,1,0,0,0
7160,196463,11,5,5020522,Pillnitzer Weg,2019,6,9,2,3,5,3,0,0,1,0,0,0,0,0
7161,196464,11,11,11041128,Sewanstraße,2019,6,9,2,3,6,4,0,0,0,1,1,0,0,0
7162,196465,11,1,1044101,Rehberge,2019,6,16,3,3,2,6,0,0,1,0,1,0,0,0
7163,196466,11,1,1044102,Schillerpark,2019,6,9,2,2,5,2,0,1,1,0,0,0,0,0
7164,196467,11,12,12302212,Rollbergesiedlung,2019,6,9,3,3,5,2,0,1,1,0,0,0,0,0
7165,196468,11,11,11040926,Weitlingstraße,2019,6,9,2,3,5,3,0,0,1,0,1,0,0,0
7166,196469,11,11,11020513,Orankesee,2019,6,16,3,3,3,6,0,0,1,0,0,1,0,0
7167,196470,11,9,9051901,Dammvorstadt,2019,6,8,2,2,5,2,0,1,1,0,0,0,0,0
7168,196471,11,10,10040830,Kaulsdorf Süd,2019,6,16,3,3,5,3,0,1,1,0,0,0,0,0
7169,196472,11,9,9020501,Oberschöneweide West,2019,6,8,2,3,0,6,0,1,0,0,0,1,0,0
7170,196473,11,7,7050501,Rathausstraße,2019,6,8,2,3,2,6,0,0,1,0,0,0,0,0
7171,196474,11,1,1022104,Emdener Straße,2019,6,9,3,3,2,6,0,0,1,0,0,0,0,0
7172,196475,11,1,1011306,Heine-Viertel Ost,2019,6,16,3,3,3,6,0,1,1,0,0,0,0,0
7173,196476,11,10,10030724,Oberfeldstraße,2019,6,8,2,3,5,2,0,0,1,0,0,0,0,0
7174,196477,11,4,4030620,Alt-Lietzow,2019,6,18,2,3,2,6,0,0,1,0,0,0,1,0
7175,196478,11,2,2010101,Askanischer Platz,2019,6,9,3,3,5,2,0,1,1,0,0,0,0,0
7176,196479,11,4,4031032,Halensee,2019,6,9,1,3,5,2,0,1,1,0,0,0,0,0
7177,196480,11,9,9041501,Altstadt Kietz,2019,6,16,3,3,1,5,0,1,1,0,0,0,1,0
7178,196481,11,11,11051331,Karlshorst Nord,2019,6,0,1,3,5,3,2,0,1,0,0,0,0,0
7179,196482,11,5,5030730,Zitadellenweg,2019,6,1,1,2,0,1,2,0,1,0,1,0,0,0
7180,196483,11,1,1011102,Großer Tiergarten,2019,6,8,3,3,5,3,0,0,1,0,1,0,0,0
7181,196484,11,1,1044202,Sparrplatz,2019,6,9,1,3,2,6,0,0,1,0,0,0,1,0
7182,196485,11,12,12231101,Hermsdorf,2019,6,9,1,3,5,3,0,0,1,0,0,0,0,0
7183,196486,11,2,2010103,Moritzplatz,2019,6,8,3,3,5,2,0,1,0,0,0,0,1,0
7184,196487,11,9,9020701,Adlershof West,2019,6,11,1,3,0,2,0,0,1,0,1,0,0,0
7185,196488,11,8,8010301,Reuterkiez,2019,6,22,1,3,1,5,1,1,1,0,0,0,0,0
7186,196489,11,5,5010314,Carl-Schurz-Straße,2019,6,7,3,3,3,6,0,0,1,0,1,0,0,0
7187,196490,11,1,1011401,Invalidenstraße,2019,6,21,1,2,5,3,1,0,1,0,1,0,0,0
7188,196491,11,1,1022106,Elberfelder Straße,2019,6,8,3,3,5,2,0,1,1,0,0,0,0,0
7189,196492,11,1,1044101,Rehberge,2019,6,21,1,3,1,5,1,1,1,0,0,0,1,0
7190,196493,11,5,5030730,Zitadellenweg,2019,6,6,3,3,2,2,0,0,1,0,1,0,0,0
7191,196494,11,1,1011301,Charitéviertel,2019,6,20,1,2,2,6,0,0,1,0,1,0,0,0
7192,196495,11,1,1033201,Brunnenstraße,2019,6,8,3,3,5,2,0,0,1,0,0,0,1,0
7193,196496,11,10,10030724,Oberfeldstraße,2019,6,19,1,3,5,7,0,1,1,0,0,0,0,0
7194,196497,11,10,10040933,Mahlsdorf Süd,2019,6,19,1,3,5,3,0,0,1,0,1,0,0,0
7195,196498,11,9,9041301,Kietzer Feld/Nachtheide,2019,6,7,3,3,5,3,0,1,1,0,0,0,0,0
7196,196499,11,12,12301203,Wittenau Süd,2019,6,7,3,3,5,2,0,0,1,0,1,0,0,0
7197,196500,11,7,7020204,Schöneberger Insel,2019,6,17,1,3,1,5,0,1,1,0,0,0,0,0
7198,196501,11,7,7040401,Neu-Tempelhof,2019,6,17,1,3,1,5,0,1,1,0,0,0,0,0
7199,196502,11,3,3030711,Blankenburg,2019,6,7,3,3,5,2,0,1,1,0,0,0,0,0
7200,196503,11,8,8010214,Glasower Straße,2019,6,17,1,3,0,6,0,0,1,0,1,0,0,0
7201,196504,11,5,5010310,Eckschanze,2019,6,6,3,3,5,3,0,1,1,0,0,0,0,0
7202,196505,11,6,6040809,Thielallee,2019,6,14,1,3,5,3,0,0,1,0,0,0,0,0
7203,196506,11,1,1011201,Wilhelmstraße,2019,6,14,2,3,6,4,0,0,1,1,0,0,0,0
7204,196507,11,3,3020209,Niederschönhausen,2019,6,14,1,3,5,2,0,0,1,0,0,0,0,0
7205,196508,11,1,1011302,Oranienburger Straße,2019,6,17,2,3,5,7,0,0,1,0,0,0,0,0
7206,196509,11,9,9010101,Elsenstraße,2019,6,14,1,3,2,7,0,1,1,0,0,0,0,0
7207,196510,11,6,6040703,Nikolassee,2019,6,14,1,3,5,3,0,1,1,0,0,0,0,0
7208,196511,11,4,4020313,Königin-Elisabeth-Straße,2019,6,12,2,3,5,2,0,0,1,0,1,0,0,0
7209,196512,11,5,5020416,Am Heideberg,2019,7,19,5,3,6,6,0,0,1,1,0,0,0,0
7210,196513,11,2,2020204,Urbanstraße,2019,7,19,5,2,5,2,0,1,1,0,0,0,0,0
7211,196514,11,1,1044101,Rehberge,2019,7,18,5,3,6,7,0,1,0,1,0,0,0,0
7212,196515,11,1,1011201,Wilhelmstraße,2019,7,17,5,2,5,2,0,0,1,0,1,0,0,0
7213,196516,11,9,9051702,Bölschestraße,2019,7,17,5,2,5,3,0,1,1,0,0,0,0,0
7214,196517,11,8,8010118,Silbersteinstraße,2019,7,17,5,3,5,2,0,0,1,0,0,0,0,0
7215,196518,11,2,2030302,Lausitzer Platz,2019,7,17,5,3,5,2,0,1,1,0,0,0,0,0
7216,196519,11,1,1011302,Oranienburger Straße,2019,7,16,5,2,0,4,0,1,0,1,0,0,0,0
7217,196520,11,4,4051551,Brabanter Platz,2019,7,15,5,3,0,7,0,0,0,0,1,0,1,1
7218,196521,11,5,5020625,Borkumer Straße,2019,7,16,5,2,6,4,0,0,1,1,0,0,0,0
7219,196522,11,3,3010102,Buch,2019,7,16,5,2,5,3,0,1,1,0,0,0,0,0
7220,196523,11,8,8020619,Buschkrugallee Nord,2019,7,14,5,2,5,3,0,0,1,0,1,0,0,0
7221,196524,11,10,10030727,Biesdorf Süd,2019,7,13,5,3,1,5,0,1,1,0,0,0,0,0
7222,196525,11,2,2050802,Boxhagener Platz,2019,7,13,5,3,1,5,0,0,1,0,1,0,1,0
7223,196526,11,4,4030726,Droysenstraße,2019,7,13,5,2,6,4,0,0,1,1,0,0,0,0
7224,196527,11,9,9020701,Adlershof West,2019,7,12,5,3,5,3,0,0,0,0,0,1,1,0
7225,196528,11,8,8020622,Parchimer Allee,2019,7,9,5,3,2,6,0,0,1,0,0,0,0,0
7226,196529,11,2,2040701,Andreasviertel,2019,7,8,5,2,5,3,0,1,1,0,0,0,0,0
7227,196530,11,1,1044201,Reinickendorfer Straße,2019,7,7,5,3,6,4,0,0,0,1,0,1,0,0
7228,196531,11,1,1011306,Heine-Viertel Ost,2019,7,7,5,3,5,2,0,1,1,0,0,0,0,0
7229,196532,11,4,4031032,Halensee,2019,7,7,5,3,5,3,0,1,1,0,0,0,0,0
7230,196533,11,5,5020523,Maulbeerallee,2019,7,7,5,3,2,6,0,0,1,0,0,0,0,0
7231,196534,11,1,1011202,Unter den Linden Nord,2019,7,7,5,3,3,6,0,1,1,0,0,0,0,0
7232,196535,11,11,11030720,Herzbergstraße,2019,7,1,5,3,6,4,2,0,1,1,0,0,0,0
7233,196536,11,4,4030623,Ernst-Reuter-Platz,2019,7,9,4,3,6,7,0,1,0,0,0,0,1,0
7234,196537,11,3,3071537,Kollwitzplatz,2019,7,22,4,3,0,3,2,0,1,0,1,0,0,0
7235,196538,11,3,3010101,Bucher Forst,2019,7,20,4,3,6,7,0,1,0,1,0,0,0,0
7236,196539,11,2,2030401,Reichenberger Straße,2019,7,19,4,2,5,3,0,1,1,0,0,0,0,0
7237,196540,11,1,1011204,Leipziger Straße,2019,7,17,4,3,5,2,0,1,1,0,0,0,0,0
7238,196541,11,1,1011305,Heine-Viertel West,2019,7,17,4,3,5,2,0,1,1,0,0,0,0,0
7239,196542,11,6,6040701,Wannsee,2019,7,16,4,3,9,1,0,0,1,0,0,0,0,0
7240,196543,11,8,8020619,Buschkrugallee Nord,2019,7,16,4,3,1,1,0,0,1,0,1,0,0,0
7241,196544,11,2,2040701,Andreasviertel,2019,7,16,4,3,3,6,0,1,1,0,0,0,0,0
7242,196545,11,4,4020209,Eichkamp,2019,7,15,4,2,0,1,0,1,0,0,0,0,0,0
7243,196546,11,10,10010308,Marzahner Chaussee,2019,7,14,4,3,5,2,0,1,0,0,0,0,1,0
7244,196547,11,5,5010206,Gütersloher Weg,2019,7,23,4,2,7,7,2,0,0,0,0,0,1,0
7245,196548,11,7,7040405,Rathaus Tempelhof,2019,7,22,4,3,0,3,2,0,1,0,0,0,1,0
7246,196549,11,4,4030929,Hindemithplatz,2019,7,20,4,3,1,5,0,0,1,0,0,0,1,0
7247,196550,11,1,1022104,Emdener Straße,2019,7,13,4,3,1,7,0,0,1,0,1,0,0,0
7248,196551,11,8,8030831,Gropiusstadt Ost,2019,7,13,4,3,0,2,0,0,0,0,1,0,1,0
7249,196552,11,9,9041601,Müggelheim,2019,7,9,4,3,2,6,0,1,0,0,0,0,0,0
7250,196553,11,7,7040405,Rathaus Tempelhof,2019,7,12,4,3,5,7,0,0,1,0,1,0,0,0
7251,196554,11,2,2010103,Moritzplatz,2019,7,11,4,3,2,6,0,0,1,0,0,0,0,0
7252,196555,11,4,4030931,Breitscheidplatz,2019,7,11,4,3,5,5,0,1,1,0,0,0,0,0
7253,196556,11,1,1011201,Wilhelmstraße,2019,7,10,4,3,5,2,0,1,1,0,0,0,0,0
7254,196557,11,1,1033102,Gesundbrunnen,2019,7,7,4,3,1,5,0,1,1,0,0,0,0,0
7255,196558,11,2,2010101,Askanischer Platz,2019,7,9,4,3,6,7,0,1,0,1,0,0,0,0
7256,196559,11,1,1033203,Humboldthain Nordwest,2019,7,9,4,3,5,3,0,1,0,0,0,1,0,0
7257,196560,11,9,9010202,Köpenicker Landstraße,2019,7,9,4,3,0,1,0,1,0,0,0,0,0,0
7258,196561,11,5,5010103,Amorbacher Weg,2019,7,9,4,3,0,3,0,0,1,0,1,0,0,0
7259,196562,11,12,12103219,Schäfersee,2019,7,16,4,3,9,1,0,0,1,0,0,0,0,0
7260,196563,11,11,11020514,Große-Leege-Straße,2019,7,9,4,3,5,2,0,1,1,0,0,0,0,0
7261,196564,11,12,12103220,Humboldtstraße,2019,7,15,4,2,1,7,0,0,1,0,0,0,1,0
7262,196565,11,4,4030726,Droysenstraße,2019,7,15,4,3,0,1,0,0,0,0,1,0,0,0
7263,196566,11,11,11030721,Rüdigerstraße,2019,7,15,4,3,1,5,0,1,1,0,0,0,0,0
7264,196567,11,10,10010206,Ringkolonnaden,2019,7,15,4,2,5,2,0,0,0,0,1,0,1,0
7265,196568,11,5,5010207,Darbystraße,2019,7,15,4,3,0,2,0,1,1,0,0,0,0,0
7266,196569,11,4,4030930,George-Grosz-Platz,2019,7,14,4,3,2,7,0,0,1,0,0,0,0,0
7267,196570,11,4,4030931,Breitscheidplatz,2019,7,14,4,3,5,2,0,1,1,0,0,0,0,0
7268,196571,11,9,9030901,Dorf Altglienicke,2019,7,8,4,3,5,2,0,1,1,0,0,0,0,0
7269,196572,11,3,3020307,Buchholz,2019,7,7,4,3,0,1,0,1,0,0,0,0,0,0
7270,196573,11,9,9020701,Adlershof West,2019,7,7,4,3,5,3,0,1,0,0,1,0,0,0
7271,196574,11,4,5030832,Rohrdamm,2019,7,0,4,3,7,7,2,0,1,0,0,0,0,0
7272,196575,11,6,6030504,Teltower Damm,2019,7,14,4,3,5,3,0,1,1,0,0,0,0,0
7273,196576,11,7,7040404,Marienhöhe,2019,7,14,4,2,2,6,0,0,1,0,0,0,1,0
7274,196577,11,9,9010302,Späthsfelde,2019,7,13,4,3,4,6,0,0,1,0,0,0,0,0
7275,196578,11,2,2040503,Richard-Sorge-Viertel,2019,7,15,4,3,3,6,0,1,1,0,0,0,0,0
7276,196579,11,1,1011301,Charitéviertel,2019,7,13,4,3,1,5,0,1,1,0,0,0,0,0
7277,196580,11,4,4030827,Karl-August-Platz,2019,7,13,4,3,5,7,0,1,1,0,0,0,0,0
7278,196581,11,4,4030827,Karl-August-Platz,2019,7,12,4,3,3,6,0,1,1,0,0,0,0,0
7279,196582,11,1,1033201,Brunnenstraße,2019,7,19,3,3,0,6,0,0,1,0,1,0,0,0
7280,196583,11,8,8010404,Rixdorf,2019,7,13,3,3,0,6,0,0,1,0,0,0,1,0
7281,196584,11,4,4051446,Preußenpark,2019,7,8,3,3,0,7,0,1,0,0,0,0,0,1
7282,196585,11,11,11051331,Karlshorst Nord,2019,7,19,3,3,5,3,0,1,0,0,0,0,1,0
7283,196586,11,7,7010102,Nollendorfplatz,2019,7,22,3,3,0,7,2,0,0,0,1,0,0,0
7284,196587,11,4,4030623,Ernst-Reuter-Platz,2019,7,15,3,3,5,3,0,1,1,0,0,0,0,0
7285,196588,11,3,3061126,Arnimplatz,2019,7,15,3,3,2,6,0,0,1,0,1,0,0,0
7286,196589,11,9,9030901,Dorf Altglienicke,2019,7,14,3,3,5,2,0,0,1,0,0,0,1,0
7287,196590,11,1,1011105,Nördlicher Landwehrkanal,2019,7,16,3,3,2,2,0,0,1,0,0,0,0,0
7288,196591,11,7,7010102,Nollendorfplatz,2019,7,14,3,2,5,7,0,0,1,0,1,0,0,0
7289,196592,11,4,4051448,Schaperstraße,2019,7,14,3,3,6,7,0,1,0,1,0,0,0,0
7290,196593,11,2,2020204,Urbanstraße,2019,7,22,3,3,2,6,2,0,1,0,1,0,0,0
7291,196594,11,4,4030724,Lietzensee,2019,7,21,3,3,5,2,0,0,1,0,1,0,0,0
7292,196595,11,5,5010207,Darbystraße,2019,7,20,3,3,2,6,1,0,1,0,0,0,0,0
7293,196596,11,1,1033101,Soldiner Straße,2019,7,13,3,2,5,7,0,0,1,0,1,0,0,0
7294,196597,11,4,4051448,Schaperstraße,2019,7,12,3,3,2,6,0,0,1,0,1,0,0,0
7295,196598,11,1,1011301,Charitéviertel,2019,7,19,3,3,3,6,0,1,0,1,0,0,1,0
7296,196599,11,6,6040703,Nikolassee,2019,7,18,3,3,5,3,0,1,1,0,0,0,0,0
7297,196600,11,7,7010104,Dennewitzplatz,2019,7,18,3,2,0,7,0,1,0,1,0,0,0,0
7298,196601,11,2,2040701,Andreasviertel,2019,7,12,3,3,6,4,0,1,0,1,0,0,0,0
7299,196602,11,2,2020206,Graefekiez,2019,7,18,3,3,0,6,0,0,0,0,0,0,1,0
7300,196603,11,8,8020728,Buckow Ost,2019,7,17,3,3,0,3,0,1,1,0,0,0,0,0
7301,196604,11,9,9020601,Schnellerstraße,2019,7,17,3,3,0,1,0,1,1,0,0,0,0,0
7302,196605,11,7,7040405,Rathaus Tempelhof,2019,7,17,3,3,2,6,0,0,1,0,1,0,0,0
7303,196606,11,6,6040807,Zehlendorf Eiche,2019,7,17,3,2,1,5,0,1,0,0,0,0,1,0
7304,196607,11,4,4041240,Messelpark,2019,7,17,3,3,5,3,0,1,1,0,0,0,0,0
7305,196608,11,11,11020514,Große-Leege-Straße,2019,7,15,3,3,6,4,0,1,0,1,0,0,0,0
7306,196609,11,11,11051331,Karlshorst Nord,2019,7,10,3,3,5,3,0,0,1,0,0,0,0,0
7307,196610,11,2,2050803,Stralauer Kiez,2019,7,16,3,3,5,2,0,1,1,0,0,0,0,0
7308,196611,11,8,8030829,Gropiusstadt Nord,2019,7,16,3,3,5,3,0,1,1,0,0,0,0,0
7309,196612,11,1,1033102,Gesundbrunnen,2019,7,16,3,3,1,5,0,1,1,0,0,0,0,0
7310,196613,11,1,1044103,Westliche Müllerstraße,2019,7,16,3,3,5,3,0,1,1,0,0,0,0,0
7311,196614,11,9,9020502,Oberschöneweide Ost,2019,7,15,3,3,5,2,0,0,1,0,0,0,1,0
7312,196615,11,11,11030721,Rüdigerstraße,2019,7,15,3,2,2,6,0,0,1,0,0,0,0,0
7313,196616,11,5,5010314,Carl-Schurz-Straße,2019,7,15,3,3,6,4,0,0,1,1,0,0,0,0
7314,196617,11,7,7060604,Marienfelde Süd,2019,7,10,3,2,5,2,0,0,1,0,0,0,0,0
7315,196618,11,4,4051446,Preußenpark,2019,7,10,3,3,5,2,0,1,1,0,0,0,0,0
7316,196619,11,8,8020625,Handwerker-Siedlung,2019,7,10,3,3,5,2,0,1,1,0,0,0,0,0
7317,196620,11,12,12103220,Humboldtstraße,2019,7,7,4,2,2,6,0,1,1,0,0,0,0,0
7318,196621,11,1,1011104,Körnerstraße,2019,7,9,3,3,5,7,0,1,1,0,0,0,0,0
7319,196622,11,7,7040403,Manteuffelstraße,2019,7,9,3,3,5,2,0,0,1,0,1,0,0,0
7320,196623,11,4,4041137,Flinsberger Platz,2019,7,16,4,3,6,4,0,0,1,1,0,0,0,0
7321,196624,11,10,10030726,Alt-Biesdorf,2019,7,7,4,2,5,3,0,1,1,0,0,0,0,0
7322,196625,11,9,9010401,Johannisthal West,2019,7,6,3,3,5,2,0,0,1,0,0,0,0,0
7323,196626,11,1,1044201,Reinickendorfer Straße,2019,7,6,3,3,2,2,0,0,1,0,0,0,0,0
7324,196627,11,4,4030929,Hindemithplatz,2019,7,16,4,3,2,6,0,0,1,0,0,0,0,0
7325,196628,11,12,12214126,Tegel Süd,2019,7,6,3,3,5,3,0,1,1,0,0,0,0,0
7326,196629,11,4,4030623,Ernst-Reuter-Platz,2019,7,18,4,3,5,3,0,0,1,0,0,0,0,0
7327,196630,11,1,1044103,Westliche Müllerstraße,2019,7,4,3,2,5,3,1,0,1,0,0,0,0,0
7328,196631,11,10,11020516,Weiße Taube,2019,7,1,3,3,5,2,2,0,1,0,0,0,1,0
7329,196632,11,6,6010102,Schloßstraße,2019,7,16,4,3,6,4,0,0,1,1,0,0,0,0
7330,196633,11,8,8020625,Handwerker-Siedlung,2019,7,0,3,2,6,4,2,0,1,1,0,0,0,0
7331,196634,11,8,8010117,Schillerpromenade,2019,7,15,4,2,5,2,0,1,1,0,0,0,0,0
7332,196635,11,7,7030301,Friedenau,2019,7,6,3,3,5,3,0,0,0,0,0,0,1,0
7333,196636,11,6,6030504,Teltower Damm,2019,7,8,4,3,0,1,0,0,0,0,1,0,0,0
7334,196637,11,4,4020310,Park Ruhwald,2019,7,9,4,3,2,6,0,0,1,0,0,0,0,0
7335,196638,11,1,1011204,Leipziger Straße,2019,7,15,2,3,6,4,0,1,0,1,0,0,0,0
7336,196639,11,7,7040405,Rathaus Tempelhof,2019,7,18,2,3,0,7,0,1,1,0,0,0,0,0
7337,196640,11,12,12302108,Märkisches Zentrum,2019,7,0,4,2,0,1,2,0,1,0,0,0,0,0
7338,196641,11,4,4030931,Breitscheidplatz,2019,7,11,2,3,5,3,0,0,0,0,1,1,0,0
7339,196642,11,1,1044201,Reinickendorfer Straße,2019,7,0,4,3,5,2,2,0,0,0,0,0,1,0
7340,196643,11,8,8020727,Buckow Mitte,2019,7,15,2,3,6,4,0,0,1,1,0,0,0,0
7341,196644,11,1,1033203,Humboldthain Nordwest,2019,7,19,4,3,6,4,0,1,0,1,0,0,0,0
7342,196645,11,7,7030303,Grazer Platz,2019,7,21,2,3,0,1,0,0,0,0,1,0,0,0
7343,196646,11,1,1022106,Elberfelder Straße,2019,7,8,4,3,6,7,0,0,1,1,0,0,0,0
7344,196647,11,2,2040703,Wriezener Bahnhof/Entwicklungsgebiet,2019,7,19,2,2,5,2,0,1,1,0,0,0,0,0
7345,196648,11,4,4030519,Kaiserin-Augusta-Allee,2019,7,19,2,2,5,2,0,0,1,0,0,0,0,0
7346,196649,11,4,4030827,Karl-August-Platz,2019,7,17,4,1,2,2,0,1,1,0,0,0,0,0
7347,196650,11,11,11020515,Landsberger Allee,2019,7,22,3,3,0,1,2,1,0,0,0,0,0,0
7348,196651,11,3,3040818,Pankow Süd,2019,7,19,2,3,4,2,0,1,1,0,0,0,0,0
7349,196652,11,9,9010402,Johannisthal Ost,2019,7,14,3,3,0,1,0,1,0,0,0,0,0,0
7350,196653,11,6,6010205,Südende,2019,7,18,2,2,2,7,0,0,1,0,1,0,1,0
7351,196654,11,8,8020622,Parchimer Allee,2019,7,18,3,3,5,2,0,1,1,0,0,0,0,0
7352,196655,11,1,1011102,Großer Tiergarten,2019,7,17,2,3,0,1,0,0,0,0,1,0,0,0
7353,196656,11,11,11020514,Große-Leege-Straße,2019,7,17,3,3,5,2,0,0,1,0,0,0,0,0
7354,196657,11,7,7060603,Marienfelde Nordost,2019,7,16,2,2,0,1,0,0,0,0,0,0,1,0
7355,196658,11,1,1044201,Reinickendorfer Straße,2019,7,16,2,3,2,6,0,0,1,0,0,0,0,0
7356,196659,11,4,4030931,Breitscheidplatz,2019,7,17,3,2,5,7,0,0,1,0,1,0,0,0
7357,196660,11,1,1033102,Gesundbrunnen,2019,7,12,2,3,5,7,0,0,1,0,0,1,0,0
7358,196661,11,2,2030301,Oranienplatz,2019,7,17,3,3,1,5,0,1,1,0,0,0,0,0
7359,196662,11,6,6010101,Fichtenberg,2019,7,11,2,3,5,3,0,1,1,0,0,0,0,0
7360,196663,11,5,5020626,Adamstraße,2019,7,17,3,3,1,5,0,1,1,0,0,0,0,0
7361,196664,11,2,2010103,Moritzplatz,2019,7,12,2,3,5,7,0,0,1,0,1,0,0,0
7362,196665,11,4,4030518,Tegeler Weg,2019,7,15,3,2,1,1,0,0,1,1,0,0,0,0
7363,196666,11,5,5030730,Zitadellenweg,2019,7,10,2,3,5,2,0,0,1,0,0,0,0,0
7364,196667,11,11,11041128,Sewanstraße,2019,7,10,2,2,5,2,0,1,0,0,0,0,1,0
7365,196668,11,6,6040703,Nikolassee,2019,7,14,3,3,5,3,0,1,0,0,0,1,0,0
7366,196669,11,5,5010312,Kurstraße,2019,7,14,3,3,0,3,0,0,1,0,1,0,0,0
7367,196670,11,12,12214424,Scharnweberstraße,2019,7,11,2,3,0,1,0,0,0,0,1,0,0,0
7368,196671,11,8,8010301,Reuterkiez,2019,7,16,2,3,1,5,0,1,1,0,0,0,0,0
7369,196672,11,4,4020312,Branitzer Platz,2019,7,11,3,3,5,3,0,1,1,0,0,0,0,0
7370,196673,11,1,1011304,Karl-Marx-Allee,2019,7,9,2,2,5,3,0,1,1,0,0,0,0,0