,object id,city,district,sub district key,street,year,month,hour of day,weekday,category,accident type,accident type 2,light situation,bike involved,car involved,pedestrian involved,motor bike involved,big track involved,other vehicle involved,road condition
7371,196674,11,12,12304313,Borsigwalde,2019,7,15,2,2,5,2,0,0,1,0,1,0,0,0
7372,196675,11,12,12302110,Dannenwalder Weg,2019,7,11,3,3,2,6,0,0,1,0,0,0,0,0
7373,196676,11,1,1011306,Heine-Viertel Ost,2019,7,11,3,2,5,2,0,0,1,0,1,0,0,0
7374,196677,11,4,4041343,Binger Straße,2019,7,8,2,3,1,5,0,1,0,0,0,0,1,0
7375,196678,11,6,6020409,Königsberger Straße,2019,7,11,3,3,2,6,0,0,1,0,0,0,0,0
7376,196679,11,4,4010101,Jungfernheide,2019,7,7,2,3,5,3,0,0,1,0,0,0,0,0
7377,196680,11,1,1011402,Arkonaplatz,2019,7,10,3,3,2,6,0,0,1,0,0,0,0,0
7378,196681,11,9,9020601,Schnellerstraße,2019,7,6,2,3,5,2,0,0,1,0,0,0,0,0
7379,196682,11,1,1011301,Charitéviertel,2019,7,8,3,3,0,2,0,1,0,0,1,0,0,0
7380,196683,11,1,1011303,Alexanderplatzviertel,2019,7,6,2,3,5,2,0,0,1,0,0,0,0,0
7381,196684,11,5,5030730,Zitadellenweg,2019,7,6,2,3,3,6,0,0,0,0,1,1,0,0
7382,196685,11,7,7070704,Nahariyastraße,2019,7,8,3,2,5,3,0,1,1,0,0,0,0,0
7383,196686,11,9,9020501,Oberschöneweide West,2019,7,5,2,3,0,1,1,0,0,0,1,0,0,0
7384,196687,11,4,4010102,Plötzensee,2019,7,6,3,3,5,2,1,0,1,0,0,0,0,0
7385,196688,11,8,8010211,Flughafenstraße,2019,7,2,2,3,5,3,2,0,1,0,0,0,0,0
7386,196689,11,11,11051229,Rummelsburg,2019,7,22,3,3,2,6,2,0,1,0,0,0,0,0
7387,196690,11,4,4041344,Rüdesheimer Platz,2019,7,7,2,3,0,3,0,1,1,0,0,0,0,0
7388,196691,11,3,3050920,Weißer See,2019,7,22,3,3,5,2,2,0,1,0,0,0,0,0
7389,196692,11,4,4030931,Breitscheidplatz,2019,7,1,2,2,1,5,2,1,1,0,0,0,0,0
7390,196693,11,10,10010310,Alt-Marzahn,2019,7,14,2,2,1,1,0,0,1,0,0,1,0,0
7391,196694,11,4,4030929,Hindemithplatz,2019,7,20,3,3,2,7,1,0,1,0,0,0,0,0
7392,196695,11,1,1044101,Rehberge,2019,7,19,3,3,2,6,0,0,1,0,1,0,0,0
7393,196696,11,9,9020802,Köllnische Vorstadt,2019,7,14,2,3,6,2,0,0,1,1,0,0,0,0
7394,196697,11,1,1011102,Großer Tiergarten,2019,7,14,2,3,2,2,0,0,1,0,0,0,0,0
7395,196698,11,12,12214527,Alt-Tegel,2019,7,19,3,3,6,2,0,0,1,1,0,0,0,0
7396,196699,11,8,8010510,Gewerbegebiet Köllnische Heide,2019,7,14,2,2,5,2,0,0,1,0,1,0,0,0
7397,196700,11,7,7010102,Nollendorfplatz,2019,7,19,3,2,5,2,0,1,1,0,0,0,0,0
7398,196701,11,4,4030417,Schloßstraße,2019,7,13,2,3,5,2,0,1,1,0,0,0,0,0
7399,196702,11,7,7060603,Marienfelde Nordost,2019,7,13,2,3,2,6,0,0,1,0,0,0,0,0
7400,196703,11,3,3061228,Erich-Weinert-Straße,2019,7,12,2,3,5,3,0,0,1,0,0,0,0,0
7401,196704,11,9,9010302,Späthsfelde,2019,7,19,3,3,2,6,0,0,1,0,0,0,0,0
7402,196705,11,4,4010102,Plötzensee,2019,7,13,2,2,5,7,0,0,1,0,1,0,0,0
7403,196706,11,4,4041241,Breite Straße,2019,7,12,2,3,2,6,0,0,1,0,0,0,0,0
7404,196707,11,10,10040830,Kaulsdorf Süd,2019,6,16,1,3,5,3,0,0,1,0,1,0,0,0
7405,196708,11,4,4030623,Ernst-Reuter-Platz,2019,6,3,1,2,0,7,2,1,0,0,0,0,0,0
7406,196709,11,1,1022101,Huttenkiez,2019,7,12,2,3,6,4,0,0,1,1,0,0,0,0
7407,196710,11,7,7020202,Volkspark (Rudolf-Wilde-Park),2019,6,1,1,3,1,1,2,0,1,0,0,0,1,0
7408,196711,11,2,2020206,Graefekiez,2019,6,22,1,2,0,7,2,1,0,0,0,0,0,0
7409,196712,11,9,9051901,Dammvorstadt,2019,7,11,2,3,0,1,0,0,0,0,1,0,0,1
7410,196713,11,5,5040936,Jägerallee,2019,6,20,1,3,1,5,0,0,1,0,1,0,0,0
7411,196714,11,2,2030301,Oranienplatz,2019,7,10,2,3,3,6,0,1,0,0,0,0,0,0
7412,196715,11,10,10020413,Gut Hellersdorf,2019,6,19,1,3,5,2,0,1,1,0,0,0,0,0
7413,196716,11,9,9051702,Bölschestraße,2019,6,19,1,2,2,6,0,0,1,0,0,0,0,0
7414,196717,11,9,9041301,Kietzer Feld/Nachtheide,2019,7,9,2,3,5,3,0,1,1,0,0,0,0,0
7415,196718,11,8,8030830,Gropiusstadt Süd,2019,7,8,2,3,2,6,0,0,1,0,0,0,0,0
7416,196719,11,2,2010103,Moritzplatz,2019,6,19,1,3,5,2,0,1,1,0,0,0,0,0
7417,196720,11,3,3020307,Buchholz,2019,6,16,1,3,5,3,0,1,1,0,0,0,0,0
7418,196721,11,1,1011305,Heine-Viertel West,2019,7,8,2,3,1,5,0,1,1,0,0,0,0,0
7419,196722,11,8,8010404,Rixdorf,2019,6,15,1,2,5,3,0,1,1,0,0,0,0,0
7420,196723,11,1,1011305,Heine-Viertel West,2019,7,7,2,3,5,3,0,0,1,0,0,1,0,0
7421,196724,11,7,7050505,Hundsteinweg,2019,6,14,1,2,6,7,0,0,1,1,0,0,0,0
7422,196725,11,8,8010213,Körnerpark,2019,7,6,2,3,5,3,0,1,1,0,0,0,0,0
7423,196726,11,2,2030301,Oranienplatz,2019,6,14,1,3,5,2,0,0,1,0,1,0,0,0
7424,196727,11,12,12301203,Wittenau Süd,2019,7,3,2,3,9,1,2,0,1,0,0,0,0,0
7425,196728,11,4,4030827,Karl-August-Platz,2019,6,9,1,3,1,5,0,1,1,0,0,0,0,0
7426,196729,11,5,5020625,Borkumer Straße,2019,6,13,1,3,1,5,0,0,1,0,0,0,0,0
7427,196730,11,2,2010102,Mehringplatz,2019,7,18,2,3,6,4,0,1,0,1,0,0,0,0
7428,196731,11,7,7010104,Dennewitzplatz,2019,7,16,2,3,5,2,0,1,1,0,0,0,0,1
7429,196732,11,3,3051022,Hansastraße,2019,6,12,1,3,5,2,0,0,1,0,0,0,0,0
7430,196733,11,12,12214527,Alt-Tegel,2019,7,15,2,3,2,2,0,0,1,0,0,0,0,0
7431,196734,11,8,8030831,Gropiusstadt Ost,2019,6,12,1,3,5,7,0,1,1,0,0,0,0,0
7432,196735,11,3,3040513,Schönholz,2019,7,15,2,3,5,2,0,1,1,0,0,0,0,0
7433,196736,11,2,2030301,Oranienplatz,2019,6,11,1,3,2,2,0,1,1,0,0,0,0,0
7434,196737,11,7,7030303,Grazer Platz,2019,7,14,2,2,3,6,0,0,1,0,0,0,1,1
7435,196738,11,3,3050923,Weißenseer Spitze,2019,6,11,1,3,3,6,0,1,1,0,0,0,0,0
7436,196739,11,8,8010211,Flughafenstraße,2019,7,14,2,3,2,6,0,0,1,0,0,0,0,1
7437,196740,11,11,11020514,Große-Leege-Straße,2019,6,10,1,3,5,3,0,0,1,0,0,1,0,0
7438,196741,11,10,10030724,Oberfeldstraße,2019,6,10,1,3,5,3,0,1,1,0,0,0,0,0
7439,196742,11,10,10040830,Kaulsdorf Süd,2019,7,14,2,3,5,2,0,1,1,0,0,0,0,0
7440,196743,11,4,4051445,Eisenzahnstraße,2019,6,9,1,3,1,5,0,1,1,0,0,0,0,0
7441,196744,11,6,6010102,Schloßstraße,2019,7,14,2,3,2,5,0,0,0,0,1,0,1,1
7442,196745,11,6,6030504,Teltower Damm,2019,6,8,1,2,0,1,0,1,0,0,0,0,0,0
7443,196746,11,1,1044101,Rehberge,2019,6,11,7,3,5,5,0,1,1,0,0,0,0,0
7444,196747,11,7,7040403,Manteuffelstraße,2019,7,14,2,3,2,6,0,0,1,0,1,0,0,1
7445,196748,11,10,10010309,Springpfuhl,2019,6,2,7,3,5,3,2,0,1,0,0,0,0,0
7446,196749,11,9,9051901,Dammvorstadt,2019,7,13,2,3,0,4,0,0,0,1,0,0,1,0
7447,196750,11,6,6040807,Zehlendorf Eiche,2019,6,16,7,2,2,7,0,0,1,0,1,0,0,0
7448,196751,11,12,12214125,Waldidyll/Flughafensee,2019,7,13,2,3,3,6,0,0,1,0,0,0,0,0
7449,196752,11,2,2030302,Lausitzer Platz,2019,6,23,7,3,0,7,2,0,0,1,1,0,0,0
7450,196753,11,1,1044202,Sparrplatz,2019,7,20,2,3,3,6,1,1,1,0,0,0,0,0
7451,196754,11,1,1033102,Gesundbrunnen,2019,6,22,7,3,5,2,2,0,1,0,0,0,0,0
7452,196755,11,8,8010117,Schillerpromenade,2019,6,21,7,3,0,7,1,1,0,0,0,0,0,0
7453,196756,11,4,4030827,Karl-August-Platz,2019,7,19,2,3,5,2,0,0,1,0,0,0,0,0
7454,196757,11,8,8010508,Weiße Siedlung,2019,7,19,2,3,2,6,0,0,1,0,0,0,0,0
7455,196758,11,3,3061126,Arnimplatz,2019,6,21,7,3,5,2,1,1,0,0,0,0,1,0
7456,196759,11,8,8010118,Silbersteinstraße,2019,7,17,2,3,3,6,0,0,1,0,1,0,0,1
7457,196760,11,9,9051901,Dammvorstadt,2019,6,19,7,3,3,6,0,0,1,0,1,0,0,0
7458,196761,11,2,2040701,Andreasviertel,2019,7,17,2,3,5,2,0,1,1,0,0,0,0,0
7459,196762,11,4,4041344,Rüdesheimer Platz,2019,6,19,7,2,5,2,0,1,1,0,0,0,0,0
7460,196763,11,1,1044201,Reinickendorfer Straße,2019,7,17,2,3,2,6,0,0,1,0,0,1,0,1
7461,196764,11,4,4030929,Hindemithplatz,2019,6,18,7,3,1,5,0,1,1,0,0,0,0,0
7462,196765,11,4,4031032,Halensee,2019,6,18,7,3,5,2,0,1,1,0,0,0,0,0
7463,196766,11,12,12214125,Waldidyll/Flughafensee,2019,7,17,2,2,2,6,0,0,1,0,1,0,0,1
7464,196767,11,8,8041035,Blumenviertel,2019,6,18,7,3,0,2,0,1,1,0,0,0,0,0
7465,196768,11,3,3061435,Conrad-Blenkle-Straße,2019,7,17,2,3,5,3,0,1,1,0,0,0,0,1
7466,196769,11,10,10020517,Adele-Sandrock-Straße,2019,6,18,7,3,5,2,0,0,1,0,0,0,0,0
7467,196770,11,9,9051901,Dammvorstadt,2019,7,16,2,3,2,6,0,1,1,0,0,0,0,1
7468,196771,11,1,1011102,Großer Tiergarten,2019,6,17,7,3,0,1,0,0,0,0,0,0,1,0
7469,196772,11,3,3040614,Pankow Zentrum,2019,7,11,2,3,0,5,0,1,1,0,0,0,0,0
7470,196773,11,2,2020203,Viktoriapark,2019,6,15,7,2,6,2,0,0,1,1,0,0,0,0
7471,196774,11,8,8010508,Weiße Siedlung,2019,6,15,7,3,2,6,0,0,1,0,0,0,0,0
7472,196775,11,10,10020620,Kaulsdorf Nord II,2019,7,15,2,3,6,4,0,0,1,1,0,0,0,0
7473,196776,11,10,10040829,Alt-Kaulsdorf,2019,6,13,7,3,5,3,0,0,1,0,0,0,0,0
7474,196777,11,8,8020620,Tempelhofer Weg,2019,7,16,2,3,2,6,0,0,1,0,0,0,0,1
7475,196778,11,11,11020515,Landsberger Allee,2019,6,12,7,2,5,7,0,0,1,0,1,0,0,0
7476,196779,11,4,4030931,Breitscheidplatz,2019,7,18,2,3,1,7,0,1,1,0,0,0,0,0
7477,196780,11,8,8020619,Buschkrugallee Nord,2019,6,11,7,3,0,1,0,1,0,0,0,0,0,0
7478,196781,11,1,1022206,Lüneburger Straße,2019,7,22,1,3,6,4,1,0,1,1,0,0,0,0
7479,196782,11,3,3030715,Heinersdorf,2019,6,11,7,3,5,3,0,0,1,0,0,0,0,0
7480,196783,11,3,3030711,Blankenburg,2019,6,11,7,2,5,2,0,1,1,0,0,0,0,0
7481,196784,11,1,1011303,Alexanderplatzviertel,2019,7,21,1,3,3,2,1,1,0,0,0,0,0,0
7482,196785,11,1,1022104,Emdener Straße,2019,7,21,1,3,0,3,1,0,1,0,1,0,0,0
7483,196786,11,4,4051549,Rathaus Wilmersdorf,2019,6,8,7,3,0,7,0,0,1,0,1,0,0,0
7484,196787,11,1,1011306,Heine-Viertel Ost,2019,6,7,7,3,5,2,0,1,1,0,0,0,0,0
7485,196788,11,1,1022206,Lüneburger Straße,2019,7,20,1,3,5,3,0,0,1,0,0,0,0,0
7486,196789,11,12,12231102,Frohnau,2019,6,7,7,3,4,6,0,0,1,0,0,0,0,0
7487,196790,11,4,4020310,Park Ruhwald,2019,7,19,1,3,0,1,0,1,0,0,0,0,0,0
7488,196791,11,2,2030401,Reichenberger Straße,2019,6,1,7,3,5,3,2,0,1,0,0,0,0,0
7489,196792,11,2,2030301,Oranienplatz,2019,6,1,7,3,1,5,2,1,0,0,0,0,1,0
7490,196793,11,8,8030830,Gropiusstadt Süd,2019,7,17,1,3,5,2,0,0,1,0,0,0,0,0
7491,196794,11,7,7050503,Eisenacher Straße,2019,6,19,6,3,5,2,0,0,1,0,0,0,1,0
7492,196795,11,9,9020701,Adlershof West,2019,6,19,6,3,5,2,0,0,1,0,0,0,0,0
7493,196796,11,5,5040936,Jägerallee,2019,7,17,1,3,9,1,0,0,1,0,0,0,0,0
7494,196797,11,11,11051330,Karlshorst West,2019,6,14,6,3,6,4,0,0,1,1,0,0,0,0
7495,196798,11,12,12301206,Lübars,2019,7,16,1,3,5,3,0,1,1,0,0,0,0,0
7496,196799,11,7,7010103,Barbarossaplatz,2019,7,13,1,3,6,4,0,1,0,1,0,0,0,0
7497,196800,11,3,3071639,Bötzowstraße,2019,6,6,6,3,5,7,0,0,1,0,0,0,1,0
7498,196801,11,1,1022202,Heidestraße,2019,7,12,1,3,5,2,0,0,1,0,0,0,0,0
7499,196802,11,1,1011302,Oranienburger Straße,2019,6,15,6,3,5,2,0,1,1,0,0,0,0,0
7500,196803,11,4,4020209,Eichkamp,2019,7,8,1,2,5,3,0,1,1,0,0,0,0,0
7501,196804,11,12,12214528,Tegeler Forst,2019,6,20,6,3,9,1,0,0,1,0,0,0,0,0
7502,196805,11,3,3071536,Teutoburger Platz,2019,6,19,6,3,1,5,0,1,0,0,0,0,1,0
7503,196806,11,7,7070703,John-Locke-Straße,2019,7,5,1,3,5,3,0,0,1,0,0,0,1,0
7504,196807,11,8,8010404,Rixdorf,2019,7,16,7,3,5,2,0,1,1,0,0,0,0,0
7505,196808,11,1,1044202,Sparrplatz,2019,6,18,6,3,5,2,0,1,1,0,0,0,0,0
7506,196809,11,4,4020313,Königin-Elisabeth-Straße,2019,6,17,6,3,5,2,0,1,0,0,0,0,0,0
7507,196810,11,5,5020625,Borkumer Straße,2019,7,23,7,3,6,4,2,0,1,1,0,0,0,1
7508,196811,11,5,5010312,Kurstraße,2019,6,17,6,3,5,3,0,1,1,0,0,0,0,0
7509,196812,11,1,1011101,Stülerstraße,2019,7,23,7,3,5,2,2,0,1,0,0,0,0,0
7510,196813,11,3,3050923,Weißenseer Spitze,2019,6,17,6,3,2,2,0,0,1,0,0,0,0,0
7511,196814,11,1,1011402,Arkonaplatz,2019,6,16,6,3,5,2,0,0,0,0,1,0,1,0
7512,196815,11,8,8041040,Waltersdorfer Chaussee Ost,2019,7,23,7,2,0,1,2,0,0,0,1,0,0,1
7513,196816,11,1,1011105,Nördlicher Landwehrkanal,2019,6,15,6,3,5,2,0,1,1,0,0,0,0,0
7514,196817,11,6,6020301,Alt-Lankwitz,2019,6,16,6,3,5,2,0,0,1,0,1,0,0,0
7515,196818,11,1,1011301,Charitéviertel,2019,7,22,7,2,0,1,2,1,0,0,0,0,0,1
7516,196819,11,7,7030301,Friedenau,2019,6,14,6,3,1,5,0,1,1,0,0,0,0,0
7517,196820,11,1,1011401,Invalidenstraße,2019,7,22,7,3,2,6,2,0,1,0,0,0,0,1
7518,196821,11,2,2040502,Friedenstraße,2019,6,13,6,3,5,2,0,1,1,0,0,0,0,0
7519,196822,11,12,12214527,Alt-Tegel,2019,6,13,6,3,5,2,0,1,1,0,0,0,0,0
7520,196823,11,8,8010404,Rixdorf,2019,7,20,7,3,0,1,2,0,1,0,0,0,0,1
7521,196824,11,7,7050502,Fritz-Werner-Straße,2019,7,21,7,3,6,2,2,0,1,1,0,0,0,1
7522,196825,11,1,1033201,Brunnenstraße,2019,6,12,6,3,5,2,0,1,1,0,0,0,0,0
7523,196826,11,2,2040701,Andreasviertel,2019,6,12,6,3,5,7,0,0,0,0,1,0,1,0
7524,196827,11,1,1011303,Alexanderplatzviertel,2019,7,20,7,3,5,3,1,1,1,0,0,0,0,1
7525,196828,11,1,1033102,Gesundbrunnen,2019,6,12,6,3,5,3,0,1,1,0,0,0,0,0
7526,196829,11,1,1011201,Wilhelmstraße,2019,7,20,7,3,0,2,0,1,1,0,0,0,0,1
7527,196830,11,2,2010102,Mehringplatz,2019,6,11,6,3,5,2,0,1,1,0,0,0,0,0
7528,196831,11,3,3020307,Buchholz,2019,6,11,6,3,6,3,0,0,1,1,0,0,0,0
7529,196832,11,1,1011303,Alexanderplatzviertel,2019,6,11,6,3,5,5,0,1,1,0,0,0,0,0
7530,196833,11,1,1044201,Reinickendorfer Straße,2019,7,19,7,3,2,6,0,0,1,0,0,0,0,1
7531,196834,11,11,11010205,Falkenberg West,2019,6,10,6,3,2,6,0,0,1,0,0,1,0,0
7532,196835,11,1,1011302,Oranienburger Straße,2019,7,19,7,3,5,3,0,1,1,0,0,0,0,1
7533,196836,11,1,1011302,Oranienburger Straße,2019,6,10,6,3,0,3,0,1,1,0,0,0,0,0
7534,196837,11,4,4030929,Hindemithplatz,2019,7,19,7,3,0,3,0,1,0,0,1,0,0,1
7535,196838,11,2,2010102,Mehringplatz,2019,6,9,6,3,5,3,0,1,1,0,0,0,0,0
7536,196839,11,2,2050601,Hausburgviertel,2019,7,19,7,3,5,3,0,0,1,0,0,0,1,1
7537,196840,11,12,12214125,Waldidyll/Flughafensee,2019,6,18,6,3,2,6,0,0,1,0,0,0,0,0
7538,196841,11,6,6010207,Mittelstraße,2019,7,18,7,3,5,2,0,1,1,0,0,0,0,0
7539,196842,11,8,8010303,Donaustraße,2019,6,22,6,3,0,1,2,1,0,0,0,0,0,0
7540,196843,11,6,6010103,Markelstraße,2019,7,18,7,3,0,1,0,0,0,0,1,0,0,0
7541,196844,11,9,9020702,Adlershof Ost,2019,6,17,6,2,0,1,0,1,0,0,0,0,0,0
7542,196845,11,7,7030301,Friedenau,2019,6,17,6,2,6,4,0,0,1,1,0,0,0,0
7543,196846,11,10,10030724,Oberfeldstraße,2019,7,17,7,3,0,1,0,0,0,0,1,0,0,0
7544,196847,11,1,1022201,Stephankiez,2019,6,13,6,3,1,5,0,0,1,0,0,0,0,0
7545,196848,11,4,4051549,Rathaus Wilmersdorf,2019,7,17,7,3,5,2,0,0,1,0,0,0,0,0
7546,196849,11,11,11051229,Rummelsburg,2019,6,12,6,2,5,3,0,1,1,0,0,0,0,0
7547,196850,11,9,9020701,Adlershof West,2019,6,11,6,3,2,6,0,0,1,0,0,0,0,0
7548,196851,11,1,1044201,Reinickendorfer Straße,2019,7,16,7,3,5,3,0,1,1,0,0,0,0,0
7549,196852,11,4,4030415,Schloßgarten,2019,6,9,6,3,5,2,0,1,1,0,0,0,0,0
7550,196853,11,1,1022206,Lüneburger Straße,2019,7,15,7,3,5,3,0,0,1,0,0,0,0,0
7551,196854,11,4,4030931,Breitscheidplatz,2019,6,9,6,3,1,5,0,1,1,0,0,0,0,0
7552,196855,11,4,4051654,Wilhelmsaue,2019,7,15,7,3,6,6,0,1,0,1,0,0,0,0
7553,196856,11,1,1011303,Alexanderplatzviertel,2019,6,9,6,3,5,2,0,1,0,0,1,0,0,0
7554,196857,11,5,5020416,Am Heideberg,2019,7,13,7,3,0,6,0,0,1,0,1,0,0,0
7555,196858,11,9,9020702,Adlershof Ost,2019,6,9,6,3,6,7,0,1,1,1,0,0,0,0
7556,196859,11,8,8010303,Donaustraße,2019,6,8,6,3,6,2,0,0,1,1,0,0,0,0
7557,196860,11,1,1022106,Elberfelder Straße,2019,7,12,7,3,5,2,0,0,1,0,1,0,0,0
7558,196861,11,3,3010101,Bucher Forst,2019,7,12,7,3,7,7,0,1,0,0,0,0,0,0
7559,196862,11,4,4020314,Messegelände,2019,6,8,6,3,5,2,0,1,1,0,0,0,0,0
7560,196863,11,9,9030901,Dorf Altglienicke,2019,7,12,7,3,1,5,0,0,1,0,1,0,0,0
7561,196864,11,2,2050802,Boxhagener Platz,2019,6,7,6,2,2,2,0,1,1,0,0,0,0,0
7562,196865,11,7,7040403,Manteuffelstraße,2019,7,12,7,3,5,3,0,0,1,0,0,0,0,0
7563,196866,11,6,6020303,Lankwitz Kirche,2019,6,7,6,3,5,2,0,0,1,0,0,0,0,0
7564,196867,11,4,4041136,Hagenplatz,2019,6,1,6,3,1,5,2,0,1,0,0,0,0,0
7565,196868,11,1,1044201,Reinickendorfer Straße,2019,7,11,7,3,3,6,0,0,1,0,1,0,0,0
7566,196869,11,4,4051447,Ludwigkirchplatz,2019,7,11,7,3,2,6,0,1,0,0,0,0,0,0
7567,196870,11,8,8010301,Reuterkiez,2019,6,10,6,3,3,6,0,1,1,0,0,0,0,0
7568,196871,11,8,8010118,Silbersteinstraße,2019,6,9,6,3,3,6,0,1,1,0,0,0,0,0
7569,196872,11,6,6010210,Bismarckstraße,2019,7,0,7,3,1,7,2,0,1,0,0,0,0,0
7570,196873,11,11,11030824,Frankfurter Allee Süd,2019,6,7,5,2,5,3,0,1,1,0,0,0,0,0
7571,196874,11,8,8010118,Silbersteinstraße,2019,7,6,7,3,4,6,0,0,1,0,0,0,0,0
7572,196875,11,3,3050924,Behaimstraße,2019,6,13,5,3,6,7,0,0,0,0,0,0,1,0
7573,196876,11,6,6010103,Markelstraße,2019,6,13,5,3,3,6,0,0,1,0,0,0,0,0
7574,196877,11,1,1011201,Wilhelmstraße,2019,7,12,6,3,5,2,0,1,1,0,0,0,0,0
7575,196878,11,1,1033203,Humboldthain Nordwest,2019,6,13,5,3,0,1,0,1,1,0,0,0,0,0
7576,196879,11,10,10010310,Alt-Marzahn,2019,7,22,6,3,5,3,2,0,1,0,0,0,0,0
7577,196880,11,1,1011202,Unter den Linden Nord,2019,6,13,5,3,5,3,0,0,1,0,0,0,0,0
7578,196881,11,8,8010118,Silbersteinstraße,2019,7,22,6,3,3,6,2,0,1,0,0,0,0,0
7579,196882,11,4,4030931,Breitscheidplatz,2019,6,13,5,3,5,3,0,1,1,0,0,0,0,0
7580,196883,11,7,7010102,Nollendorfplatz,2019,7,21,6,3,5,2,2,1,1,0,0,0,0,0
7581,196884,11,9,9020501,Oberschöneweide West,2019,6,12,5,3,3,6,0,0,1,0,1,0,0,0
7582,196885,11,4,4030828,Savignyplatz,2019,6,12,5,3,1,5,0,0,1,0,1,0,0,0
7583,196886,11,6,6010102,Schloßstraße,2019,7,21,6,2,5,2,0,0,1,0,1,0,0,0
7584,196887,11,1,1044201,Reinickendorfer Straße,2019,7,20,6,2,5,3,1,1,1,0,0,0,0,0
7585,196888,11,1,1011301,Charitéviertel,2019,6,11,5,2,5,3,0,0,0,0,0,1,1,0
7586,196889,11,1,1011303,Alexanderplatzviertel,2019,6,11,5,3,1,5,0,0,1,0,0,0,0,0
7587,196890,11,1,1011301,Charitéviertel,2019,7,20,6,3,5,3,0,1,0,0,0,0,0,0
7588,196891,11,10,10010308,Marzahner Chaussee,2019,6,20,5,3,5,2,0,0,1,0,0,0,0,0
7589,196892,11,1,1011301,Charitéviertel,2019,7,19,6,3,0,2,0,0,1,0,0,0,1,0
7590,196893,11,4,4030827,Karl-August-Platz,2019,6,19,5,3,5,2,0,1,1,0,0,0,0,0
7591,196894,11,9,9051702,Bölschestraße,2019,7,18,6,3,3,6,0,0,1,0,0,0,1,0
7592,196895,11,2,2030301,Oranienplatz,2019,6,18,5,3,1,5,0,1,1,0,0,0,1,0
7593,196896,11,7,7040405,Rathaus Tempelhof,2019,7,17,6,3,6,7,0,0,1,1,0,0,0,0
7594,196897,11,1,1033203,Humboldthain Nordwest,2019,6,11,5,3,4,6,0,1,1,0,0,0,0,0
7595,196898,11,7,7070704,Nahariyastraße,2019,7,17,6,2,5,3,0,0,1,0,1,0,0,0
7596,196899,11,11,11041128,Sewanstraße,2019,6,11,5,2,5,3,0,1,1,0,0,0,0,0
7597,196900,11,6,6040804,Krumme Lanke,2019,7,17,6,3,5,2,0,1,0,0,0,0,1,0
7598,196901,11,3,3061228,Erich-Weinert-Straße,2019,6,11,5,3,5,2,0,1,0,0,0,0,1,0
7599,196902,11,7,7030301,Friedenau,2019,6,10,5,3,0,2,0,1,0,0,1,0,0,0
7600,196903,11,3,3040614,Pankow Zentrum,2019,7,16,6,3,5,3,0,1,1,0,0,0,0,0
7601,196904,11,2,2010102,Mehringplatz,2019,6,18,5,3,6,2,0,0,1,1,0,0,0,0
7602,196905,11,12,12214421,Reinickes Hof,2019,7,16,6,3,2,6,0,0,1,0,0,0,0,0
7603,196906,11,9,9020501,Oberschöneweide West,2019,6,11,5,3,5,2,0,1,1,0,0,0,0,0
7604,196907,11,2,2050602,Samariterviertel,2019,7,15,6,3,2,2,0,1,1,0,0,0,0,0
7605,196908,11,11,11020513,Orankesee,2019,6,10,5,3,5,2,0,0,1,0,0,0,0,0
7606,196909,11,3,3061126,Arnimplatz,2019,7,13,6,3,5,3,0,1,1,0,0,0,0,0
7607,196910,11,8,8030831,Gropiusstadt Ost,2019,6,18,5,2,0,2,0,1,1,0,0,0,0,0
7608,196911,11,3,3040818,Pankow Süd,2019,6,9,5,3,1,5,0,1,0,0,0,0,1,0
7609,196912,11,2,2040703,Wriezener Bahnhof/Entwicklungsgebiet,2019,7,13,6,3,2,6,0,0,1,0,0,0,0,0
7610,196913,11,8,8010212,Rollberg,2019,7,13,6,3,2,6,0,0,1,0,0,0,0,0
7611,196914,11,2,2010101,Askanischer Platz,2019,6,18,5,3,6,2,0,0,1,1,0,0,0,0
7612,196915,11,1,1011302,Oranienburger Straße,2019,6,18,5,3,1,5,0,0,1,0,1,0,0,0
7613,196916,11,9,9020701,Adlershof West,2019,7,13,6,3,5,2,0,1,1,0,0,0,0,0
7614,196917,11,9,9010202,Köpenicker Landstraße,2019,6,18,5,3,0,2,0,0,1,0,0,0,1,0
7615,196918,11,6,6010205,Südende,2019,7,13,6,3,1,5,0,0,1,0,0,0,0,0
7616,196919,11,11,11051331,Karlshorst Nord,2019,6,18,5,3,5,2,0,1,1,0,0,0,0,0
7617,196920,11,6,6010210,Bismarckstraße,2019,6,18,5,3,1,5,0,1,1,0,0,0,0,0
7618,196921,11,1,1033202,Humboldthain Süd,2019,7,12,6,3,5,3,0,1,1,0,0,0,0,0
7619,196922,11,1,1022204,Thomasiusstraße,2019,6,18,5,3,2,6,0,0,1,0,0,0,0,0
7620,196923,11,2,2040701,Andreasviertel,2019,6,18,5,2,1,1,0,0,1,0,0,0,1,0
7621,196924,11,7,7020201,Bayerischer Platz,2019,7,10,6,3,2,2,0,0,1,0,0,0,0,0
7622,196925,11,10,10040933,Mahlsdorf Süd,2019,6,18,5,3,0,1,0,1,0,0,0,0,0,0
7623,196926,11,10,10020622,Kaulsdorf Nord I,2019,6,17,5,3,1,5,0,1,1,0,0,0,1,0