,object id,city,district,sub district key,street,year,month,hour of day,weekday,category,accident type,accident type 2,light situation,bike involved,car involved,pedestrian involved,motor bike involved,big track involved,other vehicle involved,road condition
7624,196927,11,5,5030730,Zitadellenweg,2019,7,8,6,2,2,6,0,0,1,0,1,0,0,0
7625,196928,11,11,11040926,Weitlingstraße,2019,6,22,5,3,2,6,2,1,1,0,0,0,0,0
7626,196929,11,8,8010214,Glasower Straße,2019,7,8,6,3,5,3,0,0,1,0,0,0,0,0
7627,196930,11,2,2040503,Richard-Sorge-Viertel,2019,6,17,5,3,5,2,0,1,0,0,0,0,0,0
7628,196931,11,1,1044202,Sparrplatz,2019,7,8,6,3,5,2,0,1,1,0,0,0,0,0
7629,196932,11,3,3061228,Erich-Weinert-Straße,2019,6,14,5,3,5,3,0,0,1,0,1,0,0,0
7630,196933,11,3,3030405,Karow Nord,2019,7,5,6,3,0,1,0,1,0,0,0,0,0,1
7631,196934,11,2,2050801,Traveplatz,2019,6,14,5,2,0,6,0,1,1,0,0,0,0,0
7632,196935,11,1,1033102,Gesundbrunnen,2019,6,20,5,3,0,1,0,1,0,0,0,0,0,0
7633,196936,11,11,11041128,Sewanstraße,2019,7,4,6,3,0,1,0,1,0,0,0,0,0,0
7634,196937,11,2,2050602,Samariterviertel,2019,7,1,6,3,0,7,2,1,0,0,0,0,1,0
7635,196938,11,4,4030931,Breitscheidplatz,2019,6,14,5,3,0,1,0,0,0,0,1,0,0,0
7636,196939,11,7,7020203,Kaiser-Wilhelm-Platz,2019,6,13,5,3,5,2,0,1,1,0,0,0,0,0
7637,196940,11,5,5020625,Borkumer Straße,2019,7,15,6,2,0,6,0,0,1,0,0,0,1,0
7638,196941,11,1,1011401,Invalidenstraße,2019,6,9,5,2,0,1,0,1,0,0,0,0,0,0
7639,196942,11,1,1011305,Heine-Viertel West,2019,7,11,5,3,1,5,0,1,1,0,0,0,0,0
7640,196943,11,4,4051549,Rathaus Wilmersdorf,2019,6,9,5,3,5,3,0,1,1,0,0,0,0,0
7641,196944,11,1,1044202,Sparrplatz,2019,7,21,5,3,3,6,2,0,1,0,0,0,0,0
7642,196945,11,6,6040810,Dahlem,2019,6,8,5,2,5,2,0,0,1,0,0,0,0,0
7643,196946,11,2,2020202,Rathaus Yorckstraße,2019,7,20,5,3,5,2,1,0,1,0,0,0,0,0
7644,196947,11,1,1011301,Charitéviertel,2019,6,8,5,3,5,2,0,1,1,0,0,0,0,0
7645,196948,11,3,3061227,Humannplatz,2019,6,8,5,2,5,2,0,1,0,0,0,1,0,0
7646,196949,11,9,9051702,Bölschestraße,2019,7,17,4,3,5,3,0,0,1,0,1,0,0,0
7647,196950,11,2,2020204,Urbanstraße,2019,7,16,4,3,2,6,0,1,0,0,0,0,0,0
7648,196951,11,1,1011303,Alexanderplatzviertel,2019,7,9,4,3,5,2,0,0,1,0,1,0,0,0
7649,196952,11,6,6040701,Wannsee,2019,7,17,4,3,7,7,0,0,0,0,1,0,0,0
7650,196953,11,1,1022201,Stephankiez,2019,7,14,6,3,1,5,0,0,1,0,1,0,0,0
7651,196954,11,4,4030417,Schloßstraße,2019,7,17,4,3,5,3,0,1,1,0,0,0,0,0
7652,196955,11,4,4051654,Wilhelmsaue,2019,7,16,4,3,3,6,0,0,1,0,1,0,0,0
7653,196956,11,8,8010301,Reuterkiez,2019,7,8,4,3,1,5,0,1,1,0,0,0,0,0
7654,196957,11,1,1011304,Karl-Marx-Allee,2019,7,1,5,3,5,2,2,1,1,0,0,0,0,0
7655,196958,11,2,2050803,Stralauer Kiez,2019,7,20,5,3,2,2,0,0,1,0,0,0,0,0
7656,196959,11,11,11020513,Orankesee,2019,7,20,5,3,5,2,0,1,1,0,0,0,0,0
7657,196960,11,1,1033201,Brunnenstraße,2019,7,19,5,3,5,2,0,0,1,0,1,0,0,0
7658,196961,11,4,4030931,Breitscheidplatz,2019,7,19,5,3,5,2,0,1,1,0,0,0,0,0
7659,196962,11,4,4030416,Klausenerplatz,2019,7,19,5,3,1,5,0,1,1,0,0,0,0,0
7660,196963,11,2,2010104,Wassertorplatz,2019,7,19,5,3,1,5,0,1,1,0,0,0,0,0
7661,196964,11,3,3061126,Arnimplatz,2019,7,18,5,3,2,6,0,0,1,0,1,0,0,0
7662,196965,11,9,9051901,Dammvorstadt,2019,7,18,5,3,2,6,0,0,0,0,0,0,1,0
7663,196966,11,7,7040404,Marienhöhe,2019,7,15,5,3,5,2,0,1,1,0,0,0,0,0
7664,196967,11,5,5040938,Kafkastraße,2019,7,15,5,3,1,5,0,1,1,0,0,0,0,0
7665,196968,11,5,5010101,Hakenfelde Nord,2019,7,17,5,2,5,3,0,0,1,0,1,0,0,0
7666,196969,11,9,9020701,Adlershof West,2019,7,15,5,2,5,3,0,1,1,0,0,0,0,0
7667,196970,11,4,4030415,Schloßgarten,2019,7,9,5,3,0,7,0,1,0,0,0,0,0,0
7668,196971,11,1,1011302,Oranienburger Straße,2019,7,15,5,2,3,6,0,1,1,0,0,0,0,0
7669,196972,11,9,9031101,Grünau,2019,7,14,5,3,5,7,0,0,1,0,0,0,0,0
7670,196973,11,9,9030901,Dorf Altglienicke,2019,7,10,5,3,5,2,0,0,1,0,0,0,0,0
7671,196974,11,8,8030829,Gropiusstadt Nord,2019,7,18,5,3,5,3,0,0,1,0,0,0,0,0
7672,196975,11,1,1011204,Leipziger Straße,2019,7,22,5,2,0,1,2,0,0,0,0,0,1,0
7673,196976,11,6,6020306,Lankwitz Süd,2019,7,23,5,3,5,3,2,0,1,0,1,0,0,0
7674,196977,11,7,7020202,Volkspark (Rudolf-Wilde-Park),2019,7,13,5,3,5,2,0,1,1,0,0,0,0,0
7675,196978,11,5,5020419,Magistratsweg,2019,7,8,5,3,6,4,0,0,0,1,0,1,0,0
7676,196979,11,7,7010101,Wittenbergplatz/Viktoria-Luise-Platz,2019,7,8,5,3,5,2,0,1,0,0,0,1,0,0
7677,196980,11,4,4061757,Forst Grunewald,2019,7,12,5,3,1,5,0,1,0,0,0,0,1,0
7678,196981,11,1,1011101,Stülerstraße,2019,7,12,5,3,3,6,0,0,1,0,1,0,0,0
7679,196982,11,1,1033101,Soldiner Straße,2019,7,12,5,2,5,3,0,0,1,0,1,0,0,0
7680,196983,11,11,11010310,Mühlengrund,2019,7,12,5,3,5,2,0,1,1,0,0,0,0,0
7681,196984,11,9,9020702,Adlershof Ost,2019,7,8,5,2,5,2,0,1,1,0,0,0,0,0
7682,196985,11,2,2020204,Urbanstraße,2019,7,10,5,2,5,2,0,0,1,0,0,0,1,0
7683,196986,11,2,2010103,Moritzplatz,2019,7,10,5,2,0,6,0,0,1,0,0,0,1,0
7684,196987,11,7,7040404,Marienhöhe,2019,7,7,5,3,2,6,0,0,0,0,1,1,0,0
7685,196988,11,3,3061227,Humannplatz,2019,7,7,5,3,5,3,0,1,0,0,0,0,1,0
7686,196989,11,9,9010101,Elsenstraße,2019,7,7,5,3,5,2,0,1,1,0,0,0,0,0
7687,196990,11,12,12103117,Letteplatz,2019,7,6,5,3,0,7,0,0,1,0,1,0,0,1
7688,196991,11,1,1011101,Stülerstraße,2019,7,10,5,3,5,3,0,0,1,0,0,0,0,0
7689,196992,11,2,2020206,Graefekiez,2019,7,9,5,3,1,5,0,0,1,0,0,0,0,0
7690,196993,11,6,6040701,Wannsee,2019,7,9,5,3,0,3,0,1,0,0,0,0,0,0
7691,196994,11,4,4030725,Amtsgerichtsplatz,2019,7,9,5,2,5,3,0,1,1,0,0,0,0,0
7692,196995,11,2,2010102,Mehringplatz,2019,7,8,5,2,0,1,0,0,1,0,0,0,0,0
7693,196996,11,1,1011103,Lützowstraße,2019,7,17,5,3,0,6,0,0,1,0,0,0,1,0
7694,196997,11,5,5010101,Hakenfelde Nord,2019,7,9,5,1,3,6,0,1,0,0,0,1,0,0
7695,196998,11,4,4030931,Breitscheidplatz,2019,7,17,4,3,5,2,0,1,1,0,0,0,0,0
7696,196999,11,1,1033203,Humboldthain Nordwest,2019,7,17,4,3,2,6,0,1,1,0,0,0,0,0
7697,197000,11,10,10040828,Kaulsdorf Nord,2019,7,16,4,3,5,3,0,1,1,0,0,0,0,0
7698,197001,11,7,7010104,Dennewitzplatz,2019,7,15,4,3,2,6,0,0,1,0,0,0,0,0
7699,197002,11,8,8020622,Parchimer Allee,2019,7,15,4,3,5,7,0,0,1,0,0,0,0,0
7700,197003,11,6,6030610,Lichterfelde West,2019,7,15,4,2,5,2,0,0,1,0,0,0,0,0
7701,197004,11,7,7020204,Schöneberger Insel,2019,7,17,4,3,1,5,0,1,1,0,0,0,0,0
7702,197005,11,8,8020728,Buckow Ost,2019,7,15,4,3,0,6,0,0,1,0,0,0,1,0
7703,197006,11,2,2040503,Richard-Sorge-Viertel,2019,7,14,4,3,2,6,0,0,1,0,1,0,1,0
7704,197007,11,8,8041038,Waßmannsdorfer Chaussee,2019,7,13,4,3,2,7,0,1,0,0,0,0,1,0
7705,197008,11,9,9020802,Köllnische Vorstadt,2019,7,12,4,2,0,4,0,0,0,1,0,0,1,0
7706,197009,11,2,2020204,Urbanstraße,2019,7,11,4,3,5,2,0,1,1,0,0,0,0,0
7707,197010,11,6,6010206,Stadtpark,2019,7,11,4,3,0,1,0,1,0,0,0,0,0,0
7708,197011,11,7,7040403,Manteuffelstraße,2019,7,10,4,3,5,2,0,0,1,0,1,0,0,0
7709,197012,11,7,7020203,Kaiser-Wilhelm-Platz,2019,7,9,4,2,5,2,0,1,0,0,1,0,0,0
7710,197013,11,9,9051801,Rahnsdorf/Hessenwinkel,2019,7,9,4,3,2,3,0,1,1,0,0,0,0,0
7711,197014,11,2,2010103,Moritzplatz,2019,7,8,4,3,5,3,0,1,1,0,0,0,0,0
7712,197015,11,12,12214125,Waldidyll/Flughafensee,2019,7,23,4,2,2,6,2,0,1,0,0,0,1,0
7713,197016,11,4,4010102,Plötzensee,2019,7,20,4,2,1,1,0,0,1,0,0,0,0,0
7714,197017,11,8,8041036,Zittauer Straße,2019,7,19,4,3,5,3,0,0,1,0,0,0,0,0
7715,197018,11,1,1033203,Humboldthain Nordwest,2019,7,19,4,2,0,6,0,1,1,0,0,0,0,0
7716,197019,11,3,3030715,Heinersdorf,2019,7,6,4,3,0,3,0,0,1,0,1,0,0,0
7717,197020,11,3,3061228,Erich-Weinert-Straße,2019,7,6,4,3,5,3,0,1,1,0,0,0,0,0
7718,197021,11,11,11041022,Rosenfelder Ring,2019,7,5,4,3,5,3,0,1,1,0,0,0,0,0
7719,197022,11,2,2050802,Boxhagener Platz,2019,7,1,4,2,0,1,2,0,0,0,0,0,1,0
7720,197023,11,6,6030609,Augustaplatz,2019,7,15,4,3,5,2,0,0,1,0,0,0,1,0
7721,197024,11,2,2030402,Wrangelkiez,2019,7,9,3,2,0,2,0,1,1,0,0,0,0,0
7722,197025,11,2,2040502,Friedenstraße,2019,7,16,3,3,5,2,0,1,0,0,0,0,0,0
7723,197026,11,2,2010103,Moritzplatz,2019,7,18,3,3,5,2,0,1,1,0,0,0,0,0
7724,197027,11,3,3050925,Komponistenviertel Weißensee,2019,7,17,3,3,5,7,0,1,1,0,0,0,0,0
7725,197028,11,9,9020501,Oberschöneweide West,2019,7,17,3,2,5,3,0,0,1,0,1,0,0,0
7726,197029,11,8,8010301,Reuterkiez,2019,7,17,3,3,1,5,0,1,1,0,0,0,1,0
7727,197030,11,9,9051701,Hirschgarten,2019,7,16,3,3,2,7,0,0,1,0,0,0,0,0
7728,197031,11,2,2020204,Urbanstraße,2019,7,2,3,3,1,1,2,0,1,0,0,0,0,0
7729,197032,11,10,11030720,Herzbergstraße,2019,7,14,3,3,2,6,0,0,1,0,0,0,1,0
7730,197033,11,5,5020524,Weinmeisterhornweg,2019,7,14,3,3,5,2,0,0,1,0,0,0,0,0
7731,197034,11,12,12224230,Heiligensee,2019,7,13,3,3,1,5,0,0,1,0,1,0,0,0
7732,197035,11,4,4051448,Schaperstraße,2019,7,13,3,3,1,5,0,1,1,0,0,0,0,0
7733,197036,11,8,8041037,Alt-Rudow,2019,7,13,3,3,5,3,0,1,1,0,0,0,0,0
7734,197037,11,7,7040405,Rathaus Tempelhof,2019,7,12,3,3,5,3,0,0,1,0,0,0,0,0
7735,197038,11,4,4010101,Jungfernheide,2019,7,12,3,3,2,6,0,0,1,0,0,0,0,0
7736,197039,11,2,2050802,Boxhagener Platz,2019,7,12,3,3,5,2,0,1,0,0,0,1,0,0
7737,197040,11,4,4051446,Preußenpark,2019,7,10,3,3,6,4,0,0,1,1,0,0,0,0
7738,197041,11,4,4041239,Stadion Wilmersdorf,2019,7,10,3,3,5,2,0,1,1,0,0,0,0,0
7739,197042,11,1,1011204,Leipziger Straße,2019,7,18,3,3,4,6,0,1,0,0,0,0,1,0
7740,197043,11,2,2020204,Urbanstraße,2019,7,9,3,3,6,7,0,0,1,1,0,0,0,0
7741,197044,11,8,8010301,Reuterkiez,2019,7,19,3,3,0,3,0,1,0,0,0,0,0,0
7742,197045,11,3,3061430,Volkspark Prenzlauer Berg,2019,7,19,3,3,5,2,0,1,1,0,0,0,0,0
7743,197046,11,9,9020802,Köllnische Vorstadt,2019,7,6,3,2,3,6,0,0,1,0,0,0,0,0
7744,197047,11,9,9020701,Adlershof West,2019,7,18,3,3,2,6,0,0,1,0,0,0,1,0
7745,197048,11,9,9010402,Johannisthal Ost,2019,7,18,3,2,0,1,0,0,0,0,1,0,0,0
7746,197049,11,9,9031101,Grünau,2019,7,18,3,3,5,3,0,1,0,0,0,0,1,0
7747,197050,11,3,3020203,Blankenfelde,2019,7,16,3,3,5,3,0,1,1,0,0,0,0,0
7748,197051,11,4,4030415,Schloßgarten,2019,7,16,3,3,2,2,0,0,1,0,1,0,0,0
7749,197052,11,2,2020206,Graefekiez,2019,7,16,3,3,0,1,0,1,0,0,0,0,0,0
7750,197053,11,4,4051448,Schaperstraße,2019,7,15,3,3,2,6,0,1,1,0,0,0,0,0
7751,197054,11,5,5010101,Hakenfelde Nord,2019,7,15,3,3,3,6,0,1,0,0,0,0,1,0
7752,197055,11,1,1044101,Rehberge,2019,7,15,3,3,0,6,0,0,0,0,0,0,1,0
7753,197056,11,2,2040701,Andreasviertel,2019,7,17,3,3,2,6,0,0,1,0,1,0,0,0
7754,197057,11,8,8010301,Reuterkiez,2019,7,21,3,3,3,6,0,1,1,0,0,0,0,0
7755,197058,11,11,11020513,Orankesee,2019,7,13,3,3,2,6,0,0,1,0,0,0,0,0
7756,197059,11,9,9020502,Oberschöneweide Ost,2019,7,8,3,3,1,1,0,0,1,0,1,0,0,0
7757,197060,11,11,11020412,Hauptstraße,2019,7,16,2,3,2,6,0,0,1,0,0,0,0,0
7758,197061,11,5,5020629,Börnicker Straße,2019,7,17,2,3,5,2,0,0,1,0,1,0,0,0
7759,197062,11,1,1011202,Unter den Linden Nord,2019,7,16,2,3,2,2,0,0,0,0,1,0,1,0
7760,197063,11,6,6040805,Fischerhüttenstraße,2019,7,15,2,3,1,5,0,0,1,0,0,1,0,0
7761,197064,11,2,2040701,Andreasviertel,2019,7,21,2,2,5,2,2,1,1,0,0,0,0,0
7762,197065,11,8,8020727,Buckow Mitte,2019,7,17,2,3,2,6,0,0,1,0,1,0,0,0
7763,197066,11,6,6010102,Schloßstraße,2019,7,19,2,3,0,1,0,0,0,0,1,0,0,0
7764,197067,11,8,8010510,Gewerbegebiet Köllnische Heide,2019,7,15,2,3,2,6,0,0,1,0,0,0,0,0
7765,197068,11,12,12214125,Waldidyll/Flughafensee,2019,7,15,2,2,6,4,0,0,1,1,0,0,1,0
7766,197069,11,1,1011202,Unter den Linden Nord,2019,7,13,2,3,5,3,0,0,1,0,0,0,0,0
7767,197070,11,6,6030501,Berlepschstraße,2019,7,12,2,3,5,3,0,0,1,0,0,0,0,0
7768,197071,11,2,2020206,Graefekiez,2019,7,21,2,3,1,5,2,0,1,0,0,0,0,0
7769,197072,11,1,1011301,Charitéviertel,2019,7,12,2,3,3,6,0,1,0,0,0,1,0,0
7770,197073,11,1,1022106,Elberfelder Straße,2019,7,10,2,3,3,6,0,1,0,0,0,1,0,0
7771,197074,11,4,4020311,Reichsstraße,2019,7,10,2,3,5,3,0,0,1,0,0,0,0,0
7772,197075,11,1,1011302,Oranienburger Straße,2019,7,10,2,3,2,6,0,0,1,0,0,0,0,0
7773,197076,11,9,9020701,Adlershof West,2019,7,10,2,3,3,6,0,0,1,0,0,1,0,0
7774,197077,11,9,9020601,Schnellerstraße,2019,7,9,2,3,5,3,0,1,1,0,0,0,0,0
7775,197078,11,6,6040703,Nikolassee,2019,7,8,2,3,5,3,0,1,1,0,0,0,0,1
7776,197079,11,7,7040405,Rathaus Tempelhof,2019,7,8,2,3,2,6,0,0,1,0,0,0,0,0
7777,197080,11,5,5010205,An der Tränke,2019,7,6,2,3,0,6,0,0,1,0,1,0,0,0
7778,197081,11,1,1022204,Thomasiusstraße,2019,7,9,2,3,5,7,0,1,1,0,0,0,0,0
7779,197082,11,1,1044201,Reinickendorfer Straße,2019,7,12,1,3,2,6,0,0,1,0,0,0,0,0
7780,197083,11,1,1022206,Lüneburger Straße,2019,7,18,1,3,0,1,0,1,0,0,0,0,0,0
7781,197084,11,3,3061228,Erich-Weinert-Straße,2019,7,14,1,3,3,6,0,0,1,0,0,0,1,0
7782,197085,11,2,2030302,Lausitzer Platz,2019,7,1,1,3,9,1,2,0,1,0,0,0,0,1
7783,197086,11,1,1011402,Arkonaplatz,2019,7,1,1,3,0,1,2,1,0,0,0,0,0,1
7784,197087,11,2,2030301,Oranienplatz,2019,7,21,1,2,0,3,1,0,1,0,1,0,0,0
7785,197088,11,2,2040702,Weberwiese,2019,7,19,1,3,0,7,0,0,0,0,0,0,1,0
7786,197089,11,5,5020521,Döberitzer Weg,2019,7,18,1,3,2,6,0,0,1,0,0,0,0,0
7787,197090,11,8,8010118,Silbersteinstraße,2019,7,17,1,3,6,4,0,0,0,1,1,0,0,0
7788,197091,11,10,10040933,Mahlsdorf Süd,2019,7,10,1,3,8,1,0,0,1,0,0,0,0,0
7789,197092,11,1,1044203,Leopoldplatz,2019,7,20,1,3,6,4,1,1,0,1,0,0,0,0
7790,197093,11,12,12214424,Scharnweberstraße,2019,7,13,7,3,0,3,0,0,1,0,1,0,0,0
7791,197094,11,2,2040703,Wriezener Bahnhof/Entwicklungsgebiet,2019,7,15,7,3,0,1,0,0,1,0,0,0,0,1
7792,197095,11,9,9010302,Späthsfelde,2019,7,3,7,2,9,1,1,0,0,0,1,0,0,0
7793,197096,11,4,4030931,Breitscheidplatz,2019,7,0,7,3,3,6,2,0,1,0,0,0,0,0
7794,197097,11,6,6040810,Dahlem,2019,7,18,7,3,3,6,0,1,1,0,0,0,0,1
7795,197098,11,7,7010104,Dennewitzplatz,2019,7,23,7,3,6,4,2,0,1,1,0,0,0,1
7796,197099,11,7,7070704,Nahariyastraße,2019,7,22,7,2,0,2,2,0,1,0,1,0,0,1
7797,197100,11,10,10030724,Oberfeldstraße,2019,7,21,7,3,5,2,2,1,1,0,0,0,0,1
7798,197101,11,8,8010213,Körnerpark,2019,7,21,7,3,6,2,1,0,1,1,0,0,0,1
7799,197102,11,2,2030301,Oranienplatz,2019,7,19,7,3,5,7,0,0,1,0,1,0,0,0
7800,197103,11,9,9020802,Köllnische Vorstadt,2019,7,18,7,2,5,7,0,0,1,0,0,0,0,0
7801,197104,11,1,1011301,Charitéviertel,2019,7,17,7,3,6,2,0,0,1,1,0,0,0,0
7802,197105,11,6,6010206,Stadtpark,2019,7,16,7,3,2,6,0,1,1,0,0,0,0,1
7803,197106,11,1,1033102,Gesundbrunnen,2019,7,16,7,3,1,5,0,0,1,0,0,0,0,1
7804,197107,11,7,7010104,Dennewitzplatz,2019,7,15,7,3,0,1,0,0,1,0,1,0,0,1
7805,197108,11,1,1044101,Rehberge,2019,7,14,7,3,5,3,0,1,1,0,0,0,0,1
7806,197109,11,12,12224230,Heiligensee,2019,7,14,7,3,2,6,0,0,1,0,0,0,0,0
7807,197110,11,6,6040701,Wannsee,2019,7,14,7,3,6,4,0,0,1,1,0,0,0,0
7808,197111,11,5,5010207,Darbystraße,2019,7,13,7,3,5,2,0,0,1,0,1,0,0,0
7809,197112,11,5,5010103,Amorbacher Weg,2019,7,13,7,3,5,3,0,0,1,0,0,0,0,0
7810,197113,11,11,11030721,Rüdigerstraße,2019,7,13,7,3,0,1,0,1,0,0,0,0,0,0
7811,197114,11,7,7010104,Dennewitzplatz,2019,7,12,7,3,5,2,0,1,1,0,0,0,0,0
7812,197115,11,8,8010404,Rixdorf,2019,7,12,7,3,5,2,0,0,1,0,0,0,0,0
7813,197116,11,4,4051654,Wilhelmsaue,2019,7,11,7,3,2,3,0,0,1,0,0,0,0,0
7814,197117,11,6,6040810,Dahlem,2019,7,8,7,3,0,2,0,1,1,0,0,0,0,0
7815,197118,11,1,1022106,Elberfelder Straße,2019,7,7,7,3,6,2,0,0,1,1,0,0,0,0
7816,197119,11,4,4030930,George-Grosz-Platz,2019,7,10,7,3,3,6,0,1,1,0,0,0,0,0
7817,197120,11,9,9010401,Johannisthal West,2019,7,12,7,3,2,6,0,0,1,0,0,0,1,0
7818,197121,11,10,10040933,Mahlsdorf Süd,2019,7,8,6,2,5,3,0,1,1,0,0,0,0,1
7819,197122,11,4,4030931,Breitscheidplatz,2019,7,14,6,3,1,5,0,0,1,0,0,0,0,0
7820,197123,11,10,10030727,Biesdorf Süd,2019,7,10,6,3,5,3,0,0,1,0,0,0,0,1
7821,197124,11,7,7020202,Volkspark (Rudolf-Wilde-Park),2019,7,11,6,3,6,7,0,0,1,1,0,0,0,0
7822,197125,11,8,8010211,Flughafenstraße,2019,7,21,6,3,0,5,2,0,1,0,0,0,0,0
7823,197126,11,3,3061126,Arnimplatz,2019,7,17,6,3,5,2,0,1,1,0,0,0,0,0
7824,197127,11,1,1022206,Lüneburger Straße,2019,7,17,6,3,3,6,0,1,0,0,0,0,1,1
7825,197128,11,6,6030503,Zehlendorf Mitte,2019,7,17,6,3,5,2,0,1,1,0,0,0,0,0
7826,197129,11,10,10010310,Alt-Marzahn,2019,7,17,4,3,2,2,0,0,1,0,0,0,0,0
7827,197130,11,4,4051655,Babelsberger Straße,2019,7,8,4,3,5,3,0,1,0,0,0,0,1,0
7828,197131,11,5,5010204,Griesingerstraße,2019,7,15,6,3,5,2,0,1,1,0,0,0,0,1
7829,197132,11,6,6030609,Augustaplatz,2019,7,14,6,3,2,6,0,0,1,0,0,0,0,0
7830,197133,11,3,3010102,Buch,2019,7,14,6,2,5,3,0,0,1,0,1,0,0,1
7831,197134,11,1,1033102,Gesundbrunnen,2019,7,14,6,3,2,6,0,0,1,0,0,0,0,1
7832,197135,11,12,12214125,Waldidyll/Flughafensee,2019,7,14,6,3,2,2,0,0,1,0,0,0,1,1
7833,197136,11,12,12302107,Schorfheidestraße,2019,7,13,6,3,2,6,0,0,1,0,0,0,0,1
7834,197137,11,1,1022106,Elberfelder Straße,2019,7,12,6,3,2,6,0,0,1,0,0,0,0,1
7835,197138,11,2,2040703,Wriezener Bahnhof/Entwicklungsgebiet,2019,7,12,6,3,6,7,0,1,0,0,0,0,1,1
7836,197139,11,10,10010311,Landsberger Tor,2019,7,16,6,3,2,6,0,0,1,0,0,0,0,0
7837,197140,11,10,10010308,Marzahner Chaussee,2019,7,12,6,3,5,3,0,0,1,0,0,0,1,1
7838,197141,11,10,10020412,Alte Hellersdorfer Straße,2019,7,12,6,3,5,3,0,1,1,0,0,0,0,1
7839,197142,11,7,7060604,Marienfelde Süd,2019,7,11,6,3,5,2,0,0,1,0,0,0,0,0
7840,197143,11,12,12301203,Wittenau Süd,2019,7,10,6,2,5,3,0,0,1,0,0,0,0,1
7841,197144,11,7,7010104,Dennewitzplatz,2019,7,10,6,3,0,1,0,1,0,0,0,0,0,1
7842,197145,11,11,11040926,Weitlingstraße,2019,7,12,6,3,1,5,0,1,1,0,0,0,0,1
7843,197146,11,12,12304314,Ziekowstraße/Freie Scholle,2019,7,10,6,3,8,1,0,0,1,0,0,0,0,1
7844,197147,11,3,3040614,Pankow Zentrum,2019,7,16,6,3,2,6,0,0,1,0,0,0,0,1
7845,197148,11,4,4030623,Ernst-Reuter-Platz,2019,7,15,6,3,5,7,0,0,1,0,0,0,0,1
7846,197149,11,1,1011101,Stülerstraße,2019,7,10,6,3,0,1,0,0,0,0,1,0,0,1
7847,197150,11,3,3010102,Buch,2019,7,10,6,3,0,3,0,0,1,0,1,0,0,1
7848,197151,11,7,7030301,Friedenau,2019,7,9,6,3,1,5,0,1,1,0,0,0,0,1
7849,197152,11,4,4051549,Rathaus Wilmersdorf,2019,7,9,6,3,2,6,0,0,1,0,0,0,1,1
7850,197153,11,5,5010103,Amorbacher Weg,2019,7,8,6,3,2,6,0,0,1,0,0,0,0,1
7851,197154,11,1,1011204,Leipziger Straße,2019,7,9,6,3,0,7,0,1,1,0,0,0,0,0
7852,197155,11,7,7050504,Imbrosweg,2019,7,8,6,2,9,1,0,0,1,0,0,0,0,1
7853,197156,11,4,4031032,Halensee,2019,7,8,6,3,0,1,0,0,0,0,1,0,0,1
7854,197157,11,7,7040404,Marienhöhe,2019,7,8,6,3,5,2,0,0,1,0,0,0,1,1
7855,197158,11,1,1011105,Nördlicher Landwehrkanal,2019,7,7,6,3,2,6,0,0,1,0,0,1,0,1
7856,197159,11,10,10020413,Gut Hellersdorf,2019,7,7,6,3,5,3,0,0,1,0,0,0,0,1
7857,197160,11,12,12304314,Ziekowstraße/Freie Scholle,2019,7,7,6,3,2,6,0,0,1,0,0,0,0,1
7858,197161,11,1,1011401,Invalidenstraße,2019,7,6,6,2,5,2,0,0,1,0,1,0,0,1
7859,197162,11,5,5020626,Adamstraße,2019,7,6,6,3,5,3,0,0,1,0,0,0,0,1
7860,197163,11,2,2020204,Urbanstraße,2019,7,1,6,3,0,3,2,1,1,0,0,0,0,0
7861,197164,11,4,4030827,Karl-August-Platz,2019,7,16,6,3,2,7,0,1,1,0,0,0,0,0
7862,197165,11,2,2020202,Rathaus Yorckstraße,2019,7,9,5,3,5,2,0,1,0,0,0,0,0,0
7863,197166,11,2,2040702,Weberwiese,2019,7,14,5,3,6,7,0,0,0,1,0,0,1,0
7864,197167,11,2,2040701,Andreasviertel,2019,7,14,5,3,6,4,0,1,0,1,0,0,0,0
7865,197168,11,5,5020625,Borkumer Straße,2019,7,14,5,3,5,3,0,0,1,0,1,0,0,0
7866,197169,11,3,3040614,Pankow Zentrum,2019,7,14,5,3,2,6,0,0,1,0,0,0,0,0
7867,197170,11,7,7040403,Manteuffelstraße,2019,7,22,5,3,5,2,2,1,1,0,0,0,0,1
7868,197171,11,1,1033203,Humboldthain Nordwest,2019,7,13,5,3,6,4,0,1,0,1,0,0,0,0
7869,197172,11,4,4030415,Schloßgarten,2019,7,19,5,2,0,7,0,1,0,0,0,0,0,0
7870,197173,11,1,1011201,Wilhelmstraße,2019,7,13,5,3,6,6,0,1,0,1,0,0,0,0
7871,197174,11,2,2050803,Stralauer Kiez,2019,7,20,5,3,2,6,0,0,1,0,1,0,0,0
7872,197175,11,1,1033102,Gesundbrunnen,2019,7,19,5,3,6,4,0,0,1,1,0,0,0,0
7873,197176,11,2,2050601,Hausburgviertel,2019,7,13,5,3,2,7,0,0,1,0,1,0,0,0
7874,197177,11,2,2030302,Lausitzer Platz,2019,7,20,5,3,5,3,0,1,0,0,0,0,0,0
7875,197178,11,10,10010310,Alt-Marzahn,2019,7,12,5,3,0,3,0,0,1,0,1,0,0,0
7876,197179,11,4,7030301,Friedenau,2019,7,12,5,2,5,3,0,0,1,0,0,0,0,0
7877,197180,11,5,5020625,Borkumer Straße,2019,7,11,5,3,5,2,0,0,1,0,1,0,0,0
7878,197181,11,2,2050602,Samariterviertel,2019,7,10,5,3,5,2,0,1,1,0,0,0,0,0