,object id,city,district,sub district key,street,year,month,hour of day,weekday,category,accident type,accident type 2,light situation,bike involved,car involved,pedestrian involved,motor bike involved,big track involved,other vehicle involved,road condition
7879,197182,11,9,9010202,Köpenicker Landstraße,2019,7,9,5,2,2,6,0,0,1,0,0,0,0,0
7880,197183,11,1,1022202,Heidestraße,2019,7,9,5,3,5,2,0,0,1,0,0,0,0,0
7881,197184,11,8,8010301,Reuterkiez,2019,7,17,5,2,1,5,0,1,1,0,0,0,0,0
7882,197185,11,7,7020201,Bayerischer Platz,2019,7,8,5,3,5,2,0,1,1,0,0,0,0,0
7883,197186,11,2,2010101,Askanischer Platz,2019,7,8,5,3,6,2,0,0,1,1,0,0,0,0
7884,197187,11,9,9010202,Köpenicker Landstraße,2019,7,9,5,3,5,2,0,1,1,0,0,0,0,0
7885,197188,11,8,8010212,Rollberg,2019,7,23,5,3,9,1,2,0,1,0,0,0,0,1
7886,197189,11,12,12304314,Ziekowstraße/Freie Scholle,2019,7,23,5,3,0,1,2,1,0,0,0,0,0,0
7887,197190,11,8,8010117,Schillerpromenade,2019,7,22,5,3,1,5,2,1,1,0,0,0,0,1
7888,197191,11,7,7050503,Eisenacher Straße,2019,7,17,5,3,6,7,0,0,1,1,0,0,0,0
7889,197192,11,11,11040926,Weitlingstraße,2019,7,14,5,3,0,1,0,0,0,0,1,0,0,0
7890,197193,11,5,5010339,Freiheit,2019,7,21,4,3,1,5,1,0,1,0,0,1,0,0
7891,197194,11,7,7040406,Germaniagarten,2019,7,21,4,2,5,3,1,1,0,0,0,0,1,0
7892,197195,11,2,2020204,Urbanstraße,2019,7,21,4,3,5,3,1,1,1,0,0,0,0,1
7893,197196,11,1,1011401,Invalidenstraße,2019,7,21,4,3,0,1,2,0,0,0,1,0,0,1
7894,197197,11,1,1011201,Wilhelmstraße,2019,7,21,4,3,5,3,2,1,1,0,0,0,0,1
7895,197198,11,4,4030930,George-Grosz-Platz,2019,7,20,4,3,3,6,0,1,1,0,0,0,0,0
7896,197199,11,5,5020420,Werkstraße,2019,7,20,4,2,9,1,0,0,0,0,1,0,0,0
7897,197200,11,1,1011202,Unter den Linden Nord,2019,7,20,4,3,5,2,0,1,1,0,0,0,0,0
7898,197201,11,11,11030619,Fennpfuhl Ost,2019,7,19,4,3,5,3,0,0,1,0,0,0,0,0
7899,197202,11,2,2020204,Urbanstraße,2019,7,19,4,3,0,2,0,0,1,0,1,0,0,0
7900,197203,11,10,10010308,Marzahner Chaussee,2019,7,18,4,3,5,7,0,0,1,0,0,0,0,0
7901,197204,11,6,6010103,Markelstraße,2019,7,18,4,3,0,6,0,1,0,0,0,0,1,0
7902,197205,11,8,8010404,Rixdorf,2019,7,17,4,3,5,2,0,1,1,0,0,0,0,0
7903,197206,11,1,1011201,Wilhelmstraße,2019,7,17,4,3,5,2,0,1,1,0,0,0,0,0
7904,197207,11,10,10030724,Oberfeldstraße,2019,7,15,4,3,5,2,0,0,1,0,0,0,0,0
7905,197208,11,3,3061430,Volkspark Prenzlauer Berg,2019,7,14,4,3,5,3,0,1,0,0,0,0,1,0
7906,197209,11,1,1033203,Humboldthain Nordwest,2019,7,14,4,3,2,7,0,1,1,0,0,0,0,0
7907,197210,11,12,12214125,Waldidyll/Flughafensee,2019,7,13,4,3,3,6,0,0,1,0,0,0,0,0
7908,197211,11,12,12224230,Heiligensee,2019,7,13,4,3,1,5,0,0,1,0,0,0,0,0
7909,197212,11,8,8010117,Schillerpromenade,2019,7,11,4,3,2,6,0,0,1,0,0,1,0,0
7910,197213,11,9,9020602,Oberspree,2019,7,10,4,2,6,4,0,0,1,1,0,0,0,0
7911,197214,11,3,3040818,Pankow Süd,2019,7,7,4,3,1,5,0,0,1,0,0,0,1,0
7912,197215,11,3,3030715,Heinersdorf,2019,7,10,4,3,2,6,0,0,1,0,0,0,0,0
7913,197216,11,3,3061126,Arnimplatz,2019,7,9,4,3,3,6,0,0,1,0,1,0,0,0
7914,197217,11,1,1011301,Charitéviertel,2019,7,10,4,3,5,3,0,0,1,0,1,0,0,0
7915,197218,11,8,8010301,Reuterkiez,2019,7,3,7,3,2,6,2,1,1,0,0,0,0,0
7916,197219,11,2,2020204,Urbanstraße,2019,7,3,7,2,0,1,2,0,0,0,1,0,0,0
7917,197220,11,5,5030833,Motardstraße,2019,7,2,7,2,0,1,2,0,1,0,0,0,0,0
7918,197221,11,1,1011101,Stülerstraße,2019,7,22,6,2,5,3,2,1,0,0,0,0,0,0
7919,197222,11,4,4030621,Spreestadt,2019,7,14,7,3,5,2,0,1,1,0,0,0,0,0
7920,197223,11,4,4030827,Karl-August-Platz,2019,7,14,7,2,3,6,0,1,1,0,0,0,0,0
7921,197224,11,1,1022201,Stephankiez,2019,7,13,7,3,0,2,0,0,1,0,1,0,0,0
7922,197225,11,9,9010101,Elsenstraße,2019,7,22,7,3,6,4,2,1,0,1,0,0,0,0
7923,197226,11,1,1011203,Unter den Linden Süd,2019,7,13,7,2,0,7,0,0,1,1,0,0,1,0
7924,197227,11,1,1022104,Emdener Straße,2019,7,12,7,2,2,2,0,1,1,0,0,0,0,0
7925,197228,11,2,2040701,Andreasviertel,2019,7,21,7,3,5,2,1,1,1,0,0,0,0,0
7926,197229,11,5,5020626,Adamstraße,2019,7,12,7,2,5,2,0,0,1,0,0,0,0,0
7927,197230,11,12,12231101,Hermsdorf,2019,7,12,7,3,5,2,0,1,1,0,0,0,0,0
7928,197231,11,6,6040703,Nikolassee,2019,7,12,7,3,5,2,0,1,1,0,0,0,0,0
7929,197232,11,12,12103220,Humboldtstraße,2019,7,12,7,3,4,5,0,0,1,0,0,0,1,0
7930,197233,11,10,10030724,Oberfeldstraße,2019,7,19,7,3,3,6,0,0,1,0,1,0,0,0
7931,197234,11,8,8030831,Gropiusstadt Ost,2019,7,11,7,3,0,1,0,0,0,0,1,0,0,0
7932,197235,11,1,1011401,Invalidenstraße,2019,7,11,7,3,1,5,0,1,0,0,0,0,1,0
7933,197236,11,3,3050923,Weißenseer Spitze,2019,7,11,7,3,5,2,0,0,1,0,0,0,0,0
7934,197237,11,9,9010202,Köpenicker Landstraße,2019,7,11,7,3,5,3,0,0,1,0,0,0,0,0
7935,197238,11,1,1011101,Stülerstraße,2019,7,11,7,2,5,3,0,1,1,0,0,0,0,0
7936,197239,11,11,11051332,Karlshorst Süd,2019,7,10,7,3,5,3,0,1,0,0,0,0,1,0
7937,197240,11,9,9020701,Adlershof West,2019,7,8,7,3,0,6,0,0,0,0,1,0,1,0
7938,197241,11,2,2040701,Andreasviertel,2019,7,4,7,3,5,3,1,0,1,0,0,0,0,0
7939,197242,11,4,4020310,Park Ruhwald,2019,7,7,6,3,3,6,0,1,0,0,0,0,1,0
7940,197243,11,9,9010401,Johannisthal West,2019,7,6,6,3,3,6,0,1,0,0,0,0,1,0
7941,197244,11,11,11010310,Mühlengrund,2019,7,16,6,3,5,2,0,1,1,0,0,0,0,0
7942,197245,11,3,3020209,Niederschönhausen,2019,7,16,6,3,5,3,0,1,1,0,0,0,0,0
7943,197246,11,6,6010206,Stadtpark,2019,7,15,6,3,2,6,0,0,1,0,1,0,0,0
7944,197247,11,11,11051331,Karlshorst Nord,2019,7,15,6,2,0,1,0,0,0,0,0,0,1,0
7945,197248,11,6,6030503,Zehlendorf Mitte,2019,7,15,6,2,5,7,0,0,0,0,1,0,1,0
7946,197249,11,2,2030401,Reichenberger Straße,2019,7,15,6,2,5,3,0,1,0,0,0,0,1,0
7947,197250,11,7,7010102,Nollendorfplatz,2019,7,13,6,3,2,6,0,0,1,0,0,0,1,0
7948,197251,11,3,3051017,Rennbahnstraße,2019,7,13,6,3,5,3,0,0,1,0,0,0,0,0
7949,197252,11,4,4010102,Plötzensee,2019,7,13,6,3,2,6,0,0,1,0,1,0,0,0
7950,197253,11,9,9010401,Johannisthal West,2019,7,13,6,3,5,2,0,1,1,0,0,0,0,0
7951,197254,11,8,8020625,Handwerker-Siedlung,2019,7,12,6,2,2,6,0,0,1,0,0,0,0,0
7952,197255,11,2,2020205,Chamissokiez,2019,7,12,6,3,0,7,0,1,0,0,0,0,0,0
7953,197256,11,4,4030724,Lietzensee,2019,7,11,6,3,6,7,0,0,1,1,0,0,0,0
7954,197257,11,7,7070701,Kettinger Straße/Schillerstraße,2019,7,11,6,3,3,6,0,0,1,0,1,0,0,0
7955,197258,11,2,2030302,Lausitzer Platz,2019,7,10,6,3,5,2,0,1,0,0,0,1,0,0
7956,197259,11,3,3061430,Volkspark Prenzlauer Berg,2019,7,22,6,3,5,3,2,1,1,0,0,0,0,0
7957,197260,11,7,7040403,Manteuffelstraße,2019,7,21,6,3,5,2,2,0,1,0,0,0,0,0
7958,197261,11,9,9010101,Elsenstraße,2019,7,21,6,2,5,3,1,1,1,0,0,0,0,0
7959,197262,11,2,2040701,Andreasviertel,2019,7,20,6,3,5,3,0,1,1,0,0,0,0,0
7960,197263,11,7,7040401,Neu-Tempelhof,2019,7,19,6,3,5,2,0,0,1,0,0,0,0,0
7961,197264,11,4,4030929,Hindemithplatz,2019,7,1,6,3,5,3,2,0,1,0,0,0,0,0
7962,197265,11,8,8030829,Gropiusstadt Nord,2019,7,19,6,3,5,7,0,1,1,0,0,0,0,0
7963,197266,11,11,11051331,Karlshorst Nord,2019,7,10,6,3,6,4,0,0,1,1,0,0,0,0
7964,197267,11,5,5020625,Borkumer Straße,2019,7,9,6,3,0,6,0,0,0,0,0,0,1,0
7965,197268,11,11,11030619,Fennpfuhl Ost,2019,7,9,6,3,5,2,0,1,1,0,0,0,0,0
7966,197269,11,1,1011301,Charitéviertel,2019,7,9,6,3,5,3,0,0,1,0,0,0,1,0
7967,197270,11,1,1044202,Sparrplatz,2019,7,8,6,2,5,3,0,1,1,0,0,0,0,0
7968,197271,11,7,7030301,Friedenau,2019,7,8,6,3,4,6,0,1,1,0,0,0,0,0
7969,197272,11,11,11040926,Weitlingstraße,2019,7,7,6,3,5,3,0,1,1,0,0,0,0,0
7970,197273,11,9,9052001,Köpenick Nord,2019,7,6,6,3,1,1,0,0,1,0,0,0,0,0
7971,197274,11,2,2050803,Stralauer Kiez,2019,7,6,6,3,5,2,0,1,1,0,0,0,0,0
7972,197275,11,1,1011202,Unter den Linden Nord,2019,7,15,6,3,3,6,0,0,1,0,0,0,1,0
7973,197276,11,8,8020727,Buckow Mitte,2019,7,11,5,3,0,3,0,1,1,0,0,0,0,0
7974,197277,11,8,8010508,Weiße Siedlung,2019,7,21,5,2,9,1,2,0,0,0,1,0,0,0
7975,197278,11,1,1011303,Alexanderplatzviertel,2019,7,21,5,3,6,4,0,1,0,1,0,0,0,0
7976,197279,11,1,1044203,Leopoldplatz,2019,7,20,5,3,5,2,0,0,1,0,0,0,1,0
7977,197280,11,4,4030931,Breitscheidplatz,2019,7,19,5,3,5,3,0,1,1,0,0,0,0,0
7978,197281,11,6,6040804,Krumme Lanke,2019,7,18,5,3,5,3,0,0,1,0,1,0,0,0
7979,197282,11,8,8020727,Buckow Mitte,2019,7,18,5,3,5,2,0,0,1,0,0,0,0,0
7980,197283,11,11,11020513,Orankesee,2019,7,16,5,3,0,7,0,0,1,0,0,0,1,0
7981,197284,11,2,2020206,Graefekiez,2019,7,15,5,3,5,2,0,1,0,0,0,0,1,0
7982,197285,11,1,1011201,Wilhelmstraße,2019,7,18,5,3,5,3,0,1,1,0,0,0,0,0
7983,197286,11,2,2040701,Andreasviertel,2019,7,15,5,3,2,6,0,0,1,0,0,0,0,0
7984,197287,11,1,1022106,Elberfelder Straße,2019,7,17,5,3,5,7,0,1,0,0,0,0,1,0
7985,197288,11,1,1044201,Reinickendorfer Straße,2019,7,15,5,3,5,2,0,0,1,0,1,0,0,0
7986,197289,11,1,1011203,Unter den Linden Süd,2019,7,17,5,3,5,7,0,1,1,0,0,0,0,0
7987,197290,11,1,1044201,Reinickendorfer Straße,2019,7,15,5,3,6,7,0,0,1,1,0,0,0,0
7988,197291,11,4,4051653,Prager Platz,2019,7,15,5,3,6,3,0,0,1,1,0,0,0,0
7989,197292,11,8,8010301,Reuterkiez,2019,7,17,5,3,5,3,0,1,0,0,0,0,0,0
7990,197293,11,8,8020622,Parchimer Allee,2019,7,14,5,3,1,5,0,0,1,0,0,0,1,0
7991,197294,11,7,7030303,Grazer Platz,2019,7,16,5,2,5,3,0,1,1,0,0,0,0,0
7992,197295,11,12,12302212,Rollbergesiedlung,2019,7,14,5,3,0,5,0,0,1,0,0,0,1,0
7993,197296,11,9,9051702,Bölschestraße,2019,7,13,5,3,1,1,0,1,1,0,0,0,0,0
7994,197297,11,1,1011102,Großer Tiergarten,2019,7,11,5,3,3,2,0,0,1,0,0,0,0,0
7995,197298,11,7,7070701,Kettinger Straße/Schillerstraße,2019,7,11,5,3,5,2,0,0,1,0,0,1,0,0
7996,197299,11,1,1022102,Beusselkiez,2019,7,11,5,3,6,2,0,0,0,1,0,0,1,0
7997,197300,11,9,9020702,Adlershof Ost,2019,7,11,5,3,2,6,0,0,1,0,0,0,1,0
7998,197301,11,7,7040401,Neu-Tempelhof,2019,7,11,5,3,2,6,0,0,1,0,0,0,1,0
7999,197302,11,1,1011301,Charitéviertel,2019,7,10,5,3,5,3,0,0,1,0,0,0,1,0
8000,197303,11,1,1011105,Nördlicher Landwehrkanal,2019,7,10,5,3,1,5,0,1,1,0,0,0,0,0
8001,197304,11,11,11040926,Weitlingstraße,2019,7,10,5,3,1,1,0,0,1,0,0,0,0,0
8002,197305,11,11,11020411,Malchower Weg,2019,7,9,5,2,5,2,0,0,0,0,1,0,1,0
8003,197306,11,3,3030715,Heinersdorf,2019,7,9,5,3,2,6,0,0,1,0,0,0,0,0
8004,197307,11,1,1011306,Heine-Viertel Ost,2019,7,9,5,3,5,3,0,1,1,0,0,0,0,0
8005,197308,11,4,4041241,Breite Straße,2019,7,7,5,3,5,3,0,1,1,0,0,0,0,0
8006,197309,11,7,7040401,Neu-Tempelhof,2019,7,5,5,3,0,1,1,0,0,0,0,0,1,0
8007,197310,11,5,5010209,An der Kappe,2019,7,3,5,2,1,1,2,0,1,0,0,0,0,0
8008,197311,11,3,3050925,Komponistenviertel Weißensee,2019,7,17,5,3,6,2,0,0,1,1,0,0,0,0
8009,197312,11,2,2030402,Wrangelkiez,2019,7,14,5,3,5,7,0,0,0,0,1,0,1,0
8010,197313,11,7,7010104,Dennewitzplatz,2019,7,10,5,3,0,7,0,0,0,0,1,0,0,1
8011,197314,11,4,4030931,Breitscheidplatz,2019,7,10,4,3,1,5,0,1,0,0,0,0,1,0
8012,197315,11,7,7030302,Ceciliengärten,2019,7,15,4,3,6,4,0,1,0,1,0,0,0,0
8013,197316,11,5,5010206,Gütersloher Weg,2019,7,17,4,2,5,2,0,1,1,0,0,0,0,0
8014,197317,11,11,11020514,Große-Leege-Straße,2019,7,17,4,3,5,2,0,1,1,0,0,0,0,0
8015,197318,11,2,2040701,Andreasviertel,2019,7,17,4,3,0,2,0,0,1,0,1,0,0,0
8016,197319,11,9,9010301,Baumschulenstraße,2019,7,16,4,3,6,2,0,0,0,1,0,1,0,0
8017,197320,11,1,1033201,Brunnenstraße,2019,7,16,4,3,6,7,0,1,0,1,0,0,0,0
8018,197321,11,6,6020302,Komponistenviertel Lankwitz,2019,7,16,4,3,5,3,0,1,1,0,0,0,0,0
8019,197322,11,7,7040405,Rathaus Tempelhof,2019,7,16,4,3,2,7,0,0,0,0,1,0,1,0
8020,197323,11,4,4010103,Paul-Hertz-Siedlung,2019,7,5,4,3,0,6,0,0,0,0,1,0,0,0
8021,197324,11,5,5040934,Alt-Gatow,2019,7,23,4,3,0,1,2,1,0,0,0,0,0,0
8022,197325,11,1,1033201,Brunnenstraße,2019,7,20,4,3,0,3,0,1,0,0,0,0,1,0
8023,197326,11,1,1011402,Arkonaplatz,2019,7,19,4,3,1,5,0,1,1,0,0,0,0,0
8024,197327,11,12,1044101,Rehberge,2019,7,19,4,3,2,4,0,0,1,1,0,0,0,0
8025,197328,11,11,11051229,Rummelsburg,2019,7,18,4,3,2,3,0,0,1,0,0,0,0,0
8026,197329,11,2,2050802,Boxhagener Platz,2019,7,18,4,3,0,6,0,1,0,0,0,0,0,0
8027,197330,11,1,1011302,Oranienburger Straße,2019,7,18,4,3,5,3,0,1,1,0,0,0,0,0
8028,197331,11,5,5030730,Zitadellenweg,2019,7,18,4,2,2,6,0,0,1,0,1,0,0,0
8029,197332,11,2,2020204,Urbanstraße,2019,7,18,4,3,5,2,0,0,1,0,1,0,0,0
8030,197333,11,7,7040401,Neu-Tempelhof,2019,7,18,4,3,6,2,0,1,0,1,0,0,0,0
8031,197334,11,1,1011402,Arkonaplatz,2019,7,18,4,3,0,1,0,1,0,0,0,0,0,0
8032,197335,11,10,10020414,Helle Mitte,2019,7,17,4,3,6,7,0,0,1,1,0,0,0,0
8033,197336,11,1,1044102,Schillerpark,2019,7,12,4,3,2,2,0,0,1,0,0,0,1,0
8034,197337,11,9,9020502,Oberschöneweide Ost,2019,7,12,4,3,0,6,0,0,1,0,1,0,0,0
8035,197338,11,7,7010104,Dennewitzplatz,2019,7,12,4,3,5,2,0,1,1,0,0,0,0,0
8036,197339,11,9,9010202,Köpenicker Landstraße,2019,7,11,4,2,6,7,0,0,1,1,0,0,0,0
8037,197340,11,3,3071639,Bötzowstraße,2019,7,10,4,2,6,4,0,0,1,1,0,0,0,0
8038,197341,11,7,7010101,Wittenbergplatz/Viktoria-Luise-Platz,2019,7,9,4,3,5,2,0,0,1,0,0,0,0,0
8039,197342,11,7,7010102,Nollendorfplatz,2019,7,8,4,3,5,3,0,1,1,0,0,0,0,0
8040,197343,11,1,1011204,Leipziger Straße,2019,7,8,4,3,1,5,0,1,1,0,0,0,0,0
8041,197344,11,11,11030619,Fennpfuhl Ost,2019,7,8,4,3,5,2,0,1,1,0,0,0,0,0
8042,197345,11,11,11030721,Rüdigerstraße,2019,7,7,4,3,5,3,0,0,1,0,1,0,0,0
8043,197346,11,5,5010339,Freiheit,2019,7,7,4,3,6,4,0,0,1,1,0,0,0,0
8044,197347,11,3,3010102,Buch,2019,7,16,4,3,2,6,0,0,1,0,0,0,0,0
8045,197348,11,11,11051331,Karlshorst Nord,2019,7,16,4,3,0,7,0,1,1,0,0,0,0,0
8046,197349,11,4,4030726,Droysenstraße,2019,7,15,4,2,5,2,0,0,1,0,1,0,0,0
8047,197350,11,12,12214125,Waldidyll/Flughafensee,2019,7,15,4,3,3,5,0,1,1,0,0,0,0,0
8048,197351,11,4,4051653,Prager Platz,2019,7,14,4,2,6,4,0,1,0,1,0,0,0,0
8049,197352,11,3,1033102,Gesundbrunnen,2019,7,14,4,3,2,6,0,0,1,0,0,0,0,0
8050,197353,11,3,3050924,Behaimstraße,2019,7,13,4,3,6,2,0,0,1,1,0,0,0,0
8051,197354,11,1,1022207,Hansaviertel,2019,7,13,4,3,0,3,0,0,1,0,0,0,0,0
8052,197355,11,1,1022202,Heidestraße,2019,7,13,4,3,5,2,0,1,1,0,0,0,0,0
8053,197356,11,11,11020412,Hauptstraße,2019,7,12,4,3,3,6,0,0,1,0,0,1,0,0
8054,197357,11,2,2050601,Hausburgviertel,2019,7,13,4,2,3,6,0,0,1,0,1,0,0,0
8055,197358,11,10,10010310,Alt-Marzahn,2019,7,5,4,3,6,4,0,0,0,1,0,0,1,0
8056,197359,11,2,2040701,Andreasviertel,2019,7,20,4,3,5,2,0,0,1,0,1,0,0,0
8057,197360,11,9,9031101,Grünau,2019,7,19,3,3,6,4,0,1,0,1,0,0,0,0
8058,197361,11,1,1033202,Humboldthain Süd,2019,7,21,3,3,5,3,2,0,1,0,1,0,0,0
8059,197362,11,1,1033203,Humboldthain Nordwest,2019,7,20,3,3,0,7,0,0,1,0,0,0,0,0
8060,197363,11,7,7020203,Kaiser-Wilhelm-Platz,2019,7,19,3,3,2,7,0,1,0,0,0,0,1,0
8061,197364,11,9,9020502,Oberschöneweide Ost,2019,7,19,3,3,5,2,0,1,1,0,0,0,0,0
8062,197365,11,2,2020206,Graefekiez,2019,7,19,3,2,5,7,1,0,1,0,1,0,0,0
8063,197366,11,1,1011302,Oranienburger Straße,2019,7,19,3,2,1,5,0,1,1,0,0,0,0,0
8064,197367,11,1,1011302,Oranienburger Straße,2019,7,18,3,3,2,6,0,0,1,0,1,0,0,0
8065,197368,11,5,5020523,Maulbeerallee,2019,7,18,3,3,5,3,0,0,1,0,0,0,0,0
8066,197369,11,8,8041037,Alt-Rudow,2019,7,18,3,3,0,3,0,0,1,0,1,0,0,0
8067,197370,11,2,2040703,Wriezener Bahnhof/Entwicklungsgebiet,2019,7,17,3,3,6,4,0,0,1,1,0,0,0,0
8068,197371,11,2,2030302,Lausitzer Platz,2019,7,17,3,3,2,6,0,1,0,0,0,0,0,0
8069,197372,11,2,2050803,Stralauer Kiez,2019,7,16,3,3,5,3,0,1,1,0,0,0,0,0
8070,197373,11,9,9020501,Oberschöneweide West,2019,7,16,3,3,5,7,0,0,1,0,0,0,1,0
8071,197374,11,3,3010102,Buch,2019,7,11,3,3,0,1,0,1,0,0,0,0,0,0
8072,197375,11,1,1011402,Arkonaplatz,2019,7,16,3,2,0,1,0,1,0,0,0,0,0,0
8073,197376,11,1,1011401,Invalidenstraße,2019,7,16,3,3,0,1,0,1,0,0,0,0,0,0
8074,197377,11,1,1011203,Unter den Linden Süd,2019,7,15,3,3,5,2,0,0,1,0,1,0,0,0
8075,197378,11,8,8010303,Donaustraße,2019,7,15,3,2,0,1,0,1,0,0,0,0,0,0
8076,197379,11,2,2040701,Andreasviertel,2019,7,14,3,3,0,7,0,1,1,0,0,0,0,0
8077,197380,11,1,1044103,Westliche Müllerstraße,2019,7,13,3,3,2,6,0,0,0,0,1,0,1,0
8078,197381,11,6,6020302,Komponistenviertel Lankwitz,2019,7,13,3,3,5,7,0,0,1,0,1,0,0,0
8079,197382,11,9,9041301,Kietzer Feld/Nachtheide,2019,7,13,3,2,5,3,0,1,1,0,0,0,0,0
8080,197383,11,8,8010117,Schillerpromenade,2019,7,12,3,3,5,7,0,0,1,0,1,0,0,0
8081,197384,11,4,4030929,Hindemithplatz,2019,7,12,3,3,3,2,0,0,1,0,0,0,0,0
8082,197385,11,1,1011301,Charitéviertel,2019,7,12,3,3,1,5,0,1,1,0,0,0,0,0
8083,197386,11,4,4051445,Eisenzahnstraße,2019,7,11,3,3,2,2,0,0,1,0,1,0,0,0
8084,197387,11,2,2030301,Oranienplatz,2019,7,11,3,3,6,4,0,0,1,1,0,0,0,0
8085,197388,11,4,4030929,Hindemithplatz,2019,7,11,3,3,2,6,0,0,1,0,1,0,0,0
8086,197389,11,3,3040614,Pankow Zentrum,2019,7,11,3,3,5,3,0,0,1,0,1,0,0,0
8087,197390,11,5,5010314,Carl-Schurz-Straße,2019,7,17,3,3,2,6,0,0,1,0,0,0,0,0
8088,197391,11,5,5020521,Döberitzer Weg,2019,7,10,3,3,2,6,0,0,1,0,0,0,0,0
8089,197392,11,7,7040401,Neu-Tempelhof,2019,7,10,3,3,2,2,0,0,1,0,1,0,0,0
8090,197393,11,2,2030402,Wrangelkiez,2019,7,10,3,3,0,1,0,1,0,0,0,0,0,0
8091,197394,11,1,1044203,Leopoldplatz,2019,7,9,3,3,2,6,0,0,1,0,0,0,0,0
8092,197395,11,11,11051229,Rummelsburg,2019,7,9,3,3,5,2,0,1,1,0,0,0,0,0
8093,197396,11,4,4030518,Tegeler Weg,2019,7,9,3,3,2,2,0,0,1,0,1,0,0,0
8094,197397,11,3,3061429,Greifswalder Straße,2019,7,9,3,3,1,5,0,1,1,0,0,0,0,0
8095,197398,11,9,9051702,Bölschestraße,2019,7,7,3,3,5,7,0,1,0,0,0,0,1,0
8096,197399,11,3,3040512,Wilhelmsruh,2019,7,6,3,3,5,3,0,0,1,0,0,0,1,0
8097,197400,11,11,11010205,Falkenberg West,2019,7,6,3,3,5,3,0,0,1,0,1,0,0,0
8098,197401,11,1,1011301,Charitéviertel,2019,7,6,3,3,5,2,0,0,1,0,1,0,0,0
8099,197402,11,4,4051446,Preußenpark,2019,7,3,3,3,5,3,2,1,1,0,0,0,0,0
8100,197403,11,1,1011303,Alexanderplatzviertel,2019,7,18,3,3,0,1,0,0,0,0,0,0,1,0
8101,197404,11,5,5020417,Staakener Straße,2019,7,13,3,3,1,5,0,1,1,0,0,0,0,0
8102,197405,11,1,1011301,Charitéviertel,2019,7,19,3,3,1,5,0,1,1,0,0,0,0,0
8103,197406,11,3,3061227,Humannplatz,2019,7,7,2,3,5,3,0,0,1,0,0,0,0,0
8104,197407,11,4,4010102,Plötzensee,2019,7,6,2,3,2,2,0,0,1,0,0,1,0,0
8105,197408,11,7,7070701,Kettinger Straße/Schillerstraße,2019,7,1,2,3,0,1,2,0,1,0,0,0,0,0
8106,197409,11,1,1011303,Alexanderplatzviertel,2019,7,15,2,3,5,3,0,1,1,0,0,0,0,0
8107,197410,11,3,3040614,Pankow Zentrum,2019,7,15,2,3,2,7,0,0,0,0,1,1,0,0
8108,197411,11,4,4051448,Schaperstraße,2019,7,17,2,3,5,2,0,1,1,0,0,0,0,1
8109,197412,11,4,4031032,Halensee,2019,7,17,2,3,0,7,0,1,1,0,0,0,0,1
8110,197413,11,1,1033202,Humboldthain Süd,2019,7,13,2,3,5,2,0,1,1,0,0,0,0,0
8111,197414,11,1,1033202,Humboldthain Süd,2019,7,13,2,3,3,6,0,1,0,0,0,0,1,0
8112,197415,11,1,1044201,Reinickendorfer Straße,2019,7,16,2,3,2,7,0,0,1,0,0,0,0,0
8113,197416,11,1,1011201,Wilhelmstraße,2019,7,15,2,2,5,2,0,1,1,0,0,0,0,0
8114,197417,11,1,1033201,Brunnenstraße,2019,7,15,2,3,1,1,0,0,1,0,0,0,0,0
8115,197418,11,5,5020626,Adamstraße,2019,7,16,2,3,2,6,0,0,1,0,0,0,1,0
8116,197419,11,4,4020313,Königin-Elisabeth-Straße,2019,7,14,2,2,3,6,0,0,1,0,0,0,0,0
8117,197420,11,4,4030415,Schloßgarten,2019,7,17,2,2,0,1,0,0,0,0,1,0,0,1
8118,197421,11,5,5010103,Amorbacher Weg,2019,7,21,2,3,9,1,1,0,1,0,0,0,0,1
8119,197422,11,8,8010211,Flughafenstraße,2019,7,20,2,3,2,7,1,0,1,0,1,0,0,0
8120,197423,11,12,12214424,Scharnweberstraße,2019,7,19,2,3,2,6,0,0,1,0,0,0,0,0
8121,197424,11,1,1044203,Leopoldplatz,2019,7,19,2,3,1,5,0,1,1,0,0,0,1,0
8122,197425,11,2,2010103,Moritzplatz,2019,7,13,2,3,5,3,0,0,1,0,0,0,0,0
8123,197426,11,4,4030726,Droysenstraße,2019,7,13,2,3,5,2,0,0,1,0,1,0,0,0
8124,197427,11,1,1022106,Elberfelder Straße,2019,7,12,2,3,5,3,0,1,0,0,0,0,0,0
8125,197428,11,9,9051901,Dammvorstadt,2019,7,12,2,3,5,3,0,0,1,0,0,0,0,0
8126,197429,11,11,11041022,Rosenfelder Ring,2019,7,11,2,3,0,7,0,0,0,0,0,1,0,0
8127,197430,11,6,6020306,Lankwitz Süd,2019,7,11,2,3,5,3,0,0,1,0,0,0,1,0
8128,197431,11,9,9020501,Oberschöneweide West,2019,7,11,2,3,5,3,0,1,1,0,0,0,0,0
8129,197432,11,2,2010102,Mehringplatz,2019,7,9,2,3,2,6,0,1,0,0,0,0,0,0
8130,197433,11,11,11051332,Karlshorst Süd,2019,7,9,2,3,2,6,0,0,1,0,0,0,0,0
8131,197434,11,3,3040614,Pankow Zentrum,2019,7,8,2,3,5,3,0,1,1,0,0,0,0,0
8132,197435,11,1,1011301,Charitéviertel,2019,7,6,2,3,6,4,0,1,0,1,0,0,0,0