,object id,city,district,sub district key,street,year,month,hour of day,weekday,category,accident type,accident type 2,light situation,bike involved,car involved,pedestrian involved,motor bike involved,big track involved,other vehicle involved,road condition
8133,197436,11,5,5010101,Hakenfelde Nord,2019,7,10,2,3,5,2,0,1,1,0,0,0,0,0
8134,197437,11,4,4020311,Reichsstraße,2019,7,10,2,2,6,4,0,0,1,1,0,0,0,0
8135,197438,11,3,3020210,Herthaplatz,2019,7,20,2,3,1,5,1,1,1,0,0,0,0,0
8136,197439,11,5,5010103,Amorbacher Weg,2019,7,11,2,3,6,2,0,0,1,1,0,0,0,0
8137,197440,11,9,9030901,Dorf Altglienicke,2019,7,14,1,3,6,4,0,0,1,1,0,0,0,0
8138,197441,11,1,1044103,Westliche Müllerstraße,2019,7,19,1,3,2,6,0,0,1,0,0,0,0,0
8139,197442,11,3,3040818,Pankow Süd,2019,7,22,1,3,1,7,2,0,0,0,1,0,1,0
8140,197443,11,4,4051445,Eisenzahnstraße,2019,7,19,1,3,1,5,0,0,1,0,1,0,0,0
8141,197444,11,3,3061131,Falkplatz,2019,7,19,1,3,5,3,0,1,1,0,0,0,0,0
8142,197445,11,6,6030503,Zehlendorf Mitte,2019,7,19,1,3,1,5,0,0,1,0,0,0,0,0
8143,197446,11,8,8010301,Reuterkiez,2019,7,18,1,3,0,2,0,0,1,0,0,0,1,0
8144,197447,11,9,9010202,Köpenicker Landstraße,2019,7,18,1,3,5,2,0,0,1,0,0,0,1,0
8145,197448,11,9,9031202,Schmöckwitz/Rauchfangswerder,2019,7,17,1,2,5,3,0,0,1,0,1,0,0,0
8146,197449,11,11,11030720,Herzbergstraße,2019,7,16,1,3,3,6,0,0,1,0,1,0,0,0
8147,197450,11,11,11010309,Zingster Straße West,2019,7,16,1,2,6,4,0,0,1,1,0,0,0,0
8148,197451,11,11,11010102,Dorf Wartenberg,2019,7,16,1,3,4,6,0,0,1,0,1,0,0,0
8149,197452,11,2,2040701,Andreasviertel,2019,7,15,1,3,5,3,0,0,1,0,1,0,0,0
8150,197453,11,5,5010207,Darbystraße,2019,7,15,1,3,5,2,0,0,1,0,0,0,0,1
8151,197454,11,4,4061757,Forst Grunewald,2019,7,14,1,3,2,6,0,1,1,0,0,0,0,0
8152,197455,11,9,9020801,Spindlersfeld,2019,7,14,1,3,1,5,0,1,1,0,0,0,0,0
8153,197456,11,4,4030930,George-Grosz-Platz,2019,7,14,1,3,1,5,0,1,1,0,0,0,0,0
8154,197457,11,1,1022104,Emdener Straße,2019,7,15,1,3,8,1,0,0,1,0,0,0,1,0
8155,197458,11,12,12301206,Lübars,2019,7,10,1,3,5,3,0,0,1,0,0,0,0,1
8156,197459,11,8,8010301,Reuterkiez,2019,7,2,1,2,1,5,2,1,1,0,0,0,0,1
8157,197460,11,1,1033102,Gesundbrunnen,2019,7,22,1,2,0,7,2,0,0,0,0,0,1,0
8158,197461,11,3,3061228,Erich-Weinert-Straße,2019,7,20,7,3,5,2,1,1,1,0,0,0,0,0
8159,197462,11,1,1033203,Humboldthain Nordwest,2019,7,18,7,3,6,4,0,0,1,1,0,0,0,0
8160,197463,11,12,12224230,Heiligensee,2019,7,22,7,3,6,7,2,1,0,1,0,0,0,1
8161,197464,11,7,7010104,Dennewitzplatz,2019,7,20,7,3,5,2,0,0,1,0,0,0,1,0
8162,197465,11,12,12214424,Scharnweberstraße,2019,7,20,7,3,2,2,0,0,1,0,0,0,0,0
8163,197466,11,8,8010301,Reuterkiez,2019,7,18,7,2,5,2,0,0,1,0,1,0,0,0
8164,197467,11,11,11010102,Dorf Wartenberg,2019,7,17,7,3,9,1,0,0,1,0,0,0,0,0
8165,197468,11,1,1022201,Stephankiez,2019,7,17,7,3,5,7,0,0,1,0,1,0,0,0
8166,197469,11,7,7010102,Nollendorfplatz,2019,7,16,7,2,1,5,0,1,1,0,0,0,0,0
8167,197470,11,4,4010101,Jungfernheide,2019,7,16,7,3,5,3,0,1,1,0,0,0,0,0
8168,197471,11,3,3050923,Weißenseer Spitze,2019,7,16,7,3,8,1,0,0,0,0,0,0,1,0
8169,197472,11,4,4051445,Eisenzahnstraße,2019,7,15,7,3,5,2,0,1,1,0,0,0,0,0
8170,197473,11,4,4020314,Messegelände,2019,7,14,7,3,2,6,0,0,1,0,1,0,0,0
8171,197474,11,4,4051654,Wilhelmsaue,2019,7,13,7,2,5,2,0,0,1,0,0,0,0,0
8172,197475,11,11,11030720,Herzbergstraße,2019,7,12,7,2,2,6,0,0,1,0,0,0,0,0
8173,197476,11,6,6020409,Königsberger Straße,2019,7,12,7,3,3,6,0,0,1,0,1,0,0,0
8174,197477,11,7,7050502,Fritz-Werner-Straße,2019,7,11,7,3,5,2,0,0,1,0,0,0,0,0
8175,197478,11,7,7060604,Marienfelde Süd,2019,7,11,7,3,5,3,0,1,1,0,0,0,0,0
8176,197479,11,10,10020412,Alte Hellersdorfer Straße,2019,7,10,7,3,5,3,0,1,1,0,0,0,0,0
8177,197480,11,3,3020307,Buchholz,2019,7,10,7,2,6,3,0,0,1,1,0,0,0,0
8178,197481,11,5,5030730,Zitadellenweg,2019,7,9,7,3,0,6,0,0,0,0,0,0,1,0
8179,197482,11,9,9010201,Am Treptower Park Süd,2019,7,9,7,2,6,2,0,0,1,1,0,0,0,0
8180,197483,11,12,12214421,Reinickes Hof,2019,7,8,7,3,5,3,0,0,1,0,1,0,0,0
8181,197484,11,8,8020619,Buschkrugallee Nord,2019,7,18,7,3,5,3,0,0,1,0,0,0,0,0
8182,197485,11,3,3050923,Weißenseer Spitze,2019,7,22,7,3,5,2,2,1,0,0,0,0,1,1
8183,197486,11,5,5010310,Eckschanze,2019,7,14,6,3,2,6,0,0,1,0,0,0,0,0
8184,197487,11,6,6010209,Feuerbachstraße,2019,7,16,6,3,5,3,0,0,1,0,0,0,0,0
8185,197488,11,5,5020521,Döberitzer Weg,2019,7,19,6,2,5,3,0,0,1,0,0,0,0,0
8186,197489,11,1,1011201,Wilhelmstraße,2019,7,18,6,3,5,3,0,0,1,0,1,0,0,0
8187,197490,11,3,3061227,Humannplatz,2019,7,16,6,2,5,3,0,0,1,0,1,0,0,1
8188,197491,11,12,12304314,Ziekowstraße/Freie Scholle,2019,7,15,6,3,2,6,0,0,1,0,0,0,0,0
8189,197492,11,11,11020516,Weiße Taube,2019,7,14,6,3,4,6,0,0,1,0,0,1,0,0
8190,197493,11,2,2040702,Weberwiese,2019,7,13,6,3,2,7,0,0,0,0,1,1,0,0
8191,197494,11,5,5020419,Magistratsweg,2019,7,12,6,3,5,2,0,0,1,0,0,0,0,0
8192,197495,11,12,12301203,Wittenau Süd,2019,7,11,6,3,0,5,0,1,1,0,0,0,1,0
8193,197496,11,1,1011303,Alexanderplatzviertel,2019,7,10,6,3,2,6,0,0,0,0,1,0,1,0
8194,197497,11,6,6020303,Lankwitz Kirche,2019,7,10,6,3,5,2,0,1,1,0,0,0,0,0
8195,197498,11,1,1011203,Unter den Linden Süd,2019,7,8,6,3,5,3,0,1,1,0,0,0,0,0
8196,197499,11,5,5010206,Gütersloher Weg,2019,7,22,6,3,2,2,2,0,1,0,1,0,0,0
8197,197500,11,8,8020620,Tempelhofer Weg,2019,7,20,6,3,5,3,2,0,1,0,0,0,0,0
8198,197501,11,2,2050804,Stralauer Halbinsel,2019,7,16,6,3,0,1,0,0,0,0,1,0,0,1
8199,197502,11,1,1011104,Körnerstraße,2019,7,12,6,2,6,2,0,0,0,1,0,0,1,0
8200,197503,11,4,4020313,Königin-Elisabeth-Straße,2019,7,10,6,2,5,3,0,0,1,0,0,0,0,0
8201,197504,11,11,11030619,Fennpfuhl Ost,2019,7,16,6,3,0,1,0,0,0,0,1,0,0,1
8202,197505,11,1,1011302,Oranienburger Straße,2019,7,17,6,3,0,1,0,1,0,0,0,0,0,1
8203,197506,11,10,10030724,Oberfeldstraße,2019,8,15,3,3,0,2,0,1,1,0,0,0,0,1
8204,197507,11,3,3040818,Pankow Süd,2019,8,17,3,1,5,5,0,0,0,0,0,0,1,0
8205,197508,11,8,8020621,Mohriner Allee Nord,2019,8,13,2,3,3,6,0,1,1,0,0,0,0,0
8206,197509,11,1,1011105,Nördlicher Landwehrkanal,2019,8,22,2,3,1,5,2,1,1,0,0,0,0,0
8207,197510,11,4,4020311,Reichsstraße,2019,8,17,2,3,0,1,0,0,0,0,1,0,0,0
8208,197511,11,4,4030621,Spreestadt,2019,8,16,2,3,2,2,0,0,1,0,0,0,1,0
8209,197512,11,1,1011302,Oranienburger Straße,2019,8,16,2,3,3,6,0,1,1,0,0,0,0,0
8210,197513,11,4,4030417,Schloßstraße,2019,8,16,2,3,5,3,0,1,1,0,0,0,0,0
8211,197514,11,9,9020601,Schnellerstraße,2019,8,9,2,3,5,2,0,1,0,0,0,0,1,0
8212,197515,11,4,4051655,Babelsberger Straße,2019,8,17,2,3,3,6,0,1,1,0,0,0,0,0
8213,197516,11,9,9052001,Köpenick Nord,2019,8,16,2,3,0,2,0,1,0,0,0,0,1,0
8214,197517,11,3,3061430,Volkspark Prenzlauer Berg,2019,8,16,2,3,6,2,0,0,0,1,0,1,0,0
8215,197518,11,9,9020702,Adlershof Ost,2019,8,16,2,3,0,3,0,1,1,0,0,0,0,0
8216,197519,11,8,8010301,Reuterkiez,2019,8,15,2,3,2,6,0,0,1,0,0,0,0,0
8217,197520,11,7,7020204,Schöneberger Insel,2019,8,15,2,2,1,5,0,1,1,0,0,0,0,0
8218,197521,11,1,1022101,Huttenkiez,2019,8,15,2,3,0,2,0,1,1,0,0,0,0,0
8219,197522,11,7,7030303,Grazer Platz,2019,8,13,2,3,0,1,0,0,0,0,1,0,0,1
8220,197523,11,1,1011204,Leipziger Straße,2019,8,11,2,3,5,3,0,1,0,0,0,0,1,0
8221,197524,11,2,2020203,Viktoriapark,2019,8,11,2,3,1,5,0,1,1,0,0,0,0,0
8222,197525,11,4,4030621,Spreestadt,2019,8,11,2,3,6,7,0,1,0,1,0,0,0,0
8223,197526,11,8,8041035,Blumenviertel,2019,8,11,2,3,5,7,0,0,1,0,1,0,0,0
8224,197527,11,6,6010206,Stadtpark,2019,8,11,2,3,5,3,0,0,1,0,0,0,0,0
8225,197528,11,1,1011202,Unter den Linden Nord,2019,8,8,2,2,5,3,0,1,1,0,0,0,0,0
8226,197529,11,7,7070703,John-Locke-Straße,2019,8,8,2,3,5,2,0,1,1,0,0,0,0,0
8227,197530,11,1,2040701,Andreasviertel,2019,8,8,2,3,2,6,0,0,1,0,0,0,1,0
8228,197531,11,8,8010117,Schillerpromenade,2019,8,8,2,3,5,2,0,1,1,0,0,0,0,0
8229,197532,11,4,4020311,Reichsstraße,2019,8,7,2,3,2,6,0,0,1,0,0,0,0,0
8230,197533,11,3,3040614,Pankow Zentrum,2019,8,7,2,3,2,7,0,0,1,0,0,0,0,0
8231,197534,11,3,3040614,Pankow Zentrum,2019,8,10,2,3,0,3,0,1,0,0,0,0,1,0
8232,197535,11,3,3050925,Komponistenviertel Weißensee,2019,8,7,2,3,5,2,0,0,1,0,1,0,0,0
8233,197536,11,9,9010402,Johannisthal Ost,2019,8,6,2,3,5,3,0,1,1,0,0,0,0,0
8234,197537,11,2,2030401,Reichenberger Straße,2019,8,2,2,3,5,3,2,0,1,0,0,0,1,0
8235,197538,11,1,1033203,Humboldthain Nordwest,2019,8,6,2,3,1,5,0,1,1,0,0,0,0,0
8236,197539,11,3,3051017,Rennbahnstraße,2019,8,10,2,3,2,6,0,0,1,0,0,0,0,0
8237,197540,11,6,6010208,Bergstraße,2019,8,9,2,3,5,2,0,0,1,0,1,0,0,0
8238,197541,11,10,10030725,Buckower Ring,2019,8,9,2,3,2,6,0,0,1,0,0,0,0,0
8239,197542,11,5,5010313,Ackerstraße,2019,8,9,2,3,5,2,0,1,1,0,0,0,0,0
8240,197543,11,7,7040401,Neu-Tempelhof,2019,8,4,1,3,2,6,2,0,1,0,0,0,0,0
8241,197544,11,3,3051017,Rennbahnstraße,2019,8,17,1,2,0,1,0,1,0,0,0,0,0,0
8242,197545,11,1,1011201,Wilhelmstraße,2019,8,13,1,3,0,1,0,0,0,0,1,0,0,0
8243,197546,11,1,1011303,Alexanderplatzviertel,2019,8,0,1,3,0,1,2,0,0,0,0,0,1,0
8244,197547,11,5,5010314,Carl-Schurz-Straße,2019,8,12,1,3,2,6,0,0,1,0,1,0,1,0
8245,197548,11,3,3030406,Alt-Karow,2019,8,17,1,3,5,3,0,0,1,0,1,0,0,0
8246,197549,11,6,6020303,Lankwitz Kirche,2019,8,16,1,3,5,3,0,0,1,0,1,0,0,0
8247,197550,11,5,5020522,Pillnitzer Weg,2019,8,13,1,3,2,6,0,0,1,0,0,0,0,0
8248,197551,11,5,5030730,Zitadellenweg,2019,8,12,1,3,3,6,0,0,1,0,1,0,0,0
8249,197552,11,4,4051447,Ludwigkirchplatz,2019,8,4,1,3,1,5,2,0,1,0,0,0,1,0
8250,197553,11,3,3040614,Pankow Zentrum,2019,8,4,1,3,5,3,2,0,1,0,0,0,0,0
8251,197554,11,11,11010101,Dorf Malchow,2019,8,18,1,3,0,7,0,1,0,0,0,0,0,0
8252,197555,11,2,2030402,Wrangelkiez,2019,8,0,1,3,0,5,2,1,1,0,0,0,1,0
8253,197556,11,1,1011101,Stülerstraße,2019,8,21,1,3,1,5,2,1,1,0,0,0,0,0
8254,197557,11,8,8020620,Tempelhofer Weg,2019,8,20,1,2,5,3,1,0,1,0,0,0,0,0
8255,197558,11,2,2020204,Urbanstraße,2019,8,19,1,3,0,1,0,1,0,0,0,0,0,0
8256,197559,11,11,11051332,Karlshorst Süd,2019,8,19,1,3,0,1,0,1,0,0,0,0,0,0
8257,197560,11,12,12214424,Scharnweberstraße,2019,8,21,7,3,2,6,0,0,1,0,0,0,0,0
8258,197561,11,2,2030302,Lausitzer Platz,2019,8,14,7,3,4,6,0,1,0,0,0,0,1,0
8259,197562,11,12,12214527,Alt-Tegel,2019,8,14,7,3,2,6,0,0,1,0,0,0,0,0
8260,197563,11,12,12214422,Klixstraße,2019,8,19,7,3,5,3,0,0,1,0,0,0,0,0
8261,197564,11,4,4041136,Hagenplatz,2019,8,13,7,3,6,4,0,0,1,1,0,0,0,0
8262,197565,11,8,8041035,Blumenviertel,2019,8,13,7,3,5,3,0,1,1,0,0,0,0,0
8263,197566,11,2,2030301,Oranienplatz,2019,8,15,7,3,2,6,0,1,1,0,0,0,0,0
8264,197567,11,8,8020727,Buckow Mitte,2019,8,15,7,3,1,5,0,1,1,0,0,0,0,0
8265,197568,11,8,8030831,Gropiusstadt Ost,2019,8,17,7,3,5,2,0,1,1,0,0,0,0,0
8266,197569,11,12,12214424,Scharnweberstraße,2019,8,15,7,3,5,2,0,0,1,0,0,0,0,0
8267,197570,11,1,1033101,Soldiner Straße,2019,8,15,7,3,6,4,0,0,1,1,0,0,0,0
8268,197571,11,3,3020209,Niederschönhausen,2019,8,17,7,2,5,3,0,0,1,0,1,0,0,0
8269,197572,11,5,5020625,Borkumer Straße,2019,8,16,7,3,0,2,0,1,1,0,0,0,0,0
8270,197573,11,9,9020701,Adlershof West,2019,8,17,7,2,2,6,0,0,1,0,1,0,0,0
8271,197574,11,10,10040828,Kaulsdorf Nord,2019,8,18,7,3,5,3,0,0,1,0,0,0,0,0
8272,197575,11,2,2050602,Samariterviertel,2019,8,19,7,3,0,1,0,1,0,0,0,0,0,0
8273,197576,11,1,1011401,Invalidenstraße,2019,8,19,7,2,1,5,0,1,0,0,0,0,1,0
8274,197577,11,12,12214424,Scharnweberstraße,2019,8,23,7,3,5,2,2,0,1,0,1,0,0,0
8275,197578,11,9,9010301,Baumschulenstraße,2019,8,22,7,3,0,3,2,0,1,0,1,0,0,0
8276,197579,11,6,6020410,Oberhofer Platz,2019,8,23,7,3,5,3,2,1,0,0,0,0,0,0
8277,197580,11,12,12103117,Letteplatz,2019,8,13,7,2,2,7,0,1,1,0,0,0,0,0
8278,197581,11,4,4020311,Reichsstraße,2019,8,11,7,3,5,5,0,0,1,0,1,0,0,0
8279,197582,11,4,4030931,Breitscheidplatz,2019,8,11,7,3,2,6,0,1,1,0,0,0,0,0
8280,197583,11,4,4030725,Amtsgerichtsplatz,2019,8,11,7,3,2,6,0,1,1,0,0,0,0,0
8281,197584,11,1,1044201,Reinickendorfer Straße,2019,8,10,7,3,0,2,0,0,0,0,0,1,1,0
8282,197585,11,11,11051229,Rummelsburg,2019,8,1,7,2,6,4,2,0,1,1,0,0,0,0
8283,197586,11,8,8020727,Buckow Mitte,2019,8,14,6,2,6,4,0,0,1,1,0,0,0,0
8284,197587,11,5,5010313,Ackerstraße,2019,8,0,6,3,6,2,2,0,0,1,0,0,1,0
8285,197588,11,1,1044201,Reinickendorfer Straße,2019,8,16,6,3,5,3,0,1,1,0,0,0,0,0
8286,197589,11,12,12103218,Teichstraße,2019,8,18,6,3,0,2,0,1,1,0,0,0,0,0
8287,197590,11,1,1011301,Charitéviertel,2019,8,9,6,3,6,7,0,0,0,1,0,0,1,0
8288,197591,11,1,1022201,Stephankiez,2019,8,14,6,2,5,3,0,0,1,0,1,0,0,0
8289,197592,11,2,2010101,Askanischer Platz,2019,8,18,6,3,0,2,0,1,1,0,0,0,0,1
8290,197593,11,1,1044201,Reinickendorfer Straße,2019,8,11,6,3,5,5,0,0,1,0,0,0,0,0
8291,197594,11,3,3030406,Alt-Karow,2019,8,11,6,3,0,5,0,1,0,0,0,0,0,0
8292,197595,11,2,2040701,Andreasviertel,2019,8,15,6,3,5,2,0,1,1,0,0,0,0,0
8293,197596,11,8,8010404,Rixdorf,2019,8,14,6,3,6,4,0,0,1,1,0,0,0,0
8294,197597,11,4,4051445,Eisenzahnstraße,2019,8,14,6,3,5,3,0,0,0,0,1,0,1,0
8295,197598,11,6,6010102,Schloßstraße,2019,8,13,6,3,1,5,0,1,0,0,0,0,1,0
8296,197599,11,7,7020203,Kaiser-Wilhelm-Platz,2019,8,13,6,3,2,6,0,0,1,0,1,0,0,0
8297,197600,11,4,4010102,Plötzensee,2019,8,12,6,3,5,7,0,0,1,0,1,0,0,0
8298,197601,11,5,5020627,Tiefwerder,2019,8,11,6,3,2,6,0,0,1,0,0,0,0,0
8299,197602,11,12,12214423,Mellerbogen,2019,8,11,6,2,5,3,0,0,1,0,1,0,0,0
8300,197603,11,5,5010208,Germersheimer Platz,2019,8,10,6,3,1,5,0,0,1,0,0,0,1,0
8301,197604,11,6,6030608,Schweizer Viertel,2019,8,8,6,2,0,1,0,0,1,0,1,0,0,0
8302,197605,11,2,2020204,Urbanstraße,2019,8,8,6,3,5,3,0,1,0,0,0,0,0,0
8303,197606,11,10,10030724,Oberfeldstraße,2019,8,8,6,3,2,7,0,0,1,0,0,0,0,0
8304,197607,11,12,12214421,Reinickes Hof,2019,8,8,6,3,2,6,0,0,1,0,0,0,0,0
8305,197608,11,6,6030502,Zehlendorf Süd,2019,8,8,6,3,5,2,0,1,1,0,0,0,0,0
8306,197609,11,11,11040926,Weitlingstraße,2019,8,19,6,3,0,2,1,0,1,0,1,0,0,1
8307,197610,11,3,3040818,Pankow Süd,2019,8,19,6,3,1,5,0,1,1,0,0,0,0,1
8308,197611,11,9,9051901,Dammvorstadt,2019,8,18,6,3,2,2,0,0,1,0,0,0,0,1
8309,197612,11,4,4030519,Kaiserin-Augusta-Allee,2019,8,18,6,2,5,3,0,0,1,0,1,0,0,1
8310,197613,11,11,11051330,Karlshorst West,2019,8,18,6,3,1,5,1,1,1,0,0,0,0,1
8311,197614,11,3,3061430,Volkspark Prenzlauer Berg,2019,8,17,6,2,0,1,0,1,0,0,0,0,0,1
8312,197615,11,3,11030618,Fennpfuhl West,2019,8,17,6,3,2,6,0,0,1,0,0,0,0,1
8313,197616,11,4,4030828,Savignyplatz,2019,8,17,6,3,6,4,0,0,1,1,0,0,0,1
8314,197617,11,3,3061435,Conrad-Blenkle-Straße,2019,8,17,6,3,5,3,0,0,1,0,0,0,0,1
8315,197618,11,4,4020311,Reichsstraße,2019,8,16,6,3,5,3,0,0,1,0,0,0,0,1
8316,197619,11,1,1033203,Humboldthain Nordwest,2019,8,16,6,3,2,6,0,0,1,0,0,0,0,1
8317,197620,11,5,5020625,Borkumer Straße,2019,8,22,6,3,6,4,2,0,1,1,0,0,0,0
8318,197621,11,1,1044201,Reinickendorfer Straße,2019,8,20,6,3,0,1,0,1,0,0,0,0,0,0
8319,197622,11,3,3061227,Humannplatz,2019,8,18,6,3,0,2,1,1,1,0,0,0,0,1
8320,197623,11,1,1033101,Soldiner Straße,2019,8,15,5,3,2,6,0,0,1,0,1,0,0,0
8321,197624,11,4,4030931,Breitscheidplatz,2019,8,22,5,3,1,5,2,1,1,0,0,0,0,0
8322,197625,11,6,6010101,Fichtenberg,2019,8,21,5,2,5,2,2,0,1,0,0,0,0,0
8323,197626,11,3,3050923,Weißenseer Spitze,2019,8,21,5,2,5,3,1,1,0,0,0,0,1,0
8324,197627,11,2,2050801,Traveplatz,2019,8,20,5,3,1,5,1,1,1,0,0,0,0,0
8325,197628,11,2,2010101,Askanischer Platz,2019,8,20,5,3,6,4,1,1,0,1,0,0,0,0
8326,197629,11,3,3071536,Teutoburger Platz,2019,8,19,5,3,6,4,0,0,1,1,0,0,0,0
8327,197630,11,10,10030726,Alt-Biesdorf,2019,8,19,5,3,5,3,0,1,1,0,0,0,0,0
8328,197631,11,5,5010101,Hakenfelde Nord,2019,8,16,5,3,2,6,0,0,1,0,1,0,0,1
8329,197632,11,8,8010117,Schillerpromenade,2019,8,18,5,3,1,5,0,1,1,0,0,0,0,0
8330,197633,11,2,2030302,Lausitzer Platz,2019,8,18,5,3,0,3,0,0,1,0,1,0,0,0
8331,197634,11,5,5010209,An der Kappe,2019,8,17,5,3,5,2,0,0,1,0,0,0,0,0
8332,197635,11,4,4030620,Alt-Lietzow,2019,8,16,5,3,2,6,0,0,1,0,0,0,1,0
8333,197636,11,7,7040404,Marienhöhe,2019,8,16,5,3,0,1,0,1,0,0,0,0,0,0
8334,197637,11,4,4051550,Leon-Jessel-Platz,2019,8,16,5,3,5,3,0,1,1,0,0,0,0,0
8335,197638,11,7,7040401,Neu-Tempelhof,2019,8,14,5,3,5,3,0,0,1,0,0,0,0,0
8336,197639,11,5,5010311,Eiswerder,2019,8,14,5,3,2,6,0,0,1,0,0,0,0,0
8337,197640,11,12,12302212,Rollbergesiedlung,2019,8,14,5,3,0,6,0,1,0,0,0,1,0,0
8338,197641,11,3,3030715,Heinersdorf,2019,8,14,5,2,6,4,0,0,1,1,0,0,0,0
8339,197642,11,4,4020204,Olympiagelände,2019,8,13,5,3,5,2,0,0,1,0,1,0,0,0
8340,197643,11,1,1033203,Humboldthain Nordwest,2019,8,15,5,3,5,3,0,0,1,0,0,0,0,0
8341,197644,11,3,3061227,Humannplatz,2019,8,13,5,3,6,4,0,0,0,1,1,0,0,0
8342,197645,11,1,1011305,Heine-Viertel West,2019,8,13,5,2,6,4,0,0,1,1,0,0,0,0
8343,197646,11,11,11040926,Weitlingstraße,2019,8,13,5,3,5,2,0,1,1,0,0,0,0,0
8344,197647,11,10,10040829,Alt-Kaulsdorf,2019,8,12,5,3,0,6,0,1,1,0,0,0,0,0
8345,197648,11,2,2020204,Urbanstraße,2019,8,12,5,3,1,5,0,1,0,0,0,1,0,0
8346,197649,11,3,3040614,Pankow Zentrum,2019,8,12,5,2,5,3,0,0,1,0,0,1,0,0
8347,197650,11,4,4020310,Park Ruhwald,2019,8,12,5,3,2,6,0,0,1,0,0,0,0,0
8348,197651,11,8,8020621,Mohriner Allee Nord,2019,8,12,5,3,5,7,0,0,1,0,0,0,0,0
8349,197652,11,4,4020311,Reichsstraße,2019,8,10,5,3,5,3,0,0,1,0,0,0,0,0
8350,197653,11,2,2020204,Urbanstraße,2019,8,12,5,3,2,2,0,0,1,0,1,0,0,1
8351,197654,11,3,3071536,Teutoburger Platz,2019,8,9,5,3,5,2,0,1,1,0,0,0,0,0
8352,197655,11,11,11030618,Fennpfuhl West,2019,8,8,5,3,5,3,0,0,0,0,0,1,1,0
8353,197656,11,3,3061227,Humannplatz,2019,8,11,5,3,5,7,0,0,1,0,0,0,0,0
8354,197657,11,11,11030618,Fennpfuhl West,2019,8,8,5,3,5,5,0,0,1,0,1,0,0,1
8355,197658,11,7,7010103,Barbarossaplatz,2019,8,10,5,3,0,6,0,1,1,0,0,0,0,0
8356,197659,11,3,3020210,Herthaplatz,2019,8,10,5,3,1,5,0,0,1,0,0,0,0,0
8357,197660,11,4,4041344,Rüdesheimer Platz,2019,8,8,5,3,0,3,0,0,1,0,1,0,0,0
8358,197661,11,12,12103218,Teichstraße,2019,8,8,5,3,5,2,0,1,1,0,0,0,0,0
8359,197662,11,1,1011105,Nördlicher Landwehrkanal,2019,8,7,5,3,8,1,0,0,1,0,0,0,0,0
8360,197663,11,2,2030402,Wrangelkiez,2019,8,6,5,3,0,4,0,1,0,1,0,0,0,1
8361,197664,11,11,11040925,Victoriastadt,2019,8,6,5,3,2,6,0,0,1,0,1,0,0,0
8362,197665,11,1,1033201,Brunnenstraße,2019,8,5,5,3,5,3,1,0,1,0,0,0,0,1
8363,197666,11,4,4051655,Babelsberger Straße,2019,8,2,5,3,5,2,2,0,1,0,0,0,0,0
8364,197667,11,2,2030302,Lausitzer Platz,2019,8,0,5,3,0,2,2,1,1,0,0,0,0,1
8365,197668,11,12,12214421,Reinickes Hof,2019,7,2,4,3,0,7,2,1,0,0,0,0,0,0
8366,197669,11,4,4041136,Hagenplatz,2019,7,20,4,3,5,2,1,0,1,0,0,0,0,1
8367,197670,11,12,12103218,Teichstraße,2019,7,20,4,3,1,5,2,0,1,0,0,0,0,1
8368,197671,11,12,12103117,Letteplatz,2019,7,20,4,3,0,1,1,0,0,0,1,0,0,1
8369,197672,11,2,2020203,Viktoriapark,2019,7,19,4,3,5,5,1,0,1,0,1,0,0,0
8370,197673,11,2,2040701,Andreasviertel,2019,7,23,4,3,5,7,2,0,1,0,1,0,0,1
8371,197674,11,4,4051447,Ludwigkirchplatz,2019,7,22,4,3,0,1,2,0,0,0,1,0,0,1
8372,197675,11,4,4030827,Karl-August-Platz,2019,7,18,4,3,5,2,0,0,1,0,0,0,0,0
8373,197676,11,8,8041036,Zittauer Straße,2019,7,18,4,3,5,3,0,0,1,0,0,0,0,0
8374,197677,11,1,1011303,Alexanderplatzviertel,2019,7,17,4,3,2,6,0,0,1,0,0,0,0,1
8375,197678,11,4,4030929,Hindemithplatz,2019,7,17,4,3,0,6,0,0,1,0,1,0,0,1
8376,197679,11,4,4030725,Amtsgerichtsplatz,2019,7,17,4,2,0,1,0,1,0,0,0,0,0,1
8377,197680,11,10,10030727,Biesdorf Süd,2019,7,17,4,3,6,4,0,0,1,1,0,0,0,1
8378,197681,11,1,1011303,Alexanderplatzviertel,2019,7,17,4,2,5,2,0,1,1,0,0,0,0,1
8379,197682,11,1,1022106,Elberfelder Straße,2019,7,16,4,3,0,5,0,0,1,0,1,0,0,1
8380,197683,11,7,7050505,Hundsteinweg,2019,7,16,4,3,2,6,0,0,1,0,0,0,0,1
8381,197684,11,1,1011301,Charitéviertel,2019,7,16,4,3,5,3,0,0,1,0,0,0,0,1
8382,197685,11,12,12231101,Hermsdorf,2019,7,15,4,3,5,2,0,1,1,0,0,0,0,1
8383,197686,11,1,1011101,Stülerstraße,2019,7,15,4,3,2,6,0,0,1,0,0,0,0,1
8384,197687,11,4,4010102,Plötzensee,2019,7,10,4,3,5,2,0,0,1,0,0,0,0,0
8385,197688,11,1,1022204,Thomasiusstraße,2019,7,9,4,3,5,7,0,1,1,0,0,0,0,0
8386,197689,11,12,12214422,Klixstraße,2019,7,9,4,2,4,6,0,1,0,0,0,0,0,0