,object id,city,district,sub district key,street,year,month,hour of day,weekday,category,accident type,accident type 2,light situation,bike involved,car involved,pedestrian involved,motor bike involved,big track involved,other vehicle involved,road condition
8387,197690,11,2,2020203,Viktoriapark,2019,7,9,4,3,2,6,0,0,1,0,1,0,0,0
8388,197691,11,2,2030301,Oranienplatz,2019,7,7,4,3,5,2,0,1,1,0,0,0,0,0
8389,197692,11,1,1011302,Oranienburger Straße,2019,7,15,4,2,5,7,0,0,1,0,0,0,0,0
8390,197693,11,1,1011402,Arkonaplatz,2019,7,7,4,3,5,3,0,1,0,0,0,0,1,0
8391,197694,11,5,5030731,Gartenfelder Straße,2019,7,7,4,3,5,2,0,0,0,0,1,0,1,0
8392,197695,11,12,12214422,Klixstraße,2019,7,4,4,3,5,3,1,1,1,0,0,0,0,0
8393,197696,11,11,11010204,Falkenberg Ost,2019,7,2,4,3,0,1,2,1,0,0,0,0,0,0
8394,197697,11,5,5010312,Kurstraße,2019,7,14,4,3,6,4,0,0,1,1,0,0,0,0
8395,197698,11,1,1044101,Rehberge,2019,7,14,4,3,5,3,0,0,1,0,0,0,0,0
8396,197699,11,6,6040810,Dahlem,2019,7,12,4,3,5,3,0,0,0,0,1,0,1,0
8397,197700,11,4,4030929,Hindemithplatz,2019,7,12,4,3,5,3,0,0,1,0,0,0,1,0
8398,197701,11,12,12214527,Alt-Tegel,2019,7,11,4,2,5,7,0,0,1,0,1,0,0,0
8399,197702,11,7,7020203,Kaiser-Wilhelm-Platz,2019,7,10,4,3,1,5,0,1,1,0,0,0,0,0
8400,197703,11,4,4061757,Forst Grunewald,2019,7,10,4,3,5,3,0,1,0,0,0,0,0,0
8401,197704,11,8,8010118,Silbersteinstraße,2019,7,10,4,3,6,4,0,0,1,1,0,0,0,0
8402,197705,11,12,12103218,Teichstraße,2019,7,9,3,3,0,6,0,1,1,0,0,0,0,0
8403,197706,11,3,3040818,Pankow Süd,2019,7,7,3,3,6,7,0,0,1,1,0,0,0,0
8404,197707,11,10,10040933,Mahlsdorf Süd,2019,7,9,3,3,5,3,0,0,1,0,0,0,0,0
8405,197708,11,3,3051017,Rennbahnstraße,2019,7,8,3,3,2,2,0,0,1,0,0,0,0,1
8406,197709,11,1,1011401,Invalidenstraße,2019,7,8,3,3,3,6,0,1,0,0,0,0,0,0
8407,197710,11,1,1011204,Leipziger Straße,2019,7,0,3,2,5,2,2,0,1,0,1,0,0,0
8408,197711,11,9,9010401,Johannisthal West,2019,7,6,3,2,1,5,0,1,1,0,0,0,0,0
8409,197712,11,11,11051331,Karlshorst Nord,2019,7,17,3,3,5,3,0,0,1,0,0,0,0,0
8410,197713,11,4,4041241,Breite Straße,2019,7,16,3,2,1,5,0,1,1,0,0,0,0,0
8411,197714,11,5,5020625,Borkumer Straße,2019,7,16,3,2,5,7,0,0,1,0,1,0,0,0
8412,197715,11,1,1044102,Schillerpark,2019,7,15,3,3,5,2,0,1,1,0,0,0,0,0
8413,197716,11,4,4030828,Savignyplatz,2019,7,15,3,3,5,7,0,0,1,0,1,0,0,0
8414,197717,11,1,1011101,Stülerstraße,2019,7,15,3,3,0,3,0,0,1,0,1,0,0,0
8415,197718,11,2,2020203,Viktoriapark,2019,7,23,3,3,0,1,2,1,0,0,0,0,0,0
8416,197719,11,1,1033102,Gesundbrunnen,2019,7,15,3,3,6,4,0,0,0,1,1,0,0,0
8417,197720,11,3,3061228,Erich-Weinert-Straße,2019,7,20,3,3,1,5,1,1,1,0,0,0,0,0
8418,197721,11,4,4020312,Branitzer Platz,2019,7,13,3,3,0,7,0,0,1,0,1,0,0,0
8419,197722,11,1,1011101,Stülerstraße,2019,7,20,3,2,0,1,0,1,0,0,0,0,0,0
8420,197723,11,8,8010117,Schillerpromenade,2019,7,14,3,3,5,3,0,0,1,0,1,0,0,0
8421,197724,11,1,1011101,Stülerstraße,2019,7,20,3,3,5,3,0,0,1,0,0,0,0,0
8422,197725,11,5,5020417,Staakener Straße,2019,7,20,3,3,5,3,0,1,1,0,0,0,0,0
8423,197726,11,7,7010101,Wittenbergplatz/Viktoria-Luise-Platz,2019,7,19,3,3,5,7,0,0,1,0,1,0,0,0
8424,197727,11,9,9010202,Köpenicker Landstraße,2019,7,13,3,3,3,1,0,1,0,0,0,0,1,0
8425,197728,11,5,5040936,Jägerallee,2019,7,12,3,3,2,2,0,1,1,0,0,0,0,0
8426,197729,11,8,8010404,Rixdorf,2019,7,18,3,3,2,6,0,0,1,0,0,0,0,0
8427,197730,11,6,6040804,Krumme Lanke,2019,7,18,3,3,5,2,0,1,1,0,0,0,0,0
8428,197731,11,4,4030725,Amtsgerichtsplatz,2019,7,18,3,3,3,6,0,0,1,0,0,0,0,0
8429,197732,11,9,9010402,Johannisthal Ost,2019,7,17,3,3,2,7,0,0,1,0,1,0,0,0
8430,197733,11,8,8020728,Buckow Ost,2019,7,17,3,3,5,3,0,1,0,0,0,0,1,0
8431,197734,11,9,9051702,Bölschestraße,2019,7,10,3,2,1,5,0,0,1,0,1,0,0,0
8432,197735,11,1,1033101,Soldiner Straße,2019,7,9,3,3,1,5,0,1,0,0,0,1,0,0
8433,197736,11,8,8041037,Alt-Rudow,2019,7,12,3,3,5,2,0,0,1,0,0,0,1,0
8434,197737,11,7,7010102,Nollendorfplatz,2019,7,14,3,1,6,2,0,0,0,1,0,1,0,0
8435,197738,11,2,2040502,Friedenstraße,2019,7,13,2,3,5,2,0,1,0,0,0,0,1,0
8436,197739,11,7,7070701,Kettinger Straße/Schillerstraße,2019,7,15,2,3,0,7,0,1,0,0,0,0,0,0
8437,197740,11,10,10040933,Mahlsdorf Süd,2019,7,12,2,3,0,1,0,1,0,0,0,0,0,0
8438,197741,11,1,1033102,Gesundbrunnen,2019,7,22,2,3,2,6,2,0,1,0,1,0,0,1
8439,197742,11,3,3040614,Pankow Zentrum,2019,7,21,2,3,0,2,2,0,1,0,1,0,0,1
8440,197743,11,2,2050802,Boxhagener Platz,2019,7,20,2,3,1,1,0,0,1,0,1,0,0,1
8441,197744,11,1,1033202,Humboldthain Süd,2019,7,18,2,3,5,2,0,1,0,0,0,0,1,1
8442,197745,11,4,4030930,George-Grosz-Platz,2019,7,18,2,3,0,6,0,0,1,0,1,0,0,1
8443,197746,11,6,6030610,Lichterfelde West,2019,7,18,2,3,0,5,0,1,1,0,0,0,0,1
8444,197747,11,1,1033203,Humboldthain Nordwest,2019,7,18,2,3,2,6,0,0,1,0,0,0,0,1
8445,197748,11,1,1011302,Oranienburger Straße,2019,7,16,2,3,2,6,0,0,1,0,0,0,0,0
8446,197749,11,5,5010311,Eiswerder,2019,7,16,2,3,5,7,0,1,1,0,0,0,0,0
8447,197750,11,6,6010210,Bismarckstraße,2019,7,19,2,3,2,6,0,0,1,0,0,0,0,1
8448,197751,11,1,1011203,Unter den Linden Süd,2019,7,17,2,3,1,5,0,1,1,0,0,0,0,1
8449,197752,11,4,4051655,Babelsberger Straße,2019,7,16,2,3,5,2,0,0,1,0,1,0,0,0
8450,197753,11,1,1033102,Gesundbrunnen,2019,7,16,2,3,5,2,0,1,1,0,0,0,0,0
8451,197754,11,3,3030715,Heinersdorf,2019,7,19,2,3,0,7,0,0,1,0,0,0,0,1
8452,197755,11,4,4051655,Babelsberger Straße,2019,7,15,2,2,5,3,0,1,1,0,0,0,0,0
8453,197756,11,11,11020516,Weiße Taube,2019,7,15,2,3,5,2,0,1,0,0,0,0,1,0
8454,197757,11,1,1011301,Charitéviertel,2019,7,15,2,3,2,7,0,1,1,0,0,0,0,0
8455,197758,11,4,4041342,Schlangenbader Straße,2019,7,14,2,2,2,6,0,0,1,0,1,0,0,0
8456,197759,11,9,9020502,Oberschöneweide Ost,2019,7,15,2,3,2,2,0,0,1,0,0,0,0,0
8457,197760,11,5,5010206,Gütersloher Weg,2019,7,14,2,3,0,1,0,0,0,0,1,0,0,0
8458,197761,11,4,4051446,Preußenpark,2019,7,14,2,3,5,2,0,0,0,0,0,1,1,0
8459,197762,11,2,2050802,Boxhagener Platz,2019,7,14,2,3,5,3,0,0,1,0,0,0,0,0
8460,197763,11,9,9020701,Adlershof West,2019,7,13,2,3,3,2,0,0,1,0,1,0,0,0
8461,197764,11,7,7020204,Schöneberger Insel,2019,7,12,2,2,6,7,0,0,0,1,0,0,1,0
8462,197765,11,4,4020310,Park Ruhwald,2019,7,12,2,3,2,6,0,0,1,0,0,0,0,0
8463,197766,11,3,3061126,Arnimplatz,2019,7,12,2,3,5,2,0,1,1,0,0,0,0,0
8464,197767,11,2,2020203,Viktoriapark,2019,7,11,2,3,5,3,0,1,1,0,0,0,0,0
8465,197768,11,10,10020622,Kaulsdorf Nord I,2019,7,11,2,2,5,2,0,0,1,0,0,0,0,0
8466,197769,11,9,9030901,Dorf Altglienicke,2019,7,9,2,3,6,4,0,0,1,1,0,0,0,0
8467,197770,11,2,2040502,Friedenstraße,2019,7,9,2,3,5,2,0,1,1,0,0,0,0,0
8468,197771,11,4,4051551,Brabanter Platz,2019,7,9,2,3,2,6,0,0,1,0,0,0,0,0
8469,197772,11,5,5020627,Tiefwerder,2019,7,11,2,2,8,1,0,0,1,0,0,0,0,0
8470,197773,11,2,2030302,Lausitzer Platz,2019,7,18,2,3,0,1,0,1,0,0,0,0,0,1
8471,197774,11,2,2010102,Mehringplatz,2019,7,19,2,3,0,1,0,1,0,0,0,0,0,1
8472,197775,11,4,4010102,Plötzensee,2019,7,8,2,3,3,6,0,0,1,0,0,0,1,0
8473,197776,11,8,8010118,Silbersteinstraße,2019,7,7,2,3,2,2,0,1,1,0,0,0,0,0
8474,197777,11,2,2050802,Boxhagener Platz,2019,7,6,2,3,2,6,0,0,1,0,1,0,0,0
8475,197778,11,6,6020408,Lichterfelde Süd,2019,7,20,1,3,0,1,0,1,0,0,0,0,0,0
8476,197779,11,7,7010101,Wittenbergplatz/Viktoria-Luise-Platz,2019,7,14,1,3,2,6,0,0,1,0,1,0,0,0
8477,197780,11,5,5030731,Gartenfelder Straße,2019,7,13,1,3,2,6,0,0,1,0,0,0,0,0
8478,197781,11,1,1011202,Unter den Linden Nord,2019,7,17,1,3,0,7,0,0,0,0,0,0,1,0
8479,197782,11,1,1011303,Alexanderplatzviertel,2019,7,22,1,3,0,4,2,0,0,1,1,0,0,0
8480,197783,11,8,8010510,Gewerbegebiet Köllnische Heide,2019,7,18,1,3,0,1,0,1,0,0,0,0,0,0
8481,197784,11,8,8040933,Vogelviertel Süd,2019,7,16,1,3,5,7,0,0,1,0,0,0,0,0
8482,197785,11,1,1011102,Großer Tiergarten,2019,7,16,1,3,1,5,0,0,1,0,0,0,1,0
8483,197786,11,7,7030303,Grazer Platz,2019,7,15,1,2,2,6,0,0,1,0,1,0,0,0
8484,197787,11,1,1011304,Karl-Marx-Allee,2019,7,15,1,3,0,1,0,0,0,0,0,0,1,0
8485,197788,11,2,2050804,Stralauer Halbinsel,2019,7,9,1,3,5,2,0,1,0,0,0,0,1,0
8486,197789,11,2,2010103,Moritzplatz,2019,7,10,7,3,0,1,0,1,0,0,0,0,0,0
8487,197790,11,2,2040502,Friedenstraße,2019,7,17,7,3,0,3,0,1,1,0,0,0,0,0
8488,197791,11,8,8010404,Rixdorf,2019,7,23,7,3,0,7,2,1,0,0,0,0,1,0
8489,197792,11,6,6030503,Zehlendorf Mitte,2019,7,18,7,3,5,3,0,1,1,0,0,0,0,0
8490,197793,11,8,8010301,Reuterkiez,2019,7,18,7,3,0,6,0,0,1,0,1,0,0,0
8491,197794,11,1,1022103,Westhafen,2019,7,17,7,3,2,6,0,0,1,0,0,0,0,0
8492,197795,11,4,4051448,Schaperstraße,2019,7,16,7,3,2,6,0,0,1,0,0,0,0,0
8493,197796,11,4,4030725,Amtsgerichtsplatz,2019,7,16,7,3,5,2,0,0,1,0,0,0,0,0
8494,197797,11,1,1033101,Soldiner Straße,2019,7,16,7,3,5,2,0,1,1,0,0,0,0,0
8495,197798,11,6,6040806,Fischtal,2019,7,15,7,2,6,4,0,0,1,1,0,0,0,0
8496,197799,11,8,8010301,Reuterkiez,2019,7,23,7,3,0,6,2,0,0,0,1,0,0,0
8497,197800,11,1,1022207,Hansaviertel,2019,8,7,4,3,6,4,0,0,1,1,0,0,0,0
8498,197801,11,5,5020524,Weinmeisterhornweg,2019,8,6,4,3,5,2,0,0,1,0,0,0,0,0
8499,197802,11,9,9051702,Bölschestraße,2019,8,7,4,2,6,7,0,0,0,1,0,0,1,0
8500,197803,11,5,5010101,Hakenfelde Nord,2019,8,7,4,3,0,1,0,1,0,0,0,0,0,0
8501,197804,11,3,3061126,Arnimplatz,2019,8,18,3,3,0,5,0,1,1,0,0,0,0,0
8502,197805,11,1,1022206,Lüneburger Straße,2019,8,17,3,2,6,7,0,0,0,1,0,0,1,0
8503,197806,11,1,1011202,Unter den Linden Nord,2019,8,13,3,3,6,4,0,1,0,1,0,0,0,0
8504,197807,11,3,3071536,Teutoburger Platz,2019,8,18,3,3,1,5,0,1,1,0,0,0,1,0
8505,197808,11,9,9020502,Oberschöneweide Ost,2019,8,16,3,2,6,4,0,0,0,1,1,0,0,0
8506,197809,11,3,3061429,Greifswalder Straße,2019,8,16,3,3,5,2,0,1,1,0,0,0,0,0
8507,197810,11,1,1022101,Huttenkiez,2019,8,15,3,3,2,6,0,0,1,0,0,0,0,0
8508,197811,11,8,8010406,Treptower Straße Nord,2019,8,18,3,3,1,5,1,1,1,0,0,0,0,0
8509,197812,11,7,7040403,Manteuffelstraße,2019,8,18,3,3,6,2,0,0,1,1,0,0,0,0
8510,197813,11,7,7010102,Nollendorfplatz,2019,8,18,3,3,6,4,0,0,1,1,0,0,0,0
8511,197814,11,10,10040933,Mahlsdorf Süd,2019,8,18,3,3,1,5,0,1,1,0,0,0,0,0
8512,197815,11,3,3071633,Thälmannpark,2019,8,17,3,3,3,6,0,1,0,0,0,0,0,0
8513,197816,11,8,8010214,Glasower Straße,2019,8,17,3,3,5,2,0,1,1,0,0,0,0,0
8514,197817,11,2,2050801,Traveplatz,2019,8,17,3,3,5,2,0,1,1,0,0,0,0,0
8515,197818,11,7,7030301,Friedenau,2019,8,17,3,3,2,2,0,1,1,0,0,0,0,0
8516,197819,11,7,7040403,Manteuffelstraße,2019,8,17,3,2,0,1,0,0,0,0,0,0,1,0
8517,197820,11,1,1011303,Alexanderplatzviertel,2019,8,8,3,3,0,6,0,1,0,0,0,0,0,0
8518,197821,11,2,2050803,Stralauer Kiez,2019,8,12,3,3,0,7,0,0,0,0,1,0,0,0
8519,197822,11,1,1011204,Leipziger Straße,2019,8,16,3,3,5,3,0,1,1,0,1,0,0,0
8520,197823,11,7,7040403,Manteuffelstraße,2019,8,15,3,3,5,2,0,0,1,0,1,0,0,0
8521,197824,11,9,9010202,Köpenicker Landstraße,2019,8,15,3,3,2,1,0,0,1,0,0,0,0,0
8522,197825,11,4,4030725,Amtsgerichtsplatz,2019,8,14,3,3,5,3,0,0,1,0,1,0,0,0
8523,197826,11,12,12214125,Waldidyll/Flughafensee,2019,8,14,3,3,2,6,0,0,1,0,0,0,0,0
8524,197827,11,5,5020628,Graetschelsteig,2019,8,13,3,3,2,6,0,0,1,0,0,0,0,0
8525,197828,11,4,4051653,Prager Platz,2019,8,13,3,3,5,2,0,1,0,0,0,1,0,0
8526,197829,11,3,3050925,Komponistenviertel Weißensee,2019,8,16,3,3,3,6,0,1,1,0,0,0,0,0
8527,197830,11,4,4051655,Babelsberger Straße,2019,8,15,3,2,5,2,0,0,1,0,0,0,0,0
8528,197831,11,9,9052001,Köpenick Nord,2019,8,12,3,3,5,7,0,0,1,0,0,0,1,0
8529,197832,11,8,8020727,Buckow Mitte,2019,8,15,3,3,1,5,0,0,1,0,0,0,0,0
8530,197833,11,9,9051702,Bölschestraße,2019,8,12,3,3,1,5,0,1,0,0,0,0,1,0
8531,197834,11,1,1011304,Karl-Marx-Allee,2019,8,11,3,3,3,7,0,1,1,0,0,0,0,0
8532,197835,11,1,1011103,Lützowstraße,2019,8,8,3,3,2,6,0,1,1,0,0,0,0,0
8533,197836,11,5,5020626,Adamstraße,2019,8,8,3,3,5,7,0,0,1,0,1,0,0,0
8534,197837,11,10,10010310,Alt-Marzahn,2019,8,11,3,3,2,6,0,0,1,0,0,1,0,0
8535,197838,11,3,3061126,Arnimplatz,2019,8,6,3,2,0,7,0,1,0,0,0,0,0,0
8536,197839,11,5,5020524,Weinmeisterhornweg,2019,8,10,3,3,0,2,0,1,1,0,0,0,0,0
8537,197840,11,1,1044101,Rehberge,2019,8,6,3,3,5,2,0,1,1,0,0,0,0,0
8538,197841,11,8,8010404,Rixdorf,2019,8,1,3,3,6,7,2,0,0,1,0,0,1,0
8539,197842,11,9,9010302,Späthsfelde,2019,8,9,3,3,5,3,0,1,1,0,0,0,0,0
8540,197843,11,10,10020413,Gut Hellersdorf,2019,8,9,3,3,0,7,0,0,1,0,1,0,0,1
8541,197844,11,8,8010404,Rixdorf,2019,8,9,3,3,5,2,0,1,1,0,0,0,0,0
8542,197845,11,2,2040502,Friedenstraße,2019,8,8,3,3,5,3,0,0,1,0,1,0,0,0
8543,197846,11,5,5020523,Maulbeerallee,2019,8,20,2,3,2,2,0,1,0,0,0,0,0,0
8544,197847,11,7,7030301,Friedenau,2019,8,12,2,3,2,7,0,1,1,0,0,0,0,0
8545,197848,11,4,4020310,Park Ruhwald,2019,8,15,2,3,2,6,2,0,1,0,0,0,0,0
8546,197849,11,8,8030829,Gropiusstadt Nord,2019,8,20,2,3,5,2,0,1,0,0,0,1,0,0
8547,197850,11,11,11030618,Fennpfuhl West,2019,8,19,2,3,6,4,0,1,0,1,0,0,0,0
8548,197851,11,10,10020416,Böhlener Straße,2019,8,18,2,3,5,2,0,1,1,0,0,0,0,0
8549,197852,11,7,7050505,Hundsteinweg,2019,8,18,2,2,5,5,0,0,1,0,0,0,0,0
8550,197853,11,1,1011401,Invalidenstraße,2019,8,20,2,2,1,5,1,1,0,0,0,0,1,0
8551,197854,11,11,11020514,Große-Leege-Straße,2019,8,15,2,3,0,2,0,0,1,0,1,0,0,0
8552,197855,11,5,5020627,Tiefwerder,2019,8,18,2,3,5,2,0,1,1,0,0,0,0,0
8553,197856,11,1,1011204,Leipziger Straße,2019,8,17,2,3,5,2,0,0,1,0,1,0,0,0
8554,197857,11,7,7010104,Dennewitzplatz,2019,8,13,2,3,6,7,0,1,0,1,0,0,0,0
8555,197858,11,2,2010101,Askanischer Platz,2019,8,13,2,3,2,6,0,1,0,0,0,0,0,0
8556,197859,11,4,4041137,Flinsberger Platz,2019,8,13,2,3,5,3,0,0,1,0,0,0,0,0
8557,197860,11,2,2020203,Viktoriapark,2019,8,17,2,3,0,2,0,0,1,0,1,0,0,0
8558,197861,11,5,5020521,Döberitzer Weg,2019,8,16,2,3,0,2,0,1,1,0,0,0,0,0
8559,197862,11,11,11051229,Rummelsburg,2019,8,16,2,2,0,7,0,1,0,0,0,0,0,0
8560,197863,11,12,12301205,Waidmannslust,2019,8,16,2,3,5,3,0,1,1,0,0,0,0,0
8561,197864,11,5,5020523,Maulbeerallee,2019,8,16,2,3,0,4,0,0,0,1,0,0,1,0
8562,197865,11,5,5010314,Carl-Schurz-Straße,2019,8,15,2,3,2,2,0,0,1,0,0,0,1,0
8563,197866,11,10,10010102,Havemannstraße,2019,8,15,2,2,5,3,0,0,1,0,1,0,0,0
8564,197867,11,12,12214421,Reinickes Hof,2019,8,15,2,3,6,2,0,0,1,1,0,0,0,0
8565,197868,11,11,11030721,Rüdigerstraße,2019,8,14,2,3,0,2,0,1,0,0,0,0,1,0
8566,197869,11,1,1011301,Charitéviertel,2019,8,14,2,3,3,5,0,1,1,0,0,0,0,0
8567,197870,11,6,6030609,Augustaplatz,2019,8,15,2,3,5,3,0,0,1,0,0,0,0,0
8568,197871,11,4,4051551,Brabanter Platz,2019,8,10,2,3,5,3,0,1,1,0,0,0,0,0
8569,197872,11,12,12214424,Scharnweberstraße,2019,8,10,2,3,5,2,0,1,1,0,0,0,0,0
8570,197873,11,3,3020307,Buchholz,2019,8,9,2,3,6,3,0,0,1,1,0,0,0,0
8571,197874,11,11,11041023,Gensinger Straße,2019,8,12,2,2,5,3,0,1,1,0,0,0,0,0
8572,197875,11,2,2030302,Lausitzer Platz,2019,8,12,2,3,0,1,0,1,0,0,0,0,0,0
8573,197876,11,9,9041601,Müggelheim,2019,8,10,2,3,5,5,0,0,1,0,0,0,0,0
8574,197877,11,1,3071537,Kollwitzplatz,2019,8,8,2,3,2,6,0,0,1,0,1,0,0,0
8575,197878,11,7,7010102,Nollendorfplatz,2019,8,8,2,3,5,3,0,1,1,0,0,0,0,0
8576,197879,11,7,7020203,Kaiser-Wilhelm-Platz,2019,8,8,2,3,3,6,0,1,1,0,0,0,0,0
8577,197880,11,1,1033202,Humboldthain Süd,2019,8,7,2,3,5,3,0,0,1,0,0,0,0,0
8578,197881,11,4,4051446,Preußenpark,2019,8,14,1,3,0,6,0,0,1,0,1,0,0,0
8579,197882,11,8,8020623,Ortolanweg,2019,8,10,1,3,0,6,0,1,1,0,0,0,0,0
8580,197883,11,8,8010117,Schillerpromenade,2019,8,22,1,3,5,2,2,1,1,0,0,0,0,0
8581,197884,11,8,8010303,Donaustraße,2019,8,21,1,3,0,1,2,0,0,0,1,0,0,0
8582,197885,11,2,2020203,Viktoriapark,2019,8,14,1,3,5,3,0,1,1,0,0,0,0,0
8583,197886,11,12,12214423,Mellerbogen,2019,8,14,1,3,1,5,0,0,1,0,0,0,0,0
8584,197887,11,6,6040808,Hüttenweg,2019,8,13,1,3,0,1,0,1,0,0,0,0,0,0
8585,197888,11,4,4020311,Reichsstraße,2019,8,13,1,3,5,3,0,0,1,0,1,0,0,0
8586,197889,11,6,6020410,Oberhofer Platz,2019,8,13,1,3,2,6,0,0,1,0,1,0,0,0
8587,197890,11,8,8010117,Schillerpromenade,2019,8,13,1,3,5,2,0,0,1,0,0,0,0,0
8588,197891,11,3,3061228,Erich-Weinert-Straße,2019,8,12,1,3,0,1,0,1,0,0,0,0,0,0
8589,197892,11,2,2030302,Lausitzer Platz,2019,8,12,1,3,5,3,0,0,1,0,0,0,0,0
8590,197893,11,4,4041134,Bismarckallee,2019,8,12,1,3,2,6,0,0,1,0,1,0,0,0
8591,197894,11,1,1044201,Reinickendorfer Straße,2019,8,12,1,3,2,6,0,0,1,0,0,0,0,0
8592,197895,11,9,9051702,Bölschestraße,2019,8,20,1,3,2,5,0,0,1,0,0,0,0,0
8593,197896,11,11,11040926,Weitlingstraße,2019,8,20,1,2,5,2,1,1,1,0,0,0,0,0
8594,197897,11,1,1022106,Elberfelder Straße,2019,8,19,1,3,5,2,0,1,1,0,0,0,0,0
8595,197898,11,9,9020802,Köllnische Vorstadt,2019,8,18,1,3,5,2,0,1,1,0,0,0,0,0
8596,197899,11,8,8010303,Donaustraße,2019,8,18,1,3,5,3,0,0,1,0,1,0,0,0
8597,197900,11,10,10040932,Alt-Mahlsdorf,2019,8,17,1,3,5,3,0,0,1,0,0,0,0,0
8598,197901,11,12,12231102,Frohnau,2019,8,17,1,3,5,3,0,0,1,0,1,0,0,0
8599,197902,11,5,5010207,Darbystraße,2019,8,15,1,2,5,2,0,0,1,0,0,0,0,0
8600,197903,11,12,12302110,Dannenwalder Weg,2019,8,15,1,3,2,6,0,0,1,0,0,0,1,0
8601,197904,11,6,6030503,Zehlendorf Mitte,2019,8,15,1,3,0,7,0,1,0,0,0,0,0,0
8602,197905,11,8,8020727,Buckow Mitte,2019,8,14,1,3,0,7,0,0,1,0,1,0,0,0
8603,197906,11,1,1044202,Sparrplatz,2019,8,10,1,3,1,5,0,1,1,0,0,0,0,0
8604,197907,11,9,9020702,Adlershof Ost,2019,8,8,1,3,5,3,0,0,1,0,0,0,1,0
8605,197908,11,5,5010206,Gütersloher Weg,2019,8,7,4,3,5,2,0,0,1,0,1,0,0,0
8606,197909,11,5,5010314,Carl-Schurz-Straße,2019,8,8,1,3,6,2,0,0,1,1,0,0,0,0
8607,197910,11,3,3020209,Niederschönhausen,2019,8,1,1,3,1,5,2,1,1,0,0,0,0,0
8608,197911,11,3,3030716,Märchenland,2019,8,17,7,1,0,7,0,0,0,0,0,0,1,0
8609,197912,11,3,3061131,Falkplatz,2019,8,12,7,3,0,4,0,1,0,1,0,0,0,0
8610,197913,11,3,3040614,Pankow Zentrum,2019,8,13,7,3,5,2,0,1,1,0,0,0,0,0
8611,197914,11,4,4030623,Ernst-Reuter-Platz,2019,8,13,7,3,5,3,0,0,1,0,1,0,0,0
8612,197915,11,11,11020412,Hauptstraße,2019,8,12,7,3,2,6,0,0,1,0,0,0,0,0
8613,197916,11,3,3030406,Alt-Karow,2019,8,12,7,3,5,3,0,0,1,0,0,0,0,0
8614,197917,11,9,9020501,Oberschöneweide West,2019,8,12,7,3,5,3,0,0,1,0,0,0,0,0
8615,197918,11,4,4041241,Breite Straße,2019,8,11,7,3,5,3,0,1,1,0,0,0,0,0
8616,197919,11,5,5010101,Hakenfelde Nord,2019,8,11,7,2,5,2,0,1,1,0,0,0,0,0
8617,197920,11,6,6020410,Oberhofer Platz,2019,8,11,7,3,2,2,0,0,1,0,0,0,0,0
8618,197921,11,9,9031001,Bohnsdorf,2019,8,11,7,2,5,3,0,0,1,0,0,0,0,0
8619,197922,11,5,5020419,Magistratsweg,2019,8,11,7,3,5,3,0,1,1,0,0,0,0,0
8620,197923,11,9,9010302,Späthsfelde,2019,8,9,7,3,2,2,0,0,1,0,0,0,0,0
8621,197924,11,1,1011203,Unter den Linden Süd,2019,8,9,7,3,5,3,0,0,1,0,0,0,0,0
8622,197925,11,12,12302212,Rollbergesiedlung,2019,8,0,7,3,4,6,2,0,1,0,0,0,0,1
8623,197926,11,5,5030832,Rohrdamm,2019,8,19,7,3,2,6,0,0,1,0,0,0,0,0
8624,197927,11,4,4051655,Babelsberger Straße,2019,8,18,7,3,2,6,0,0,1,0,0,0,0,0
8625,197928,11,3,3071633,Thälmannpark,2019,8,17,7,3,2,2,0,0,1,0,0,0,0,0
8626,197929,11,4,4051445,Eisenzahnstraße,2019,8,17,7,3,0,1,0,0,0,0,1,0,0,0
8627,197930,11,1,1044102,Schillerpark,2019,8,16,7,3,4,6,0,0,1,0,0,0,0,0
8628,197931,11,9,9020502,Oberschöneweide Ost,2019,8,16,7,3,5,3,0,1,1,0,0,0,0,0
8629,197932,11,4,4010102,Plötzensee,2019,8,15,7,3,5,2,0,0,1,0,0,0,0,0
8630,197933,11,2,2010103,Moritzplatz,2019,8,23,7,3,5,3,2,0,1,0,0,0,0,0
8631,197934,11,7,7070706,Horstwalder Straße/Paplitzer Straße,2019,8,20,7,3,5,3,0,0,1,0,0,0,0,0
8632,197935,11,3,3061131,Falkplatz,2019,8,3,7,3,0,1,2,0,0,0,1,0,0,0
8633,197936,11,1,1011301,Charitéviertel,2019,8,17,6,3,5,2,0,1,1,0,0,0,0,0
8634,197937,11,2,2010101,Askanischer Platz,2019,8,16,6,3,0,4,0,1,0,1,0,0,0,0
8635,197938,11,2,2020205,Chamissokiez,2019,8,19,6,3,1,7,0,0,1,0,0,0,0,0
8636,197939,11,4,4030931,Breitscheidplatz,2019,8,21,6,3,3,6,2,1,1,0,0,0,0,0
8637,197940,11,12,12214424,Scharnweberstraße,2019,8,17,6,3,2,6,0,1,1,0,0,0,0,0
8638,197941,11,8,8010211,Flughafenstraße,2019,8,22,6,3,1,5,2,1,1,0,0,0,0,0
8639,197942,11,2,2010102,Mehringplatz,2019,8,17,6,3,1,5,0,1,1,0,0,0,0,0
8640,197943,11,2,2010103,Moritzplatz,2019,8,20,6,3,5,3,0,0,1,0,1,0,0,0