,object id,city,district,sub district key,street,year,month,hour of day,weekday,category,accident type,accident type 2,light situation,bike involved,car involved,pedestrian involved,motor bike involved,big track involved,other vehicle involved,road condition
8641,197944,11,8,8010211,Flughafenstraße,2019,8,17,6,3,3,6,0,1,1,0,0,0,0,0
8642,197945,11,9,9031001,Bohnsdorf,2019,8,19,6,3,5,3,0,1,0,0,0,0,1,0
8643,197946,11,3,3061227,Humannplatz,2019,8,18,6,3,5,7,0,0,1,0,0,0,0,0
8644,197947,11,6,6020409,Königsberger Straße,2019,8,21,6,3,1,7,2,0,1,0,0,0,0,0
8645,197948,11,4,4041238,Kissinger Straße,2019,8,17,6,2,1,5,0,1,1,0,0,0,0,0
8646,197949,11,4,4030726,Droysenstraße,2019,8,19,6,2,0,1,0,0,0,0,1,0,0,0
8647,197950,11,8,8010211,Flughafenstraße,2019,8,18,6,3,0,7,0,0,1,0,1,0,0,0
8648,197951,11,7,7050503,Eisenacher Straße,2019,8,8,6,3,0,7,0,0,0,1,0,0,1,0
8649,197952,11,9,9020502,Oberschöneweide Ost,2019,8,8,6,3,0,2,0,1,1,0,0,0,0,0
8650,197953,11,12,12214125,Waldidyll/Flughafensee,2019,8,8,6,3,5,2,0,1,1,0,0,0,0,0
8651,197954,11,7,7010102,Nollendorfplatz,2019,8,8,6,3,2,2,0,1,1,0,0,0,0,0
8652,197955,11,12,12214527,Alt-Tegel,2019,8,8,6,3,3,6,0,0,1,0,0,1,0,0
8653,197956,11,4,4010102,Plötzensee,2019,8,7,6,3,0,7,0,0,1,0,1,0,0,0
8654,197957,11,12,12231102,Frohnau,2019,8,7,6,3,4,6,0,1,0,0,0,0,0,0
8655,197958,11,4,4061757,Forst Grunewald,2019,8,13,6,3,5,2,0,0,1,0,1,0,0,0
8656,197959,11,1,1011401,Invalidenstraße,2019,8,16,6,3,1,1,0,1,1,0,0,0,0,0
8657,197960,11,9,9010202,Köpenicker Landstraße,2019,8,13,6,3,6,4,0,1,0,1,0,0,0,0
8658,197961,11,11,11020412,Hauptstraße,2019,8,16,6,2,5,3,0,1,1,0,0,0,0,0
8659,197962,11,1,1011301,Charitéviertel,2019,8,13,6,3,1,5,0,1,1,0,0,0,0,0
8660,197963,11,7,7020204,Schöneberger Insel,2019,8,13,6,3,2,6,0,0,1,0,0,0,0,0
8661,197964,11,3,3040513,Schönholz,2019,8,13,6,3,5,3,0,0,1,0,1,0,0,0
8662,197965,11,9,9051901,Dammvorstadt,2019,8,11,6,3,0,1,0,1,0,0,0,0,0,0
8663,197966,11,1,1011203,Unter den Linden Süd,2019,8,11,6,3,2,7,0,0,1,0,1,0,0,0
8664,197967,11,12,12224230,Heiligensee,2019,8,10,6,2,6,4,0,0,1,1,0,0,0,0
8665,197968,11,5,5010314,Carl-Schurz-Straße,2019,8,10,6,3,0,2,0,0,1,0,1,0,0,0
8666,197969,11,3,3050920,Weißer See,2019,8,9,6,3,5,2,0,1,0,0,0,0,0,0
8667,197970,11,1,1044202,Sparrplatz,2019,8,9,6,3,5,2,0,1,1,0,0,0,0,0
8668,197971,11,9,9010101,Elsenstraße,2019,8,9,6,3,5,2,0,1,1,0,0,0,0,0
8669,197972,11,5,5020625,Borkumer Straße,2019,8,15,6,2,6,4,0,0,1,1,0,0,0,0
8670,197973,11,1,1044103,Westliche Müllerstraße,2019,8,15,6,3,5,2,0,1,1,0,1,0,0,0
8671,197974,11,2,2010101,Askanischer Platz,2019,8,14,6,3,3,6,0,1,0,0,0,0,1,0
8672,197975,11,5,5010209,An der Kappe,2019,8,14,6,3,5,2,0,0,1,0,0,0,0,0
8673,197976,11,11,11030619,Fennpfuhl Ost,2019,8,13,6,3,2,6,0,0,1,0,0,0,1,0
8674,197977,11,4,4051549,Rathaus Wilmersdorf,2019,8,2,6,3,0,1,2,1,0,0,0,0,0,0
8675,197978,11,3,3071536,Teutoburger Platz,2019,8,23,6,3,9,1,2,0,0,0,0,0,1,0
8676,197979,11,4,4030931,Breitscheidplatz,2019,8,14,5,2,5,2,0,0,1,0,1,0,0,0
8677,197980,11,5,5020625,Borkumer Straße,2019,8,16,5,2,5,2,0,0,1,0,0,0,0,0
8678,197981,11,11,11030618,Fennpfuhl West,2019,8,19,5,3,4,6,0,1,0,0,0,0,0,0
8679,197982,11,4,4030931,Breitscheidplatz,2019,8,17,5,3,6,4,0,1,0,1,0,0,0,0
8680,197983,11,9,9020501,Oberschöneweide West,2019,8,18,5,3,5,2,0,1,1,0,0,0,0,0
8681,197984,11,6,6020301,Alt-Lankwitz,2019,8,17,5,3,2,6,0,0,1,0,1,0,0,0
8682,197985,11,6,6030504,Teltower Damm,2019,8,16,5,3,5,3,0,1,1,0,0,0,0,0
8683,197986,11,1,1011101,Stülerstraße,2019,8,16,5,3,2,2,0,0,1,0,1,0,0,0
8684,197987,11,1,1011305,Heine-Viertel West,2019,8,18,5,3,3,2,0,1,1,0,0,0,0,0
8685,197988,11,9,9020502,Oberschöneweide Ost,2019,8,16,5,2,5,2,0,1,1,0,0,0,0,0
8686,197989,11,8,8010405,Hertzbergplatz,2019,8,15,5,3,5,3,0,1,0,0,0,0,0,0
8687,197990,11,2,2010102,Mehringplatz,2019,8,15,5,3,1,5,0,1,1,0,0,0,0,0
8688,197991,11,1,1011204,Leipziger Straße,2019,8,15,5,3,2,6,0,1,1,0,0,0,0,0
8689,197992,11,8,8010301,Reuterkiez,2019,8,14,5,3,0,3,0,0,1,0,0,0,1,0
8690,197993,11,1,1033202,Humboldthain Süd,2019,8,14,5,3,5,2,0,1,0,0,0,0,1,0
8691,197994,11,5,5010314,Carl-Schurz-Straße,2019,8,14,5,3,3,6,0,0,1,0,1,0,0,0
8692,197995,11,2,2040701,Andreasviertel,2019,8,14,5,3,2,6,0,0,1,0,0,0,1,0
8693,197996,11,8,8020619,Buschkrugallee Nord,2019,8,14,5,3,5,2,0,1,1,0,0,0,0,0
8694,197997,11,11,11010204,Falkenberg Ost,2019,8,13,5,3,5,3,0,1,1,0,0,0,0,0
8695,197998,11,1,1022106,Elberfelder Straße,2019,8,10,5,3,5,2,0,1,1,0,0,0,0,0
8696,197999,11,7,7020203,Kaiser-Wilhelm-Platz,2019,8,21,5,3,6,7,2,1,0,1,0,0,0,0
8697,198000,11,4,4031032,Halensee,2019,8,19,5,2,5,2,0,0,1,0,1,0,0,0
8698,198001,11,6,6040810,Dahlem,2019,8,8,5,3,5,5,0,1,1,0,0,0,0,0
8699,198002,11,12,12304313,Borsigwalde,2019,8,10,5,2,5,3,0,0,1,0,0,0,0,0
8700,198003,11,3,3051017,Rennbahnstraße,2019,8,8,5,3,5,3,0,1,0,0,0,0,0,0
8701,198004,11,3,3061430,Volkspark Prenzlauer Berg,2019,8,8,5,3,5,7,0,0,1,0,1,0,0,0
8702,198005,11,1,1011201,Wilhelmstraße,2019,8,9,5,3,0,1,0,1,0,0,0,0,0,1
8703,198006,11,8,8020622,Parchimer Allee,2019,8,8,5,3,2,6,0,0,1,0,0,0,0,0
8704,198007,11,5,5010205,An der Tränke,2019,8,8,5,3,5,3,0,1,1,0,0,0,0,0
8705,198008,11,10,10010204,Wuhletalstraße,2019,8,6,5,2,6,4,0,0,1,1,0,0,0,0
8706,198009,11,5,5030731,Gartenfelder Straße,2019,8,8,4,3,6,7,0,1,0,1,0,0,0,0
8707,198010,11,1,1011203,Unter den Linden Süd,2019,8,14,4,3,5,2,0,1,0,0,0,0,0,1
8708,198011,11,9,9020601,Schnellerstraße,2019,8,12,4,2,6,7,0,1,0,1,0,0,0,0
8709,198012,11,7,7040405,Rathaus Tempelhof,2019,8,11,4,3,3,6,0,0,1,0,0,0,0,0
8710,198013,11,4,4051446,Preußenpark,2019,8,11,4,2,6,4,0,0,1,1,0,0,0,0
8711,198014,11,2,2020203,Viktoriapark,2019,8,11,4,3,2,6,0,0,1,0,0,0,0,0
8712,198015,11,2,2020204,Urbanstraße,2019,8,9,4,3,6,4,0,1,0,1,0,0,0,0
8713,198016,11,8,8020728,Buckow Ost,2019,8,9,4,3,6,4,0,0,1,1,0,0,0,0
8714,198017,11,4,4030724,Lietzensee,2019,8,9,4,3,5,7,0,0,1,0,0,0,0,0
8715,198018,11,4,4051446,Preußenpark,2019,8,9,4,3,5,3,0,1,1,0,0,0,0,0
8716,198019,11,6,6030608,Schweizer Viertel,2019,8,9,4,2,5,3,0,1,1,0,0,0,0,0
8717,198020,11,1,1011402,Arkonaplatz,2019,8,8,4,3,0,6,0,0,1,0,1,0,0,0
8718,198021,11,1,1011201,Wilhelmstraße,2019,8,7,4,3,2,2,0,0,1,0,1,0,0,0
8719,198022,11,8,8010510,Gewerbegebiet Köllnische Heide,2019,8,3,4,3,5,3,2,1,1,0,0,0,0,0
8720,198023,11,1,1011103,Lützowstraße,2019,8,20,4,3,5,3,0,0,1,0,1,0,0,0
8721,198024,11,4,4051653,Prager Platz,2019,8,7,4,3,5,2,0,0,1,0,0,0,0,0
8722,198025,11,12,12231101,Hermsdorf,2019,8,12,4,3,5,3,0,0,1,0,0,0,0,0
8723,198026,11,12,12214424,Scharnweberstraße,2019,8,12,4,3,0,1,0,1,0,0,0,0,0,0
8724,198027,11,3,3040512,Wilhelmsruh,2019,8,7,4,3,2,6,0,0,1,0,0,0,0,0
8725,198028,11,6,6020301,Alt-Lankwitz,2019,8,2,4,3,9,1,2,0,1,0,0,0,0,0
8726,198029,11,2,2020204,Urbanstraße,2019,8,16,4,3,5,3,0,0,1,0,0,0,0,0
8727,198030,11,3,3040818,Pankow Süd,2019,8,8,4,3,3,6,0,1,1,0,0,0,0,0
8728,198031,11,1,1011402,Arkonaplatz,2019,8,15,4,3,6,7,0,0,0,1,0,0,1,0
8729,198032,11,7,7020204,Schöneberger Insel,2019,8,15,4,3,3,7,0,1,0,0,0,0,0,0
8730,198033,11,1,1011204,Leipziger Straße,2019,8,15,4,3,5,2,0,1,0,0,0,0,1,1
8731,198034,11,2,2030402,Wrangelkiez,2019,8,14,4,3,0,6,0,1,1,0,0,0,0,0
8732,198035,11,1,1011303,Alexanderplatzviertel,2019,8,14,4,3,0,1,0,0,0,0,1,0,0,1
8733,198036,11,7,7050501,Rathausstraße,2019,8,14,4,3,0,3,0,1,1,0,0,0,0,1
8734,198037,11,2,2020204,Urbanstraße,2019,8,14,4,3,0,2,0,0,0,0,1,0,1,1
8735,198038,11,3,3061430,Volkspark Prenzlauer Berg,2019,8,14,4,3,5,2,0,1,1,0,0,0,0,1
8736,198039,11,4,4030623,Ernst-Reuter-Platz,2019,8,19,4,3,5,2,0,1,1,0,0,0,0,0
8737,198040,11,5,5020419,Magistratsweg,2019,8,18,4,3,5,3,0,0,1,0,0,0,0,0
8738,198041,11,11,11041128,Sewanstraße,2019,8,17,4,3,5,3,0,0,1,0,1,0,0,0
8739,198042,11,11,11030720,Herzbergstraße,2019,8,13,4,3,5,7,0,0,1,0,0,1,0,1
8740,198043,11,10,10040828,Kaulsdorf Nord,2019,8,13,4,3,5,7,0,0,1,0,0,0,0,0
8741,198044,11,1,1022106,Elberfelder Straße,2019,8,13,4,3,5,2,0,1,1,0,0,0,0,0
8742,198045,11,1,1022104,Emdener Straße,2019,8,5,3,3,5,3,1,0,1,0,1,0,0,0
8743,198046,11,6,6010209,Feuerbachstraße,2019,8,12,3,2,1,5,0,1,1,0,0,0,0,0
8744,198047,11,4,4051653,Prager Platz,2019,8,15,3,3,0,6,0,0,1,0,1,0,0,1
8745,198048,11,7,7020202,Volkspark (Rudolf-Wilde-Park),2019,8,16,3,3,1,7,0,0,1,0,0,0,0,0
8746,198049,11,4,4020310,Park Ruhwald,2019,8,10,3,3,2,2,0,0,1,0,1,0,0,0
8747,198050,11,1,1011203,Unter den Linden Süd,2019,8,20,3,3,5,3,2,1,1,0,0,0,0,0
8748,198051,11,7,7010104,Dennewitzplatz,2019,8,20,3,3,3,6,0,1,0,0,0,0,1,0
8749,198052,11,6,6030501,Berlepschstraße,2019,8,19,3,3,1,1,0,0,1,0,0,0,0,0
8750,198053,11,7,7030301,Friedenau,2019,8,19,3,3,2,6,0,0,1,0,0,0,0,0
8751,198054,11,5,5010314,Carl-Schurz-Straße,2019,8,18,3,3,0,2,0,0,1,0,0,0,1,0
8752,198055,11,5,5020625,Borkumer Straße,2019,8,18,3,3,0,4,0,1,0,1,0,0,0,0
8753,198056,11,1,1011301,Charitéviertel,2019,8,18,3,3,2,2,0,1,1,0,0,0,0,0
8754,198057,11,1,1033203,Humboldthain Nordwest,2019,8,18,3,3,5,3,0,1,1,0,0,0,0,0
8755,198058,11,2,2020206,Graefekiez,2019,8,16,3,3,0,7,0,1,1,0,0,0,0,1
8756,198059,11,2,2020206,Graefekiez,2019,8,17,3,2,2,6,0,0,0,0,1,0,1,0
8757,198060,11,9,9031101,Grünau,2019,8,17,3,3,3,6,0,1,1,0,0,0,0,0
8758,198061,11,1,1011105,Nördlicher Landwehrkanal,2019,8,17,4,3,5,2,0,1,1,0,0,0,0,0
8759,198062,11,1,1011204,Leipziger Straße,2019,8,17,3,3,0,3,0,0,1,0,1,0,0,1
8760,198063,11,4,4030620,Alt-Lietzow,2019,8,17,3,3,5,7,0,1,1,0,0,0,0,0
8761,198064,11,1,1022202,Heidestraße,2019,8,17,4,3,0,2,0,1,1,0,0,0,0,0
8762,198065,11,3,3061126,Arnimplatz,2019,8,17,3,3,5,2,0,1,1,0,0,0,0,0
8763,198066,11,7,7070702,Alt-Lichtenrade/Töpchiner Weg,2019,8,17,4,3,5,3,0,1,1,0,0,0,0,0
8764,198067,11,1,1011203,Unter den Linden Süd,2019,8,17,3,3,5,3,0,0,1,0,0,0,1,0
8765,198068,11,10,10010203,Gewerbegebiet Bitterfelder Straße,2019,8,17,4,3,5,3,0,1,0,0,0,0,1,0
8766,198069,11,6,6020303,Lankwitz Kirche,2019,8,17,3,3,5,2,0,0,1,0,1,0,0,0
8767,198070,11,1,1011202,Unter den Linden Nord,2019,8,8,4,3,5,2,0,1,0,0,1,0,0,0
8768,198071,11,3,3051021,Buschallee,2019,8,11,3,3,2,5,0,0,1,0,1,0,0,0
8769,198072,11,2,2010104,Wassertorplatz,2019,8,16,4,3,6,7,0,1,0,1,0,0,0,0
8770,198073,11,8,8010117,Schillerpromenade,2019,8,12,3,3,2,6,0,1,1,0,0,0,0,0
8771,198074,11,1,1044201,Reinickendorfer Straße,2019,8,16,4,2,1,5,0,0,1,0,1,0,0,0
8772,198075,11,1,1033101,Soldiner Straße,2019,8,11,3,3,5,3,0,0,1,0,1,0,0,0
8773,198076,11,5,5030832,Rohrdamm,2019,8,11,3,3,6,7,0,0,1,1,0,0,0,0
8774,198077,11,1,1044201,Reinickendorfer Straße,2019,8,15,4,3,5,2,0,0,1,0,1,0,0,0
8775,198078,11,6,6040806,Fischtal,2019,8,10,3,3,1,5,0,1,1,0,0,0,0,0
8776,198079,11,4,4030623,Ernst-Reuter-Platz,2019,8,15,4,2,5,2,0,1,0,0,0,0,1,0
8777,198080,11,8,8010117,Schillerpromenade,2019,8,9,3,3,5,3,0,0,1,0,1,0,1,0
8778,198081,11,12,12214527,Alt-Tegel,2019,8,12,4,3,5,7,0,0,1,0,1,0,0,0
8779,198082,11,3,3030406,Alt-Karow,2019,8,9,3,3,0,3,0,0,1,0,0,0,1,0
8780,198083,11,6,6040703,Nikolassee,2019,8,11,4,3,5,3,0,0,1,0,0,0,0,0
8781,198084,11,8,8010510,Gewerbegebiet Köllnische Heide,2019,8,8,3,3,5,2,0,1,1,0,0,0,0,0
8782,198085,11,4,4030620,Alt-Lietzow,2019,8,7,3,3,5,2,0,1,1,0,0,0,0,0
8783,198086,11,11,11030721,Rüdigerstraße,2019,8,10,4,3,5,5,0,0,1,0,0,0,1,0
8784,198087,11,1,1022105,Zwinglistraße,2019,8,10,4,3,5,2,0,0,1,0,0,0,0,0
8785,198088,11,3,3040614,Pankow Zentrum,2019,8,7,3,3,5,3,0,1,1,0,0,0,0,0
8786,198089,11,11,11010103,Dorf Falkenberg,2019,8,7,3,2,3,6,0,0,0,0,1,0,1,0
8787,198090,11,1,1022206,Lüneburger Straße,2019,8,10,4,2,6,7,0,0,1,1,0,0,0,0
8788,198091,11,9,9020802,Köllnische Vorstadt,2019,8,7,3,3,2,6,0,0,1,0,1,0,0,0
8789,198092,11,9,9010201,Am Treptower Park Süd,2019,8,9,4,3,5,2,0,1,1,0,0,0,0,0
8790,198093,11,4,4041238,Kissinger Straße,2019,8,15,3,3,1,5,0,0,1,0,0,0,0,0
8791,198094,11,11,11030721,Rüdigerstraße,2019,8,16,3,3,4,6,0,1,1,0,0,0,0,0
8792,198095,11,7,7060603,Marienfelde Nordost,2019,8,9,4,3,5,2,0,1,1,0,0,0,0,0
8793,198096,11,12,12231102,Frohnau,2019,8,15,3,3,0,3,0,0,0,0,1,0,1,1
8794,198097,11,5,5010206,Gütersloher Weg,2019,8,15,3,3,0,3,0,0,1,0,1,0,0,1
8795,198098,11,3,3071536,Teutoburger Platz,2019,8,7,4,3,5,2,0,1,0,0,0,0,1,0
8796,198099,11,4,4020207,Flatowallee,2019,8,16,3,2,5,7,0,0,1,0,0,0,0,0
8797,198100,11,5,5020628,Graetschelsteig,2019,8,15,3,3,0,3,0,0,1,0,1,0,0,0
8798,198101,11,1,1044201,Reinickendorfer Straße,2019,8,15,4,3,5,2,0,1,1,0,0,0,0,0
8799,198102,11,1,1044201,Reinickendorfer Straße,2019,8,14,3,3,6,4,0,1,0,1,0,0,0,0
8800,198103,11,3,3071537,Kollwitzplatz,2019,8,15,4,3,4,5,0,1,1,0,0,0,0,0
8801,198104,11,11,11030618,Fennpfuhl West,2019,8,16,3,3,3,6,0,1,0,0,0,0,0,0
8802,198105,11,7,7010102,Nollendorfplatz,2019,8,15,4,3,3,6,0,1,1,0,0,0,0,0
8803,198106,11,8,8010118,Silbersteinstraße,2019,8,14,3,3,0,2,0,0,1,0,1,0,0,0
8804,198107,11,3,3040614,Pankow Zentrum,2019,8,14,4,3,5,3,0,0,1,0,1,0,0,0
8805,198108,11,9,9020701,Adlershof West,2019,8,14,3,2,5,2,0,0,1,0,1,0,0,0
8806,198109,11,9,9051702,Bölschestraße,2019,8,16,3,3,5,7,0,0,1,0,1,0,0,0
8807,198110,11,4,4020313,Königin-Elisabeth-Straße,2019,8,14,4,3,6,2,0,0,1,1,0,0,0,0
8808,198111,11,12,12304314,Ziekowstraße/Freie Scholle,2019,8,14,4,3,1,5,0,1,1,0,0,0,0,0
8809,198112,11,5,5030730,Zitadellenweg,2019,8,13,3,3,5,2,0,1,1,0,0,0,0,0
8810,198113,11,1,1011402,Arkonaplatz,2019,8,8,3,3,5,3,0,1,1,0,0,0,0,0
8811,198114,11,8,8010404,Rixdorf,2019,8,13,4,2,5,3,0,0,1,0,1,0,0,0
8812,198115,11,4,4051550,Leon-Jessel-Platz,2019,8,12,3,3,5,7,0,1,1,0,0,0,0,0
8813,198116,11,2,2040701,Andreasviertel,2019,8,13,4,3,5,3,0,0,1,0,0,0,0,0
8814,198117,11,12,12301203,Wittenau Süd,2019,8,16,3,3,3,6,0,0,1,0,0,0,0,0
8815,198118,11,3,3050920,Weißer See,2019,8,13,4,3,5,3,0,0,1,0,0,0,0,0
8816,198119,11,2,2050802,Boxhagener Platz,2019,8,15,3,3,5,3,0,0,1,0,0,0,0,1
8817,198120,11,4,4030620,Alt-Lietzow,2019,8,13,4,2,1,5,0,0,1,0,0,0,1,0
8818,198121,11,3,3061430,Volkspark Prenzlauer Berg,2019,8,15,3,3,5,2,0,1,1,0,0,0,0,1
8819,198122,11,6,6040810,Dahlem,2019,8,7,4,3,0,2,0,0,1,0,1,0,0,0
8820,198123,11,12,12301203,Wittenau Süd,2019,8,15,3,3,0,1,0,0,0,0,1,0,0,1
8821,198124,11,7,7010102,Nollendorfplatz,2019,8,12,4,3,1,5,0,1,1,0,0,0,1,0
8822,198125,11,9,9051901,Dammvorstadt,2019,8,13,5,3,5,7,0,0,1,0,0,0,1,0
8823,198126,11,10,10040829,Alt-Kaulsdorf,2019,8,13,5,3,1,5,0,1,1,0,0,0,0,0
8824,198127,11,1,1044101,Rehberge,2019,8,13,5,3,5,2,0,1,1,0,0,0,0,0
8825,198128,11,1,1011202,Unter den Linden Nord,2019,8,12,5,3,2,7,0,1,1,0,0,0,0,0
8826,198129,11,1,1022106,Elberfelder Straße,2019,8,9,5,2,2,7,0,0,1,0,0,0,0,0
8827,198130,11,4,4020310,Park Ruhwald,2019,8,9,5,2,5,2,0,1,0,0,0,1,0,0
8828,198131,11,1,1011306,Heine-Viertel Ost,2019,8,9,5,3,5,2,0,0,1,0,1,0,0,0
8829,198132,11,1,1044202,Sparrplatz,2019,8,9,5,3,0,5,0,0,1,0,1,0,0,0
8830,198133,11,11,11020411,Malchower Weg,2019,8,9,5,3,5,3,0,1,1,0,0,0,0,0
8831,198134,11,1,1044201,Reinickendorfer Straße,2019,8,8,5,3,5,3,0,0,1,0,0,0,0,0
8832,198135,11,7,7030303,Grazer Platz,2019,8,8,5,3,5,2,0,0,1,0,1,0,0,0
8833,198136,11,12,12214424,Scharnweberstraße,2019,8,8,5,3,3,6,0,0,1,0,0,1,0,0
8834,198137,11,1,1022206,Lüneburger Straße,2019,8,8,5,3,5,2,0,1,1,0,0,0,0,0
8835,198138,11,2,2040502,Friedenstraße,2019,8,8,5,3,5,2,0,1,1,0,0,0,0,0
8836,198139,11,9,9020601,Schnellerstraße,2019,8,7,5,3,5,2,0,1,1,0,0,0,0,0
8837,198140,11,7,7010101,Wittenbergplatz/Viktoria-Luise-Platz,2019,8,3,5,3,6,6,2,0,0,1,0,0,1,0
8838,198141,11,12,12231101,Hermsdorf,2019,8,10,5,3,0,1,0,0,0,0,1,0,0,0
8839,198142,11,12,12214424,Scharnweberstraße,2019,8,16,4,3,5,2,0,1,1,0,0,0,0,0
8840,198143,11,12,12304314,Ziekowstraße/Freie Scholle,2019,8,16,4,3,0,1,0,0,1,0,1,0,0,0
8841,198144,11,2,2020202,Rathaus Yorckstraße,2019,8,4,4,3,5,3,2,0,1,0,0,0,0,1
8842,198145,11,3,3061126,Arnimplatz,2019,8,19,4,3,2,2,2,0,1,0,1,0,0,0
8843,198146,11,4,4030620,Alt-Lietzow,2019,8,19,4,3,5,3,1,0,1,0,1,0,0,0
8844,198147,11,6,6010205,Südende,2019,8,18,4,3,5,2,0,0,1,0,1,0,0,0
8845,198148,11,7,7030301,Friedenau,2019,8,18,4,3,5,7,0,1,0,0,0,0,1,0
8846,198149,11,2,2010101,Askanischer Platz,2019,8,17,4,3,1,5,0,0,1,0,1,0,0,0
8847,198150,11,2,2050602,Samariterviertel,2019,8,16,4,3,1,5,0,1,1,0,0,0,0,0
8848,198151,11,2,2020206,Graefekiez,2019,8,18,4,3,3,6,0,1,1,0,0,0,0,0
8849,198152,11,5,5020521,Döberitzer Weg,2019,8,17,4,3,0,3,0,1,1,0,0,0,0,0
8850,198153,11,6,6020409,Königsberger Straße,2019,8,14,4,2,2,6,0,0,1,0,0,0,1,0
8851,198154,11,7,7030301,Friedenau,2019,8,17,4,3,3,6,0,1,1,0,0,0,0,0
8852,198155,11,4,4051652,Nikolsburger Platz,2019,8,17,4,3,0,4,0,1,0,1,0,0,0,0
8853,198156,11,7,7010102,Nollendorfplatz,2019,8,15,4,3,3,6,0,1,1,0,0,0,0,0
8854,198157,11,7,7040403,Manteuffelstraße,2019,8,22,4,3,5,3,2,0,1,0,0,0,0,0
8855,198158,11,7,7020203,Kaiser-Wilhelm-Platz,2019,8,19,4,3,5,2,0,1,1,0,0,0,0,0
8856,198159,11,1,1033201,Brunnenstraße,2019,8,8,4,2,6,4,0,1,0,1,0,0,0,0
8857,198160,11,1,1011204,Leipziger Straße,2019,8,8,4,3,5,3,0,1,1,0,0,0,0,0
8858,198161,11,5,5040934,Alt-Gatow,2019,8,8,4,3,5,3,0,0,1,0,1,0,0,0
8859,198162,11,2,2040701,Andreasviertel,2019,8,7,4,3,5,2,0,0,1,0,0,0,0,0
8860,198163,11,12,12214422,Klixstraße,2019,8,7,4,3,6,2,0,0,1,1,0,0,0,0
8861,198164,11,3,3020307,Buchholz,2019,8,7,4,3,6,2,0,0,1,1,0,0,0,0
8862,198165,11,5,5010314,Carl-Schurz-Straße,2019,8,6,4,2,0,6,1,0,1,0,1,0,0,0
8863,198166,11,8,8020622,Parchimer Allee,2019,8,6,4,3,5,3,0,1,0,0,0,0,1,0
8864,198167,11,7,7050504,Imbrosweg,2019,8,9,4,3,9,1,0,0,1,0,0,0,1,0
8865,198168,11,10,10010308,Marzahner Chaussee,2019,8,17,4,2,5,2,0,0,1,0,1,0,0,0
8866,198169,11,1,1011203,Unter den Linden Süd,2019,8,16,4,2,5,3,0,1,1,0,0,0,0,0
8867,198170,11,7,7020203,Kaiser-Wilhelm-Platz,2019,8,15,4,3,0,1,0,0,1,0,1,0,0,0
8868,198171,11,12,12214527,Alt-Tegel,2019,8,15,4,3,5,3,0,1,1,0,0,0,0,0
8869,198172,11,10,10010308,Marzahner Chaussee,2019,8,15,4,3,5,3,0,1,1,0,0,0,0,0
8870,198173,11,9,9010401,Johannisthal West,2019,8,15,4,3,6,4,0,0,1,1,0,0,0,0
8871,198174,11,8,8010301,Reuterkiez,2019,8,15,4,3,5,2,0,1,1,0,0,0,0,0
8872,198175,11,6,6040809,Thielallee,2019,8,14,4,2,5,3,0,1,1,0,0,0,0,0
8873,198176,11,9,9020701,Adlershof West,2019,8,14,4,3,5,2,0,0,1,0,0,0,0,0
8874,198177,11,2,2010101,Askanischer Platz,2019,8,12,4,3,5,3,0,1,1,0,0,0,0,0
8875,198178,11,4,4030417,Schloßstraße,2019,8,11,4,3,5,2,0,1,0,0,1,0,0,0
8876,198179,11,8,8020728,Buckow Ost,2019,8,10,4,2,2,6,0,0,1,0,1,0,0,0
8877,198180,11,9,9031101,Grünau,2019,8,9,4,3,5,3,0,0,1,0,0,0,1,0
8878,198181,11,4,4010102,Plötzensee,2019,8,9,4,2,5,3,0,0,1,0,1,0,0,0
8879,198182,11,11,11010103,Dorf Falkenberg,2019,8,9,4,3,5,2,0,1,0,0,0,0,1,0
8880,198183,11,10,10020517,Adele-Sandrock-Straße,2019,8,11,3,2,0,7,0,1,0,0,0,0,0,0
8881,198184,11,7,7040405,Rathaus Tempelhof,2019,8,15,3,3,2,6,0,0,1,0,0,0,0,0
8882,198185,11,7,7010101,Wittenbergplatz/Viktoria-Luise-Platz,2019,8,8,3,3,5,3,0,1,0,0,0,0,0,0
8883,198186,11,12,12214421,Reinickes Hof,2019,8,21,3,3,0,1,2,0,0,0,1,0,0,0
8884,198187,11,3,3040614,Pankow Zentrum,2019,8,20,3,3,2,6,2,1,0,0,0,0,0,0
8885,198188,11,1,1011201,Wilhelmstraße,2019,8,18,3,3,5,3,0,1,0,0,0,0,0,0
8886,198189,11,6,6030609,Augustaplatz,2019,8,16,3,3,5,3,0,0,1,0,0,0,0,0
8887,198190,11,8,8030829,Gropiusstadt Nord,2019,8,19,3,2,1,1,0,0,1,0,0,0,1,0
8888,198191,11,2,2010102,Mehringplatz,2019,8,16,3,3,2,6,0,0,1,0,0,0,0,0
8889,198192,11,8,8010303,Donaustraße,2019,8,16,3,3,2,6,0,0,1,0,0,0,1,0
8890,198193,11,12,12302110,Dannenwalder Weg,2019,8,15,3,3,0,1,0,0,1,0,1,0,0,0
8891,198194,11,12,12224230,Heiligensee,2019,8,15,3,3,5,3,0,1,0,0,0,0,0,0
8892,198195,11,2,2010102,Mehringplatz,2019,8,14,3,3,6,2,0,0,0,1,0,1,0,0
8893,198196,11,4,4010103,Paul-Hertz-Siedlung,2019,8,14,3,3,5,3,0,1,1,0,0,0,0,0
8894,198197,11,1,1044202,Sparrplatz,2019,8,18,3,3,5,2,0,1,1,0,0,0,0,0