,object id,city,district,sub district key,street,year,month,hour of day,weekday,category,accident type,accident type 2,light situation,bike involved,car involved,pedestrian involved,motor bike involved,big track involved,other vehicle involved,road condition
8895,198198,11,1,1011201,Wilhelmstraße,2019,8,18,3,3,1,5,0,1,1,0,0,0,0,0
8896,198199,11,2,2010103,Moritzplatz,2019,8,18,3,3,0,7,0,0,1,0,0,0,1,0
8897,198200,11,1,1022204,Thomasiusstraße,2019,8,18,3,3,1,5,0,1,1,0,0,0,1,0
8898,198201,11,4,4030931,Breitscheidplatz,2019,8,16,3,3,0,2,0,0,1,0,0,0,1,0
8899,198202,11,1,1011303,Alexanderplatzviertel,2019,8,9,3,3,0,5,0,1,0,0,0,1,0,0
8900,198203,11,8,8041036,Zittauer Straße,2019,8,17,3,2,6,4,0,0,0,1,1,0,0,0
8901,198204,11,1,1011102,Großer Tiergarten,2019,8,17,3,2,6,7,0,1,0,1,0,0,0,0
8902,198205,11,5,5010339,Freiheit,2019,8,15,3,3,5,2,0,0,1,0,0,0,0,0
8903,198206,11,9,9031001,Bohnsdorf,2019,8,15,3,2,5,2,0,1,1,0,0,0,0,0
8904,198207,11,1,1044102,Schillerpark,2019,8,10,3,3,2,3,0,1,1,0,0,0,0,0
8905,198208,11,3,3040614,Pankow Zentrum,2019,8,10,3,3,2,3,0,0,1,0,1,0,0,0
8906,198209,11,3,3071638,Winsstraße,2019,8,9,3,3,2,6,0,1,1,0,0,0,0,0
8907,198210,11,5,5020522,Pillnitzer Weg,2019,8,9,3,3,2,2,0,0,1,0,0,0,0,0
8908,198211,11,12,12214125,Waldidyll/Flughafensee,2019,8,8,3,3,0,4,0,0,1,1,0,0,0,0
8909,198212,11,7,7040405,Rathaus Tempelhof,2019,8,9,3,3,5,2,0,1,1,0,0,0,0,0
8910,198213,11,9,9041401,Allende I,2019,8,9,3,3,5,2,0,0,1,0,0,0,0,0
8911,198214,11,9,9020501,Oberschöneweide West,2019,8,7,3,3,5,2,0,1,0,0,0,1,0,0
8912,198215,11,2,2030302,Lausitzer Platz,2019,8,7,3,3,5,3,0,0,1,0,1,0,0,0
8913,198216,11,7,7060604,Marienfelde Süd,2019,8,8,3,1,6,4,0,0,0,1,0,1,0,0
8914,198217,11,2,2020206,Graefekiez,2019,8,18,2,3,6,4,0,1,0,1,0,0,0,0
8915,198218,11,3,3030715,Heinersdorf,2019,8,10,2,3,3,6,0,1,0,0,0,0,0,0
8916,198219,11,1,1022104,Emdener Straße,2019,8,18,2,3,6,4,0,0,0,1,0,0,1,0
8917,198220,11,3,3051022,Hansastraße,2019,8,13,2,3,4,6,0,0,1,0,1,0,0,0
8918,198221,11,3,3040614,Pankow Zentrum,2019,8,17,2,3,2,6,0,0,1,0,0,0,0,0
8919,198222,11,10,10030725,Buckower Ring,2019,8,17,2,2,2,7,0,0,1,0,0,0,0,0
8920,198223,11,4,4051445,Eisenzahnstraße,2019,8,17,2,3,1,5,0,0,1,0,0,0,0,0
8921,198224,11,10,10040933,Mahlsdorf Süd,2019,8,17,2,3,5,2,0,0,1,0,0,0,1,0
8922,198225,11,7,7040406,Germaniagarten,2019,8,16,2,2,6,4,0,0,1,1,0,0,0,0
8923,198226,11,7,7040403,Manteuffelstraße,2019,8,16,2,3,5,2,0,0,1,0,1,0,0,0
8924,198227,11,12,12301205,Waidmannslust,2019,8,15,2,3,5,3,0,0,1,0,1,0,0,0
8925,198228,11,1,1044201,Reinickendorfer Straße,2019,8,15,2,3,5,3,0,0,1,0,0,0,0,0
8926,198229,11,7,7010102,Nollendorfplatz,2019,8,15,2,3,2,6,0,0,1,0,1,0,0,0
8927,198230,11,1,1022206,Lüneburger Straße,2019,8,23,2,3,6,4,2,0,1,1,0,0,0,0
8928,198231,11,5,5010313,Ackerstraße,2019,8,15,2,3,6,2,0,0,1,1,0,0,0,0
8929,198232,11,3,3071536,Teutoburger Platz,2019,8,19,2,3,6,4,0,1,0,1,0,0,0,0
8930,198233,11,11,11051331,Karlshorst Nord,2019,8,18,5,3,5,2,0,1,1,0,0,0,0,0
8931,198234,11,1,1011302,Oranienburger Straße,2019,8,19,2,3,5,2,0,1,1,0,0,0,0,0
8932,198235,11,6,6040810,Dahlem,2019,8,14,2,3,1,5,0,0,1,0,0,0,1,0
8933,198236,11,4,4041343,Binger Straße,2019,8,19,2,3,5,2,0,1,1,0,0,0,0,0
8934,198237,11,2,2040703,Wriezener Bahnhof/Entwicklungsgebiet,2019,8,14,2,3,5,3,0,1,0,0,0,0,1,0
8935,198238,11,6,6010205,Südende,2019,8,19,2,2,5,7,0,0,0,0,1,0,1,0
8936,198239,11,11,11041128,Sewanstraße,2019,8,19,2,3,1,5,0,1,1,0,0,0,0,0
8937,198240,11,3,3051022,Hansastraße,2019,8,17,2,3,2,6,0,1,1,0,0,0,0,0
8938,198241,11,1,1011303,Alexanderplatzviertel,2019,8,18,2,3,2,6,0,1,1,0,0,0,0,0
8939,198242,11,1,1011102,Großer Tiergarten,2019,8,13,2,3,2,6,0,0,1,0,0,0,0,0
8940,198243,11,10,10030726,Alt-Biesdorf,2019,8,18,2,3,5,2,0,0,1,0,0,0,0,0
8941,198244,11,12,12231102,Frohnau,2019,8,12,2,3,5,3,0,0,1,0,1,0,0,0
8942,198245,11,6,6040810,Dahlem,2019,8,12,2,3,5,7,0,0,1,0,0,0,0,0
8943,198246,11,2,2030302,Lausitzer Platz,2019,8,12,2,3,2,2,0,0,1,0,0,1,0,0
8944,198247,11,2,2040501,Barnimkiez,2019,8,12,2,3,1,5,0,1,0,0,0,0,1,0
8945,198248,11,2,2030302,Lausitzer Platz,2019,8,11,2,3,5,3,0,0,1,0,0,0,0,0
8946,198249,11,6,6010101,Fichtenberg,2019,8,11,2,3,5,2,0,1,1,0,0,0,0,0
8947,198250,11,8,8030831,Gropiusstadt Ost,2019,8,11,2,2,6,2,0,0,1,1,0,0,0,0
8948,198251,11,4,4051655,Babelsberger Straße,2019,8,10,2,3,2,2,0,1,1,0,0,0,0,0
8949,198252,11,6,6020306,Lankwitz Süd,2019,8,8,2,3,5,3,0,0,1,0,0,0,1,0
8950,198253,11,4,4030929,Hindemithplatz,2019,8,7,2,2,5,7,0,0,1,0,1,0,0,0
8951,198254,11,6,6030605,Botanischer Garten,2019,8,6,2,3,2,6,0,0,1,0,1,0,0,0
8952,198255,11,1,1011102,Großer Tiergarten,2019,8,6,2,3,5,2,1,1,1,0,0,0,0,0
8953,198256,11,9,9010401,Johannisthal West,2019,8,5,2,3,0,1,1,0,1,0,1,0,0,1
8954,198257,11,2,7040401,Neu-Tempelhof,2019,8,5,2,3,2,6,1,0,1,0,0,0,0,0
8955,198258,11,12,12214126,Tegel Süd,2019,8,11,2,3,0,7,0,0,1,0,0,0,0,0
8956,198259,11,6,6020411,Schütte-Lanz-Straße,2019,8,19,1,3,2,6,0,0,1,0,0,0,0,0
8957,198260,11,5,5010314,Carl-Schurz-Straße,2019,8,19,1,3,0,6,0,0,0,0,1,0,1,1
8958,198261,11,8,8020622,Parchimer Allee,2019,8,21,1,3,5,3,2,0,1,0,0,0,0,1
8959,198262,11,4,4020310,Park Ruhwald,2019,8,13,1,3,2,3,0,0,1,0,0,0,0,0
8960,198263,11,9,9010402,Johannisthal Ost,2019,8,21,1,3,2,2,2,0,1,0,0,0,0,1
8961,198264,11,1,1011401,Invalidenstraße,2019,8,22,1,2,0,7,2,0,0,0,0,0,1,1
8962,198265,11,7,7010104,Dennewitzplatz,2019,8,22,1,2,4,1,2,0,1,0,0,0,0,1
8963,198266,11,1,1011201,Wilhelmstraße,2019,8,18,1,3,0,1,0,0,0,0,1,0,0,1
8964,198267,11,11,11020412,Hauptstraße,2019,8,20,1,2,0,1,1,0,0,0,1,0,0,1
8965,198268,11,1,1011105,Nördlicher Landwehrkanal,2019,8,19,1,2,5,2,0,0,1,0,0,0,0,1
8966,198269,11,1,1022106,Elberfelder Straße,2019,8,19,1,3,2,6,0,0,1,0,0,0,0,1
8967,198270,11,12,12302107,Schorfheidestraße,2019,8,19,1,3,2,6,0,0,1,0,0,0,0,1
8968,198271,11,4,4020312,Branitzer Platz,2019,8,18,1,3,5,3,0,1,1,0,0,0,0,1
8969,198272,11,7,7070703,John-Locke-Straße,2019,8,18,1,3,5,2,0,1,1,0,0,0,0,1
8970,198273,11,7,7020203,Kaiser-Wilhelm-Platz,2019,8,17,1,3,1,5,0,1,1,0,0,0,0,0
8971,198274,11,1,1011303,Alexanderplatzviertel,2019,8,17,1,3,5,2,0,0,1,0,0,0,1,1
8972,198275,11,2,2010103,Moritzplatz,2019,8,16,1,3,5,3,0,0,1,0,0,0,0,0
8973,198276,11,8,8020625,Handwerker-Siedlung,2019,8,16,1,2,1,5,0,0,1,0,0,0,0,0
8974,198277,11,3,3020203,Blankenfelde,2019,8,16,1,3,5,2,0,0,1,0,0,0,0,1
8975,198278,11,12,12103219,Schäfersee,2019,8,14,1,3,5,3,0,0,1,0,0,0,0,0
8976,198279,11,4,4030416,Klausenerplatz,2019,8,14,1,3,5,7,0,0,1,0,0,0,0,1
8977,198280,11,2,2020205,Chamissokiez,2019,8,13,1,3,6,2,0,1,0,1,0,0,0,1
8978,198281,11,5,5030730,Zitadellenweg,2019,8,11,1,3,2,6,0,0,1,0,0,0,0,1
8979,198282,11,6,6020306,Lankwitz Süd,2019,8,11,1,2,5,3,0,0,1,0,0,0,0,1
8980,198283,11,7,7010102,Nollendorfplatz,2019,8,2,1,3,3,6,2,0,1,0,1,0,0,0
8981,198284,11,9,9010202,Köpenicker Landstraße,2019,8,21,1,3,2,6,2,0,1,0,0,0,1,1
8982,198285,11,7,7020203,Kaiser-Wilhelm-Platz,2019,8,18,7,3,1,5,0,0,1,0,0,0,0,0
8983,198286,11,2,2040702,Weberwiese,2019,8,4,7,3,1,1,2,0,1,0,0,0,0,0
8984,198287,11,4,4030725,Amtsgerichtsplatz,2019,8,1,7,3,0,4,2,1,0,1,0,0,0,0
8985,198288,11,8,8010118,Silbersteinstraße,2019,8,13,7,3,5,2,0,1,1,0,0,0,0,0
8986,198289,11,12,12214126,Tegel Süd,2019,8,13,7,3,5,2,0,0,1,0,1,0,0,0
8987,198290,11,2,2020203,Viktoriapark,2019,8,13,7,3,6,4,0,1,0,1,0,0,0,0
8988,198291,11,1,1011102,Großer Tiergarten,2019,8,12,7,3,5,3,0,0,1,0,0,0,1,0
8989,198292,11,7,7040403,Manteuffelstraße,2019,8,12,7,3,5,2,0,0,1,0,0,0,0,0
8990,198293,11,1,1011202,Unter den Linden Nord,2019,8,12,7,3,0,1,0,0,0,0,1,0,0,0
8991,198294,11,1,1044201,Reinickendorfer Straße,2019,8,11,7,3,2,6,0,0,1,0,0,0,0,0
8992,198295,11,2,2020204,Urbanstraße,2019,8,0,7,3,0,1,2,0,0,0,0,0,1,0
8993,198296,11,9,9020701,Adlershof West,2019,8,22,7,2,5,2,2,0,1,0,0,0,0,0
8994,198297,11,1,1011304,Karl-Marx-Allee,2019,8,22,7,3,2,6,2,0,1,0,0,0,0,0
8995,198298,11,6,6020411,Schütte-Lanz-Straße,2019,8,20,7,3,6,7,2,1,0,1,0,0,0,0
8996,198299,11,7,7010104,Dennewitzplatz,2019,8,19,7,3,5,3,0,1,1,0,0,0,0,0
8997,198300,11,3,3030711,Blankenburg,2019,8,18,7,3,0,7,0,1,0,0,0,0,0,0
8998,198301,11,9,9010202,Köpenicker Landstraße,2019,8,17,7,2,5,3,0,0,1,0,1,0,0,0
8999,198302,11,6,6020409,Königsberger Straße,2019,8,17,7,3,2,6,0,0,1,0,0,0,0,0
9000,198303,11,2,2030401,Reichenberger Straße,2019,8,16,7,3,2,7,0,0,1,0,0,0,1,0
9001,198304,11,5,5020524,Weinmeisterhornweg,2019,8,16,7,2,0,1,0,1,0,0,0,0,0,0
9002,198305,11,5,5010314,Carl-Schurz-Straße,2019,8,15,7,3,2,6,0,0,1,0,0,0,0,0
9003,198306,11,4,4041344,Rüdesheimer Platz,2019,8,15,7,3,5,3,0,1,1,0,0,0,0,0
9004,198307,11,6,6040810,Dahlem,2019,8,15,7,3,2,6,0,0,1,0,0,0,0,0
9005,198308,11,1,1044201,Reinickendorfer Straße,2019,8,15,7,3,1,5,0,0,1,0,1,0,0,0
9006,198309,11,2,2050802,Boxhagener Platz,2019,8,14,7,3,2,6,0,0,1,0,0,0,1,0
9007,198310,11,7,7050501,Rathausstraße,2019,8,14,7,3,2,6,0,1,1,0,0,0,0,0
9008,198311,11,11,11051331,Karlshorst Nord,2019,8,8,6,2,5,3,0,1,1,0,0,0,0,0
9009,198312,11,7,7030301,Friedenau,2019,8,19,6,3,6,7,0,0,1,1,0,0,0,0
9010,198313,11,12,12214421,Reinickes Hof,2019,8,20,6,3,5,2,0,0,1,0,1,0,0,0
9011,198314,11,8,8010301,Reuterkiez,2019,8,19,6,3,3,6,0,1,1,0,0,0,0,0
9012,198315,11,1,1011304,Karl-Marx-Allee,2019,8,18,6,3,5,2,0,0,1,0,1,0,0,0
9013,198316,11,1,1011302,Oranienburger Straße,2019,8,17,6,3,3,6,0,0,1,0,1,0,0,0
9014,198317,11,9,9020701,Adlershof West,2019,8,16,6,3,5,2,0,1,1,0,0,0,0,0
9015,198318,11,10,10040830,Kaulsdorf Süd,2019,8,16,6,3,2,6,0,0,1,0,0,0,1,0
9016,198319,11,1,1022101,Huttenkiez,2019,8,16,6,3,0,5,0,1,0,0,0,0,1,0
9017,198320,11,4,4051655,Babelsberger Straße,2019,8,16,6,3,6,4,0,0,1,1,0,0,0,0
9018,198321,11,1,1011305,Heine-Viertel West,2019,8,15,6,3,5,2,0,1,0,0,0,0,0,0
9019,198322,11,4,4031032,Halensee,2019,8,15,6,3,2,6,0,0,1,0,0,0,0,0
9020,198323,11,6,6040804,Krumme Lanke,2019,8,15,6,3,5,2,0,1,1,0,0,0,0,0
9021,198324,11,1,1044201,Reinickendorfer Straße,2019,8,14,6,3,5,3,0,1,1,0,0,0,0,0
9022,198325,11,1,1022106,Elberfelder Straße,2019,8,15,6,3,2,6,0,0,1,0,0,0,0,0
9023,198326,11,7,7050505,Hundsteinweg,2019,8,15,6,3,2,7,0,0,1,0,0,0,0,0
9024,198327,11,9,9030902,Wohngebiet II,2019,8,16,6,3,5,2,0,1,1,0,0,0,0,0
9025,198328,11,12,12304314,Ziekowstraße/Freie Scholle,2019,8,14,6,3,5,7,0,0,1,0,1,0,0,0
9026,198329,11,4,4030518,Tegeler Weg,2019,8,18,6,3,0,7,0,0,0,0,0,0,1,0
9027,198330,11,9,9041301,Kietzer Feld/Nachtheide,2019,8,17,6,3,2,6,0,1,1,0,0,0,0,0
9028,198331,11,7,7060604,Marienfelde Süd,2019,8,2,6,2,8,7,2,1,1,0,0,0,0,0
9029,198332,11,3,3061126,Arnimplatz,2019,8,7,6,3,2,6,0,0,1,0,1,0,0,0
9030,198333,11,3,3051017,Rennbahnstraße,2019,8,7,6,3,5,3,0,0,1,0,0,0,0,0
9031,198334,11,10,10030724,Oberfeldstraße,2019,8,7,6,3,1,5,0,1,1,0,0,0,0,0
9032,198335,11,11,11041128,Sewanstraße,2019,8,6,6,3,1,7,0,0,1,0,0,0,0,0
9033,198336,11,1,1011305,Heine-Viertel West,2019,8,0,6,2,0,1,2,1,0,0,0,0,0,0
9034,198337,11,1,1022104,Emdener Straße,2019,8,13,6,3,0,5,0,1,1,0,0,0,0,0
9035,198338,11,4,4031032,Halensee,2019,8,13,6,3,2,6,0,0,1,0,0,0,0,0
9036,198339,11,3,3030405,Karow Nord,2019,8,13,6,3,3,6,0,0,1,0,0,0,0,0
9037,198340,11,7,7040401,Neu-Tempelhof,2019,8,13,6,3,1,5,0,0,1,0,1,0,0,0
9038,198341,11,10,10020413,Gut Hellersdorf,2019,8,12,6,3,8,1,0,0,0,0,1,0,0,0
9039,198342,11,12,12214125,Waldidyll/Flughafensee,2019,8,12,6,3,5,2,0,1,1,0,0,0,0,0
9040,198343,11,3,3030406,Alt-Karow,2019,8,11,6,3,5,3,0,1,1,0,0,0,0,0
9041,198344,11,4,4030622,Richard-Wagner-Straße,2019,8,11,6,3,5,2,0,0,1,0,0,0,0,0
9042,198345,11,1,1033203,Humboldthain Nordwest,2019,8,11,6,2,0,7,0,0,1,0,0,0,1,0
9043,198346,11,2,2030402,Wrangelkiez,2019,8,10,6,3,2,6,0,0,1,0,0,0,0,0
9044,198347,11,4,4030417,Schloßstraße,2019,8,10,6,2,6,2,0,0,1,1,0,0,0,0
9045,198348,11,3,3020203,Blankenfelde,2019,8,10,6,3,9,1,0,0,1,0,0,0,0,0
9046,198349,11,4,4020209,Eichkamp,2019,8,10,6,3,5,3,0,1,0,0,0,0,1,0
9047,198350,11,1,1011302,Oranienburger Straße,2019,8,9,6,3,5,3,0,1,1,0,0,0,0,0
9048,198351,11,1,1033201,Brunnenstraße,2019,8,9,6,3,5,2,0,1,0,0,0,1,0,0
9049,198352,11,10,10010102,Havemannstraße,2019,8,10,6,3,3,6,0,1,0,0,0,0,1,0
9050,198353,11,3,3050923,Weißenseer Spitze,2019,8,8,6,3,5,3,0,0,1,0,0,0,0,0
9051,198354,11,8,8010301,Reuterkiez,2019,8,10,6,3,5,2,0,1,1,0,0,0,0,0
9052,198355,11,5,5010312,Kurstraße,2019,8,17,5,3,5,3,0,0,1,0,0,0,0,0
9053,198356,11,1,1022207,Hansaviertel,2019,8,8,6,3,1,5,0,0,1,0,1,0,0,0
9054,198357,11,10,10020517,Adele-Sandrock-Straße,2019,8,8,6,3,5,2,0,1,1,0,0,0,0,0
9055,198358,11,1,1011101,Stülerstraße,2019,8,16,5,3,1,7,0,1,1,0,0,0,0,0
9056,198359,11,1,1033101,Soldiner Straße,2019,8,8,6,3,5,2,0,0,1,0,1,0,0,0
9057,198360,11,4,4031032,Halensee,2019,8,9,6,3,1,5,0,1,1,0,0,0,0,0
9058,198361,11,3,3061228,Erich-Weinert-Straße,2019,8,16,5,3,0,6,0,1,0,0,0,0,1,0
9059,198362,11,4,4030929,Hindemithplatz,2019,8,9,6,3,1,5,0,1,0,0,0,0,1,0
9060,198363,11,3,3061430,Volkspark Prenzlauer Berg,2019,8,9,5,2,5,2,0,1,1,0,0,0,0,0
9061,198364,11,7,7010104,Dennewitzplatz,2019,8,15,6,2,5,2,0,1,0,0,0,0,1,0
9062,198365,11,3,3061228,Erich-Weinert-Straße,2019,8,14,5,3,5,2,0,1,1,0,0,0,0,0
9063,198366,11,1,1044202,Sparrplatz,2019,8,15,6,3,0,1,0,0,0,0,1,0,0,0
9064,198367,11,2,2010102,Mehringplatz,2019,8,9,5,3,6,7,0,0,1,1,0,0,0,0
9065,198368,11,2,2040703,Wriezener Bahnhof/Entwicklungsgebiet,2019,8,9,6,3,5,3,0,1,1,0,0,0,0,0
9066,198369,11,4,4030930,George-Grosz-Platz,2019,8,18,5,3,6,2,0,0,1,1,0,0,0,0
9067,198370,11,1,1011104,Körnerstraße,2019,8,14,6,2,5,3,0,1,1,0,0,0,0,0
9068,198371,11,7,7050502,Fritz-Werner-Straße,2019,8,18,5,3,1,5,0,1,1,0,0,0,0,0
9069,198372,11,8,8010301,Reuterkiez,2019,8,23,5,3,2,2,2,0,1,0,0,0,0,0
9070,198373,11,6,6010209,Feuerbachstraße,2019,8,14,6,3,5,2,0,0,1,0,1,0,0,0
9071,198374,11,11,11051229,Rummelsburg,2019,8,22,5,3,0,1,2,1,0,0,0,0,0,0
9072,198375,11,8,8030830,Gropiusstadt Süd,2019,8,14,6,3,2,6,0,0,1,0,0,0,0,0
9073,198376,11,1,1011303,Alexanderplatzviertel,2019,8,22,5,3,2,6,2,0,1,0,1,0,0,0
9074,198377,11,5,5020625,Borkumer Straße,2019,8,20,5,3,2,6,0,0,1,0,0,0,0,0
9075,198378,11,6,6020303,Lankwitz Kirche,2019,8,14,6,3,0,6,0,1,0,0,0,0,0,0
9076,198379,11,12,12302109,Treuenbrietzener Straße,2019,8,20,5,3,6,7,1,0,1,1,0,0,0,0
9077,198380,11,3,3061227,Humannplatz,2019,8,9,6,3,5,3,0,1,1,0,0,0,0,0
9078,198381,11,1,1044202,Sparrplatz,2019,8,18,5,3,2,7,0,1,1,0,0,0,0,0
9079,198382,11,11,11020514,Große-Leege-Straße,2019,8,14,6,2,2,2,0,1,1,0,0,0,0,0
9080,198383,11,10,10040933,Mahlsdorf Süd,2019,8,17,5,3,0,7,0,1,0,0,0,0,0,0
9081,198384,11,6,6040703,Nikolassee,2019,8,13,6,2,0,3,0,1,0,0,1,0,0,0
9082,198385,11,1,1011204,Leipziger Straße,2019,8,17,5,3,1,1,0,0,1,0,1,0,0,0
9083,198386,11,1,1011305,Heine-Viertel West,2019,8,17,5,3,2,6,0,0,1,0,0,0,0,0
9084,198387,11,8,8020622,Parchimer Allee,2019,8,13,6,3,5,2,0,0,1,0,0,0,0,0
9085,198388,11,8,8041037,Alt-Rudow,2019,8,13,6,3,5,2,0,1,1,0,0,0,0,0
9086,198389,11,11,11051330,Karlshorst West,2019,8,17,5,3,0,6,0,1,0,0,0,0,0,0
9087,198390,11,3,3040818,Pankow Süd,2019,8,13,6,3,5,3,0,0,1,0,0,0,0,0
9088,198391,11,1,1044202,Sparrplatz,2019,8,16,5,3,5,3,0,1,1,0,0,0,0,0
9089,198392,11,7,7040405,Rathaus Tempelhof,2019,8,13,6,3,2,6,0,1,1,0,0,0,0,0
9090,198393,11,3,3040508,Rosenthal,2019,8,16,5,2,0,1,0,0,0,0,1,0,0,1
9091,198394,11,7,7040401,Neu-Tempelhof,2019,8,15,5,3,5,2,0,1,1,0,0,0,0,0
9092,198395,11,1,1011102,Großer Tiergarten,2019,8,8,6,3,2,6,0,1,1,0,0,0,0,0
9093,198396,11,1,1011201,Wilhelmstraße,2019,8,8,6,2,4,6,0,1,1,0,0,0,0,0
9094,198397,11,9,9020802,Köllnische Vorstadt,2019,8,15,5,3,0,6,0,1,1,0,0,0,0,0
9095,198398,11,7,7010102,Nollendorfplatz,2019,8,15,5,3,6,4,0,0,1,1,0,0,0,0
9096,198399,11,6,6010209,Feuerbachstraße,2019,8,7,6,3,5,3,0,1,1,0,0,0,0,0
9097,198400,11,9,9020502,Oberschöneweide Ost,2019,8,15,5,3,2,6,0,0,1,0,0,0,0,0
9098,198401,11,1,1022104,Emdener Straße,2019,8,7,6,3,4,4,0,1,0,1,0,0,0,0
9099,198402,11,1,1044201,Reinickendorfer Straße,2019,8,16,5,3,5,3,0,1,1,0,0,0,0,1
9100,198403,11,1,1011202,Unter den Linden Nord,2019,8,16,5,3,5,3,0,1,1,0,0,0,0,0
9101,198404,11,8,8020619,Buschkrugallee Nord,2019,8,7,6,3,1,4,0,0,1,1,1,0,0,0
9102,198405,11,3,3050920,Weißer See,2019,8,15,5,3,6,4,0,0,1,1,0,0,0,0
9103,198406,11,4,4020313,Königin-Elisabeth-Straße,2019,8,6,6,3,5,3,0,0,1,0,1,0,0,0
9104,198407,11,7,7010102,Nollendorfplatz,2019,8,15,5,3,5,7,0,1,1,0,0,0,0,0
9105,198408,11,5,5010314,Carl-Schurz-Straße,2019,8,6,6,3,5,2,0,1,1,0,0,0,0,0
9106,198409,11,2,3061435,Conrad-Blenkle-Straße,2019,8,14,5,2,6,4,0,0,1,1,0,0,0,0
9107,198410,11,3,3040818,Pankow Süd,2019,8,14,5,3,5,3,0,1,1,0,0,0,0,0
9108,198411,11,12,12301203,Wittenau Süd,2019,8,13,5,3,2,6,0,0,1,0,0,0,0,0
9109,198412,11,1,1011401,Invalidenstraße,2019,8,13,5,3,2,6,0,0,1,0,1,0,0,0
9110,198413,11,1,1022206,Lüneburger Straße,2019,8,23,5,3,2,6,2,0,1,0,0,0,0,0
9111,198414,11,12,12214125,Waldidyll/Flughafensee,2019,8,17,5,3,5,3,0,0,1,0,1,0,0,0
9112,198415,11,3,3040818,Pankow Süd,2019,8,12,5,3,2,6,0,0,1,0,0,0,0,0
9113,198416,11,1,1022106,Elberfelder Straße,2019,8,10,5,3,0,2,0,1,1,0,0,0,0,0
9114,198417,11,2,2010103,Moritzplatz,2019,8,17,5,3,5,2,0,1,1,0,0,0,0,0
9115,198418,11,6,6030504,Teltower Damm,2019,8,10,5,3,5,2,0,0,1,0,1,0,0,0
9116,198419,11,10,10010311,Landsberger Tor,2019,8,17,5,3,5,2,0,1,1,0,0,0,0,0
9117,198420,11,2,2030302,Lausitzer Platz,2019,8,10,5,3,2,6,0,0,1,0,0,0,0,0
9118,198421,11,12,12214424,Scharnweberstraße,2019,8,15,5,2,5,2,0,1,1,0,0,0,0,0
9119,198422,11,5,5010339,Freiheit,2019,8,16,5,3,5,3,0,0,1,0,0,0,0,0
9120,198423,11,11,11030721,Rüdigerstraße,2019,8,16,5,3,5,3,0,1,1,0,0,0,0,0
9121,198424,11,12,12224230,Heiligensee,2019,8,12,5,3,0,7,0,0,1,0,0,0,0,0
9122,198425,11,11,11030618,Fennpfuhl West,2019,8,17,5,2,0,1,0,0,0,0,1,0,0,0
9123,198426,11,2,2020204,Urbanstraße,2019,8,9,5,3,5,2,0,1,1,0,0,0,0,0
9124,198427,11,2,2050803,Stralauer Kiez,2019,8,16,5,3,0,4,0,1,0,1,0,0,0,0
9125,198428,11,7,7040405,Rathaus Tempelhof,2019,8,9,5,2,1,5,0,0,1,0,1,0,0,0
9126,198429,11,1,1011401,Invalidenstraße,2019,8,9,5,3,5,3,0,1,0,0,0,0,1,0
9127,198430,11,2,2040502,Friedenstraße,2019,8,16,5,3,5,2,0,0,1,0,1,0,0,0
9128,198431,11,4,4030623,Ernst-Reuter-Platz,2019,8,8,5,3,2,6,0,0,1,0,0,0,0,0
9129,198432,11,4,4030726,Droysenstraße,2019,8,16,5,3,2,6,0,0,1,0,0,0,1,0
9130,198433,11,7,7040401,Neu-Tempelhof,2019,8,8,5,3,2,6,0,1,1,0,0,0,0,0
9131,198434,11,5,5030730,Zitadellenweg,2019,8,16,5,3,2,6,0,0,1,0,0,0,0,0
9132,198435,11,9,9010402,Johannisthal Ost,2019,8,8,5,3,3,6,0,1,0,0,0,0,1,0
9133,198436,11,2,2020203,Viktoriapark,2019,8,15,5,2,5,3,0,1,0,0,1,0,0,0
9134,198437,11,12,12214424,Scharnweberstraße,2019,8,8,5,3,6,4,0,0,1,1,0,0,0,0
9135,198438,11,2,2020203,Viktoriapark,2019,8,7,5,3,0,1,0,1,0,0,0,0,0,0
9136,198439,11,10,10020413,Gut Hellersdorf,2019,8,15,5,3,2,6,0,0,1,0,0,0,0,0
9137,198440,11,1,1033102,Gesundbrunnen,2019,8,15,5,3,3,6,0,0,1,0,0,0,0,0
9138,198441,11,12,12231102,Frohnau,2019,8,7,5,3,5,3,0,1,1,0,0,0,0,0
9139,198442,11,8,8010212,Rollberg,2019,8,7,5,3,5,2,0,1,1,0,0,0,0,0
9140,198443,11,2,2030301,Oranienplatz,2019,8,23,5,2,6,6,2,0,1,1,0,0,0,0
9141,198444,11,3,3071638,Winsstraße,2019,8,7,5,3,1,5,0,1,1,0,0,0,0,0
9142,198445,11,2,2020206,Graefekiez,2019,8,22,5,3,1,5,2,1,1,0,1,0,0,0
9143,198446,11,9,9030901,Dorf Altglienicke,2019,8,5,5,3,5,3,0,1,1,0,0,0,0,0
9144,198447,11,1,1044103,Westliche Müllerstraße,2019,8,7,5,3,5,3,0,0,1,0,0,0,0,0
9145,198448,11,3,3040818,Pankow Süd,2019,8,10,5,3,2,6,0,1,1,0,0,0,0,0
9146,198449,11,8,8020622,Parchimer Allee,2019,8,7,5,3,2,6,0,0,1,0,1,0,0,0
9147,198450,11,1,1011203,Unter den Linden Süd,2019,8,18,4,2,6,4,1,1,0,1,0,0,0,0
9148,198451,11,4,4051654,Wilhelmsaue,2019,8,20,5,3,0,7,1,1,0,0,0,0,0,0