,object id,city,district,sub district key,street,year,month,hour of day,weekday,category,accident type,accident type 2,light situation,bike involved,car involved,pedestrian involved,motor bike involved,big track involved,other vehicle involved,road condition
9149,198452,11,4,4051652,Nikolsburger Platz,2019,8,8,4,3,5,3,0,0,1,0,0,0,0,0
9150,198453,11,1,1011203,Unter den Linden Süd,2019,8,18,4,3,6,4,1,1,0,1,0,0,0,0
9151,198454,11,11,2050803,Stralauer Kiez,2019,8,19,5,3,5,2,0,1,0,0,1,0,0,0
9152,198455,11,2,2010102,Mehringplatz,2019,8,12,4,3,5,2,0,1,0,0,0,0,1,0
9153,198456,11,3,3061434,Anton-Saefkow-Park,2019,8,18,5,2,5,3,0,1,0,0,0,0,0,0
9154,198457,11,6,6010103,Markelstraße,2019,8,9,4,3,2,7,0,0,1,0,0,0,0,0
9155,198458,11,6,6020301,Alt-Lankwitz,2019,8,18,5,3,2,6,0,0,1,0,0,0,0,0
9156,198459,11,6,6020304,Kaiser-Wilhelm-Straße,2019,8,12,4,3,0,6,0,1,1,0,0,0,0,0
9157,198460,11,2,2030401,Reichenberger Straße,2019,8,18,5,3,5,2,0,0,1,0,1,0,0,0
9158,198461,11,12,12214424,Scharnweberstraße,2019,8,21,4,2,1,5,2,0,1,0,1,0,0,0
9159,198462,11,10,10010309,Springpfuhl,2019,8,21,4,2,5,2,2,0,1,0,1,0,0,0
9160,198463,11,7,7040403,Manteuffelstraße,2019,8,14,5,3,2,6,0,0,1,0,0,0,1,0
9161,198464,11,4,4041134,Bismarckallee,2019,8,14,5,2,0,7,0,1,0,0,0,0,0,0
9162,198465,11,6,6030605,Botanischer Garten,2019,8,19,4,3,5,3,0,1,1,0,0,0,0,0
9163,198466,11,2,2030301,Oranienplatz,2019,8,18,4,3,5,3,0,1,0,0,0,0,1,0
9164,198467,11,6,6040804,Krumme Lanke,2019,8,14,5,3,0,5,0,0,0,0,1,0,1,0
9165,198468,11,4,4051445,Eisenzahnstraße,2019,8,18,4,3,5,3,0,1,1,0,0,0,0,0
9166,198469,11,8,8020728,Buckow Ost,2019,8,14,5,3,5,3,0,0,1,0,0,0,1,0
9167,198470,11,10,10010203,Gewerbegebiet Bitterfelder Straße,2019,8,19,4,2,1,1,0,0,1,0,1,0,0,0
9168,198471,11,7,7070703,John-Locke-Straße,2019,8,13,5,2,1,5,0,0,1,0,1,0,0,0
9169,198472,11,12,12103115,Breitkopfbecken,2019,8,16,4,2,0,7,0,0,1,1,0,0,0,0
9170,198473,11,1,1011302,Oranienburger Straße,2019,8,13,5,3,6,4,0,1,0,1,0,0,0,0
9171,198474,11,7,7040403,Manteuffelstraße,2019,8,18,4,3,5,2,0,1,1,0,0,0,0,0
9172,198475,11,9,9051901,Dammvorstadt,2019,8,12,5,3,3,6,0,0,1,0,0,0,0,0
9173,198476,11,1,1011301,Charitéviertel,2019,8,17,4,3,0,5,0,1,1,0,0,0,0,0
9174,198477,11,4,4041137,Flinsberger Platz,2019,8,10,5,3,2,6,0,0,1,0,0,0,1,0
9175,198478,11,2,2040703,Wriezener Bahnhof/Entwicklungsgebiet,2019,8,9,5,3,3,6,0,1,1,0,0,0,0,0
9176,198479,11,8,8010212,Rollberg,2019,8,9,5,3,5,2,0,1,1,0,0,0,0,0
9177,198480,11,6,6010103,Markelstraße,2019,8,8,5,3,2,6,0,1,1,0,0,0,0,0
9178,198481,11,1,1011302,Oranienburger Straße,2019,8,8,5,3,2,6,0,0,1,0,1,1,0,0
9179,198482,11,3,3030715,Heinersdorf,2019,8,7,5,3,5,3,0,1,1,0,0,0,0,0
9180,198483,11,2,2020206,Graefekiez,2019,8,7,5,3,2,6,0,0,1,0,0,0,0,0
9181,198484,11,2,2010102,Mehringplatz,2019,8,7,5,3,5,2,0,1,1,0,0,0,0,0
9182,198485,11,9,9052001,Köpenick Nord,2019,8,7,5,3,5,2,0,1,1,0,0,0,0,0
9183,198486,11,11,11010206,Wartenberg Süd,2019,8,18,5,2,1,1,0,0,1,0,1,0,0,0
9184,198487,11,9,9051702,Bölschestraße,2019,8,16,5,2,0,3,0,0,1,0,1,0,0,0
9185,198488,11,6,6030606,Hindenburgdamm,2019,8,10,5,2,1,5,0,1,1,0,0,0,0,0
9186,198489,11,7,7010104,Dennewitzplatz,2019,8,14,5,2,0,1,0,1,0,0,0,0,0,0
9187,198490,11,5,5020628,Graetschelsteig,2019,8,14,5,2,5,3,0,0,1,0,0,0,0,0
9188,198491,11,5,5020420,Werkstraße,2019,8,13,5,2,5,3,0,0,1,0,1,0,0,0
9189,198492,11,8,8041037,Alt-Rudow,2019,8,9,5,2,5,3,0,0,1,0,1,0,0,0
9190,198493,11,2,2030302,Lausitzer Platz,2019,8,7,5,2,2,6,0,0,1,0,1,0,0,0
9191,198494,11,1,1044203,Leopoldplatz,2019,8,12,5,3,3,6,0,0,1,0,0,0,0,0
9192,198495,11,7,7010104,Dennewitzplatz,2019,8,5,5,3,1,5,2,1,1,0,0,0,0,0
9193,198496,11,5,5010314,Carl-Schurz-Straße,2019,8,13,5,3,1,5,0,1,1,0,0,0,0,0
9194,198497,11,3,3040818,Pankow Süd,2019,8,7,4,3,6,4,0,1,0,1,0,0,0,0
9195,198498,11,8,8010404,Rixdorf,2019,8,8,4,3,6,4,0,1,0,1,0,0,0,0
9196,198499,11,6,6040808,Hüttenweg,2019,8,21,4,3,1,5,2,1,1,0,0,0,0,0
9197,198500,11,1,1011102,Großer Tiergarten,2019,8,20,4,3,0,7,1,0,0,0,1,0,1,1
9198,198501,11,5,5010207,Darbystraße,2019,8,20,4,3,0,2,0,0,1,0,1,0,0,0
9199,198502,11,7,7020203,Kaiser-Wilhelm-Platz,2019,8,18,4,3,0,3,0,0,1,0,1,0,0,0
9200,198503,11,3,3061429,Greifswalder Straße,2019,8,17,4,3,6,4,0,1,0,1,0,0,0,0
9201,198504,11,2,2020206,Graefekiez,2019,8,18,4,3,3,6,0,1,1,0,0,0,0,0
9202,198505,11,1,1033203,Humboldthain Nordwest,2019,8,18,4,3,2,6,0,0,1,0,1,0,0,0
9203,198506,11,10,10040931,Mahlsdorf Nord,2019,8,17,4,3,1,5,0,1,1,0,0,0,0,0
9204,198507,11,11,11051229,Rummelsburg,2019,8,17,4,3,5,2,0,1,0,0,0,0,1,0
9205,198508,11,3,3050925,Komponistenviertel Weißensee,2019,8,15,4,3,6,2,0,0,1,1,0,0,0,0
9206,198509,11,2,2050601,Hausburgviertel,2019,8,17,4,3,5,3,0,1,1,0,0,0,0,0
9207,198510,11,4,4030622,Richard-Wagner-Straße,2019,8,16,4,3,2,6,0,0,1,0,0,0,1,0
9208,198511,11,12,12214421,Reinickes Hof,2019,8,17,4,3,5,2,0,1,1,0,0,0,0,0
9209,198512,11,2,2050802,Boxhagener Platz,2019,8,16,4,3,2,6,0,0,0,0,0,0,1,0
9210,198513,11,2,2040502,Friedenstraße,2019,8,16,4,3,0,3,0,0,1,0,1,0,0,0
9211,198514,11,8,8020625,Handwerker-Siedlung,2019,8,16,4,3,5,3,0,0,1,0,0,0,0,0
9212,198515,11,4,4051654,Wilhelmsaue,2019,8,15,4,3,6,4,0,1,0,1,0,0,0,0
9213,198516,11,6,6030605,Botanischer Garten,2019,8,15,4,3,0,1,0,1,0,0,0,0,0,0
9214,198517,11,8,8020619,Buschkrugallee Nord,2019,8,15,4,3,5,2,0,0,1,0,0,0,0,0
9215,198518,11,1,1022106,Elberfelder Straße,2019,8,15,4,3,0,6,0,0,1,0,1,0,0,0
9216,198519,11,3,3061441,Eldenaer Straße,2019,8,15,4,3,5,3,0,1,0,0,0,0,0,0
9217,198520,11,9,9020702,Adlershof Ost,2019,8,14,4,3,0,1,0,1,0,0,0,0,0,0
9218,198521,11,9,9020501,Oberschöneweide West,2019,8,14,4,3,5,7,0,0,1,0,1,0,0,0
9219,198522,11,1,1044102,Schillerpark,2019,8,14,4,3,1,5,0,0,1,0,0,0,0,0
9220,198523,11,9,9051701,Hirschgarten,2019,8,14,4,3,5,3,0,0,1,0,0,0,1,0
9221,198524,11,1,1044203,Leopoldplatz,2019,8,13,4,3,5,3,0,0,1,0,0,0,0,0
9222,198525,11,4,4041137,Flinsberger Platz,2019,8,13,4,3,2,6,0,0,1,0,0,0,0,0
9223,198526,11,8,8010115,Hasenheide,2019,8,13,4,3,5,2,0,1,1,0,0,0,0,0
9224,198527,11,5,5030731,Gartenfelder Straße,2019,8,12,4,3,6,4,0,1,0,1,0,0,0,0
9225,198528,11,1,1033101,Soldiner Straße,2019,8,12,4,3,1,5,0,1,1,0,0,0,0,0
9226,198529,11,2,2020204,Urbanstraße,2019,8,11,4,3,5,3,0,1,1,0,0,0,0,0
9227,198530,11,1,1011401,Invalidenstraße,2019,8,11,4,3,6,4,0,0,0,1,0,0,1,0
9228,198531,11,8,8010117,Schillerpromenade,2019,8,10,4,3,2,6,0,0,1,0,1,0,0,0
9229,198532,11,4,4051655,Babelsberger Straße,2019,8,10,4,3,5,2,0,1,1,0,0,0,0,0
9230,198533,11,4,4041239,Stadion Wilmersdorf,2019,8,10,4,3,5,2,0,1,0,0,0,0,1,0
9231,198534,11,1,1011302,Oranienburger Straße,2019,8,9,4,3,5,2,0,1,1,0,0,0,0,0
9232,198535,11,12,12304314,Ziekowstraße/Freie Scholle,2019,8,9,4,3,4,6,0,1,0,0,0,0,0,0
9233,198536,11,3,3061430,Volkspark Prenzlauer Berg,2019,8,8,4,3,6,4,0,0,1,1,0,0,0,0
9234,198537,11,1,1044101,Rehberge,2019,8,8,4,3,2,7,0,0,1,0,0,0,0,0
9235,198538,11,1,1033203,Humboldthain Nordwest,2019,8,7,4,3,6,4,0,1,0,1,0,0,0,0
9236,198539,11,1,1033102,Gesundbrunnen,2019,8,7,4,3,1,5,0,1,0,0,0,0,1,0
9237,198540,11,5,5030731,Gartenfelder Straße,2019,8,7,4,3,3,6,0,0,1,0,0,1,0,0
9238,198541,11,7,7040404,Marienhöhe,2019,8,1,4,3,8,1,2,0,1,0,0,0,0,0
9239,198542,11,8,8010211,Flughafenstraße,2019,8,1,4,3,5,2,2,0,1,0,0,0,0,0
9240,198543,11,1,1022206,Lüneburger Straße,2019,8,20,4,3,5,2,1,1,1,0,0,0,0,0
9241,198544,11,2,2050803,Stralauer Kiez,2019,8,12,4,3,0,2,0,1,1,0,0,0,0,0
9242,198545,11,5,5010314,Carl-Schurz-Straße,2019,8,17,4,2,5,3,0,1,1,0,0,0,0,0
9243,198546,11,9,9020601,Schnellerstraße,2019,8,14,4,2,3,6,0,1,0,0,0,0,0,0
9244,198547,11,1,1044102,Schillerpark,2019,8,12,4,2,6,4,0,0,0,1,1,0,0,0
9245,198548,11,10,10040829,Alt-Kaulsdorf,2019,8,7,4,2,5,3,0,1,1,0,0,0,0,0
9246,198549,11,11,11020412,Hauptstraße,2019,8,6,4,2,5,3,0,1,1,0,0,0,0,0
9247,198550,11,4,4030519,Kaiserin-Augusta-Allee,2019,8,8,3,3,2,2,0,0,1,0,1,0,0,0
9248,198551,11,6,6030608,Schweizer Viertel,2019,8,7,3,3,5,2,0,1,1,0,0,0,0,0
9249,198552,11,4,4030518,Tegeler Weg,2019,8,20,3,3,5,3,2,0,1,0,0,0,1,0
9250,198553,11,1,1011304,Karl-Marx-Allee,2019,8,19,3,3,0,1,1,1,0,0,0,0,0,0
9251,198554,11,4,4020311,Reichsstraße,2019,8,19,3,3,1,5,1,1,1,0,0,0,0,0
9252,198555,11,3,3061228,Erich-Weinert-Straße,2019,8,19,3,3,3,6,0,1,0,0,0,0,0,0
9253,198556,11,1,1011301,Charitéviertel,2019,8,18,3,3,0,1,0,1,0,0,0,0,0,0
9254,198557,11,1,1011303,Alexanderplatzviertel,2019,8,18,3,3,1,5,0,1,1,0,0,0,1,0
9255,198558,11,1,1011301,Charitéviertel,2019,8,17,3,3,6,2,0,0,1,1,0,0,0,0
9256,198559,11,3,3020210,Herthaplatz,2019,8,17,3,3,5,3,0,0,1,0,1,0,0,0
9257,198560,11,1,1044202,Sparrplatz,2019,8,17,3,3,2,6,0,1,1,0,0,0,0,0
9258,198561,11,4,4030725,Amtsgerichtsplatz,2019,8,17,3,3,6,4,0,0,1,1,0,0,0,0
9259,198562,11,8,8030829,Gropiusstadt Nord,2019,8,17,3,3,2,6,0,0,1,0,0,0,0,0
9260,198563,11,4,4030623,Ernst-Reuter-Platz,2019,8,16,3,3,5,3,0,1,1,0,0,0,0,0
9261,198564,11,9,9030901,Dorf Altglienicke,2019,8,16,3,3,5,2,0,0,1,0,0,0,0,0
9262,198565,11,4,4041241,Breite Straße,2019,8,16,3,3,5,2,0,1,1,0,0,0,0,0
9263,198566,11,7,7040401,Neu-Tempelhof,2019,8,16,3,3,5,2,0,1,1,0,0,0,0,0
9264,198567,11,10,10030724,Oberfeldstraße,2019,8,15,3,3,1,5,0,1,1,0,0,0,0,0
9265,198568,11,4,4030417,Schloßstraße,2019,8,9,3,3,5,2,0,1,1,0,0,0,0,0
9266,198569,11,7,7010104,Dennewitzplatz,2019,8,12,1,2,0,7,0,1,0,0,0,0,0,0
9267,198570,11,1,1044203,Leopoldplatz,2019,8,4,3,3,5,3,2,0,1,0,0,0,0,1
9268,198571,11,3,3030711,Blankenburg,2019,8,15,3,3,0,3,0,0,1,0,1,0,0,0
9269,198572,11,7,7030303,Grazer Platz,2019,8,14,3,3,0,5,0,1,1,0,0,0,0,0
9270,198573,11,7,7040405,Rathaus Tempelhof,2019,8,14,3,3,5,3,0,0,1,0,0,0,1,0
9271,198574,11,1,1011104,Körnerstraße,2019,8,14,3,3,5,2,0,1,1,0,0,0,0,0
9272,198575,11,8,8041038,Waßmannsdorfer Chaussee,2019,8,14,3,3,6,4,0,0,1,1,0,0,0,0
9273,198576,11,10,10020517,Adele-Sandrock-Straße,2019,8,13,3,3,5,2,0,1,1,0,0,0,0,0
9274,198577,11,1,1011301,Charitéviertel,2019,8,12,3,3,5,3,0,0,1,0,1,0,0,0
9275,198578,11,4,4010102,Plötzensee,2019,8,12,3,3,2,6,0,0,1,0,0,0,0,0
9276,198579,11,3,3050919,Gustav-Adolf-Straße,2019,8,12,3,3,2,6,0,0,1,0,0,0,0,0
9277,198580,11,1,1044203,Leopoldplatz,2019,8,5,3,3,5,3,1,1,1,0,0,0,0,0
9278,198581,11,7,7020204,Schöneberger Insel,2019,8,11,3,3,3,6,0,1,0,0,0,0,1,0
9279,198582,11,4,4020311,Reichsstraße,2019,8,11,3,3,5,3,0,0,1,0,0,0,0,0
9280,198583,11,6,6020411,Schütte-Lanz-Straße,2019,8,10,3,3,5,3,0,1,1,0,0,0,0,0
9281,198584,11,7,7030301,Friedenau,2019,8,10,3,3,4,6,0,1,0,0,0,0,0,0
9282,198585,11,9,9030901,Dorf Altglienicke,2019,8,9,3,3,5,3,0,0,1,0,0,1,0,0
9283,198586,11,6,6030607,Goerzwerke,2019,8,9,3,3,6,4,0,1,0,1,0,0,0,0
9284,198587,11,3,3040513,Schönholz,2019,8,8,3,3,5,2,0,0,1,0,1,0,0,0
9285,198588,11,1,1022104,Emdener Straße,2019,8,8,3,3,5,7,0,0,1,0,1,0,0,0
9286,198589,11,7,7030303,Grazer Platz,2019,8,7,3,3,6,4,0,1,0,1,0,0,0,0
9287,198590,11,4,4030726,Droysenstraße,2019,8,8,3,3,3,6,0,1,0,0,0,0,1,0
9288,198591,11,8,8041037,Alt-Rudow,2019,8,7,3,3,5,2,0,1,0,0,0,0,1,0
9289,198592,11,3,3030406,Alt-Karow,2019,8,7,3,3,5,2,0,1,0,0,0,0,0,0
9290,198593,11,1,1011306,Heine-Viertel Ost,2019,8,7,3,3,5,5,0,1,1,0,0,0,0,0
9291,198594,11,1,3071537,Kollwitzplatz,2019,8,6,3,3,3,6,0,0,1,0,1,0,0,0
9292,198595,11,11,11030721,Rüdigerstraße,2019,8,16,3,2,0,3,0,1,0,0,0,0,0,0
9293,198596,11,10,10010102,Havemannstraße,2019,8,6,3,3,5,2,1,1,0,0,0,0,1,0
9294,198597,11,12,12304313,Borsigwalde,2019,8,13,3,2,8,6,0,0,1,0,0,0,0,0
9295,198598,11,9,9010401,Johannisthal West,2019,8,9,3,2,1,5,0,1,0,0,0,0,1,0
9296,198599,11,2,2030301,Oranienplatz,2019,8,9,3,3,1,5,0,1,1,0,0,0,1,0
9297,198600,11,7,7030303,Grazer Platz,2019,8,10,3,3,2,6,0,0,1,0,0,0,0,0
9298,198601,11,12,12103117,Letteplatz,2019,8,15,2,3,6,4,0,0,0,1,1,0,0,0
9299,198602,11,6,6040804,Krumme Lanke,2019,8,18,2,3,6,7,0,1,0,1,0,0,0,0
9300,198603,11,6,6030504,Teltower Damm,2019,8,18,2,3,2,6,0,1,1,0,0,0,0,0
9301,198604,11,12,12103219,Schäfersee,2019,8,17,2,3,5,2,0,1,0,0,0,0,1,0
9302,198605,11,2,2030301,Oranienplatz,2019,8,17,2,3,5,3,0,1,1,0,0,0,0,0
9303,198606,11,3,3061441,Eldenaer Straße,2019,8,17,2,3,2,7,0,0,1,0,0,0,0,0
9304,198607,11,6,6030504,Teltower Damm,2019,8,16,2,3,2,6,0,1,1,0,0,0,0,0
9305,198608,11,7,7030301,Friedenau,2019,8,16,2,3,0,7,0,1,0,0,0,0,0,0
9306,198609,11,1,1022102,Beusselkiez,2019,8,16,2,3,5,3,0,1,0,0,0,0,0,0
9307,198610,11,4,4041136,Hagenplatz,2019,8,16,2,3,1,5,0,0,1,0,0,0,0,0
9308,198611,11,11,11041128,Sewanstraße,2019,8,10,2,3,0,7,0,1,0,0,0,0,0,0
9309,198612,11,1,1044201,Reinickendorfer Straße,2019,9,12,2,3,0,4,0,0,0,1,0,0,1,0
9310,198613,11,1,1033102,Gesundbrunnen,2019,8,20,2,3,5,3,2,1,1,0,0,0,0,0
9311,198614,11,9,9010402,Johannisthal Ost,2019,9,15,2,3,5,3,0,1,1,0,0,0,0,0
9312,198615,11,11,11030721,Rüdigerstraße,2019,9,7,2,3,3,2,0,1,1,0,0,0,0,0
9313,198616,11,11,11010310,Mühlengrund,2019,8,16,2,3,2,6,0,0,1,0,0,0,1,0
9314,198617,11,2,2050801,Traveplatz,2019,8,15,2,3,5,2,0,1,0,0,1,0,0,0
9315,198618,11,4,4051445,Eisenzahnstraße,2019,9,11,2,3,2,2,0,0,1,0,0,1,0,0
9316,198619,11,6,6040808,Hüttenweg,2019,9,11,2,3,2,6,0,0,1,0,1,0,0,0
9317,198620,11,10,10020517,Adele-Sandrock-Straße,2019,8,15,2,3,2,6,0,0,1,0,0,0,0,0
9318,198621,11,6,6020301,Alt-Lankwitz,2019,9,10,2,2,2,6,0,0,1,0,0,0,0,0
9319,198622,11,9,9020802,Köllnische Vorstadt,2019,8,15,2,3,0,3,0,1,1,0,0,0,0,0
9320,198623,11,1,1033202,Humboldthain Süd,2019,9,11,2,3,2,2,0,0,1,0,0,0,0,0
9321,198624,11,1,1033102,Gesundbrunnen,2019,8,15,2,3,2,6,0,0,1,0,0,0,1,0
9322,198625,11,8,8041036,Zittauer Straße,2019,9,11,2,3,5,3,0,0,1,0,0,0,0,0
9323,198626,11,5,5010101,Hakenfelde Nord,2019,8,15,2,3,5,3,0,1,1,0,0,0,0,0
9324,198627,11,12,12214424,Scharnweberstraße,2019,9,11,2,3,3,6,0,0,1,0,0,0,0,0
9325,198628,11,7,7010104,Dennewitzplatz,2019,9,7,2,3,2,7,0,0,0,0,1,0,1,0
9326,198629,11,6,6030608,Schweizer Viertel,2019,8,14,2,3,0,1,0,1,0,0,0,0,0,0
9327,198630,11,4,4030621,Spreestadt,2019,8,12,2,3,5,3,0,1,1,0,0,0,0,0
9328,198631,11,9,9051901,Dammvorstadt,2019,9,10,2,3,0,1,0,1,0,0,0,0,0,0
9329,198632,11,1,1011203,Unter den Linden Süd,2019,8,11,2,3,2,6,0,1,1,0,0,0,0,0
9330,198633,11,1,1011203,Unter den Linden Süd,2019,9,7,2,3,1,5,0,1,1,0,0,0,0,0
9331,198634,11,2,2050602,Samariterviertel,2019,8,13,2,3,5,3,0,1,1,0,0,0,0,0
9332,198635,11,9,9010401,Johannisthal West,2019,9,14,2,3,5,3,0,1,1,0,0,0,0,0
9333,198636,11,6,6040807,Zehlendorf Eiche,2019,8,11,2,2,5,2,0,1,1,0,0,0,0,0
9334,198637,11,1,1011401,Invalidenstraße,2019,9,10,2,3,0,1,0,1,1,0,0,0,0,0
9335,198638,11,11,11030619,Fennpfuhl Ost,2019,8,10,2,3,0,6,0,0,1,0,1,0,0,0
9336,198639,11,10,10040933,Mahlsdorf Süd,2019,9,10,2,3,2,6,0,0,0,0,1,1,0,0
9337,198640,11,1,1011102,Großer Tiergarten,2019,9,14,2,3,5,3,0,0,1,0,1,0,0,0
9338,198641,11,2,2050801,Traveplatz,2019,8,10,2,3,5,5,0,1,0,0,0,0,1,0
9339,198642,11,2,2010104,Wassertorplatz,2019,9,10,2,3,5,3,0,0,1,0,0,0,1,0
9340,198643,11,8,8041035,Blumenviertel,2019,8,9,2,3,5,3,0,0,1,0,0,0,0,0
9341,198644,11,10,10030727,Biesdorf Süd,2019,9,9,2,3,2,6,0,1,1,0,0,0,0,0
9342,198645,11,1,1022204,Thomasiusstraße,2019,9,9,2,2,5,2,0,0,1,0,1,0,0,0
9343,198646,11,4,4030623,Ernst-Reuter-Platz,2019,8,9,2,3,0,1,0,1,0,0,0,0,0,0
9344,198647,11,4,4020311,Reichsstraße,2019,9,9,2,2,6,7,0,0,0,1,0,0,1,0
9345,198648,11,12,12214422,Klixstraße,2019,8,8,2,3,1,1,0,0,1,0,0,0,0,0
9346,198649,11,4,4051653,Prager Platz,2019,9,8,2,3,2,6,0,0,1,0,1,0,0,0
9347,198650,11,2,2010104,Wassertorplatz,2019,8,8,2,3,2,6,0,0,1,0,0,0,0,0
9348,198651,11,9,9041501,Altstadt Kietz,2019,9,8,2,2,2,6,0,0,1,0,0,0,0,0
9349,198652,11,4,4051446,Preußenpark,2019,8,7,2,3,5,2,0,1,1,0,0,0,0,0
9350,198653,11,4,4030417,Schloßstraße,2019,9,8,2,3,5,2,0,1,1,0,0,0,0,0
9351,198654,11,7,7030303,Grazer Platz,2019,9,10,2,2,9,7,0,0,1,0,0,0,0,0
9352,198655,11,6,6020410,Oberhofer Platz,2019,8,7,2,3,5,2,0,1,1,0,0,0,0,0
9353,198656,11,2,2040701,Andreasviertel,2019,8,5,2,3,5,2,1,0,1,0,1,0,0,0
9354,198657,11,2,2020204,Urbanstraße,2019,9,13,1,3,6,7,0,0,0,1,0,0,1,0
9355,198658,11,2,2050802,Boxhagener Platz,2019,8,0,2,3,0,1,2,0,0,0,1,0,0,0
9356,198659,11,3,3071537,Kollwitzplatz,2019,9,0,1,3,5,3,2,0,1,0,0,0,1,0
9357,198660,11,3,3040614,Pankow Zentrum,2019,8,23,2,3,0,1,2,1,0,0,0,0,0,1
9358,198661,11,6,6030607,Goerzwerke,2019,9,17,1,2,6,4,0,0,1,1,0,0,0,0
9359,198662,11,1,1044203,Leopoldplatz,2019,8,21,2,3,5,3,2,1,1,0,0,0,0,1
9360,198663,11,1,1044202,Sparrplatz,2019,9,20,1,3,6,4,2,1,0,1,0,0,0,0
9361,198664,11,4,4020313,Königin-Elisabeth-Straße,2019,9,18,1,3,5,2,0,1,1,0,0,0,0,0
9362,198665,11,11,11041023,Gensinger Straße,2019,8,20,2,3,0,7,1,1,1,0,0,0,0,1
9363,198666,11,8,8010303,Donaustraße,2019,9,18,1,3,0,6,0,0,1,0,0,0,1,0
9364,198667,11,6,6010205,Südende,2019,8,19,2,3,1,5,2,1,0,0,0,0,1,1
9365,198668,11,10,10010102,Havemannstraße,2019,9,17,1,3,5,2,0,0,1,0,0,0,0,0
9366,198669,11,5,5030730,Zitadellenweg,2019,8,18,2,3,3,2,0,0,1,0,0,1,0,0
9367,198670,11,10,10010311,Landsberger Tor,2019,9,16,1,3,6,6,0,1,0,1,0,0,0,0
9368,198671,11,12,12103116,Hausotterplatz,2019,8,22,2,2,5,3,2,0,1,0,0,0,1,1
9369,198672,11,11,11041128,Sewanstraße,2019,9,11,1,3,5,3,0,1,1,0,0,0,0,0
9370,198673,11,2,2010102,Mehringplatz,2019,9,11,1,3,5,3,0,1,1,0,0,0,0,0
9371,198674,11,2,2050801,Traveplatz,2019,8,20,2,2,1,1,2,0,1,0,1,0,0,1
9372,198675,11,5,5030730,Zitadellenweg,2019,9,10,1,3,5,2,0,1,1,0,0,0,0,0
9373,198676,11,5,5010313,Ackerstraße,2019,8,20,2,2,5,2,1,0,1,0,1,0,0,1
9374,198677,11,1,1011301,Charitéviertel,2019,9,10,1,3,1,5,0,1,1,0,0,0,0,0
9375,198678,11,10,10020414,Helle Mitte,2019,8,17,2,3,3,6,0,0,1,0,1,0,0,0
9376,198679,11,9,9010301,Baumschulenstraße,2019,9,8,1,3,2,6,0,0,1,0,0,0,0,0
9377,198680,11,3,3020307,Buchholz,2019,8,14,2,2,3,6,0,1,0,0,0,0,1,0
9378,198681,11,2,2050801,Traveplatz,2019,8,22,7,3,2,6,2,0,1,0,1,0,0,0
9379,198682,11,1,1011302,Oranienburger Straße,2019,8,21,7,2,5,3,2,1,0,0,0,0,1,0
9380,198683,11,8,8010212,Rollberg,2019,8,13,2,2,2,6,0,1,1,0,0,0,0,0
9381,198684,11,4,4030620,Alt-Lietzow,2019,8,8,2,2,3,6,0,1,1,0,0,0,0,0
9382,198685,11,2,2050801,Traveplatz,2019,8,21,7,3,0,1,2,0,0,0,1,0,0,0
9383,198686,11,3,3040512,Wilhelmsruh,2019,8,20,7,3,1,5,1,0,1,0,0,0,0,0
9384,198687,11,7,7070702,Alt-Lichtenrade/Töpchiner Weg,2019,8,5,2,3,0,3,1,0,1,0,1,0,0,0
9385,198688,11,11,11010205,Falkenberg West,2019,8,19,7,2,0,7,1,0,0,1,0,0,1,0
9386,198689,11,1,1011201,Wilhelmstraße,2019,8,7,2,3,6,2,0,1,0,1,0,0,0,0
9387,198690,11,4,4041238,Kissinger Straße,2019,8,18,7,3,5,3,0,0,1,0,0,0,0,0
9388,198691,11,8,8020620,Tempelhofer Weg,2019,8,18,7,2,5,3,0,1,0,0,0,0,1,0
9389,198692,11,8,8010118,Silbersteinstraße,2019,8,13,1,3,2,6,0,0,1,0,1,0,0,0
9390,198693,11,8,8010214,Glasower Straße,2019,8,17,7,3,1,5,0,1,0,0,0,0,1,0
9391,198694,11,10,10040830,Kaulsdorf Süd,2019,8,17,7,3,5,2,0,1,1,0,0,0,0,0
9392,198695,11,6,6040810,Dahlem,2019,8,8,1,3,5,2,0,1,1,0,0,0,0,0
9393,198696,11,4,4030931,Breitscheidplatz,2019,8,17,7,3,2,6,0,1,1,0,0,0,0,0
9394,198697,11,4,4030931,Breitscheidplatz,2019,8,23,1,3,2,6,2,0,1,0,0,0,0,0
9395,198698,11,11,11010204,Falkenberg Ost,2019,8,16,7,2,5,3,0,0,1,0,1,0,0,0
9396,198699,11,1,1044103,Westliche Müllerstraße,2019,8,15,7,3,5,3,0,1,0,0,1,0,0,0
9397,198700,11,1,1022106,Elberfelder Straße,2019,8,22,1,3,5,3,2,1,0,0,1,0,0,0
9398,198701,11,1,1011306,Heine-Viertel Ost,2019,8,14,7,3,0,1,0,0,0,0,1,0,0,0
9399,198702,11,6,6010209,Feuerbachstraße,2019,8,19,1,3,0,2,0,1,1,0,0,0,0,0
9400,198703,11,1,1033102,Gesundbrunnen,2019,8,13,7,3,5,3,0,1,1,0,0,0,0,0
9401,198704,11,1,1011101,Stülerstraße,2019,8,18,1,3,1,5,0,1,1,0,0,0,0,0
9402,198705,11,8,8020727,Buckow Mitte,2019,8,13,7,3,6,4,0,1,0,1,0,0,0,0
9403,198706,11,4,4051446,Preußenpark,2019,8,13,7,3,2,6,0,0,1,0,0,0,0,0