,object id,city,district,sub district key,street,year,month,hour of day,weekday,category,accident type,accident type 2,light situation,bike involved,car involved,pedestrian involved,motor bike involved,big track involved,other vehicle involved,road condition
9404,198707,11,5,5010206,Gütersloher Weg,2019,8,17,1,3,5,2,0,0,1,0,1,0,0,0
9405,198708,11,12,12301204,Wittenau Nord,2019,8,17,1,3,0,1,0,0,0,0,1,0,0,0
9406,198709,11,2,2010102,Mehringplatz,2019,8,13,7,3,1,5,0,1,1,0,0,0,0,0
9407,198710,11,8,8020620,Tempelhofer Weg,2019,8,13,7,3,2,6,0,0,1,0,0,0,0,0
9408,198711,11,6,6030504,Teltower Damm,2019,8,17,1,3,2,6,0,0,1,0,1,0,0,0
9409,198712,11,1,1044201,Reinickendorfer Straße,2019,8,13,7,3,1,6,0,0,1,0,0,0,0,0
9410,198713,11,6,6010103,Markelstraße,2019,8,15,1,3,5,3,0,0,1,0,1,0,0,0
9411,198714,11,1,1033102,Gesundbrunnen,2019,8,12,7,3,2,6,0,0,1,0,0,0,0,0
9412,198715,11,2,2030302,Lausitzer Platz,2019,8,12,7,3,2,6,0,0,1,0,0,0,0,0
9413,198716,11,9,9020502,Oberschöneweide Ost,2019,8,14,1,3,1,6,0,0,1,0,1,0,0,0
9414,198717,11,8,8010301,Reuterkiez,2019,8,11,7,3,3,6,0,1,1,0,0,0,0,0
9415,198718,11,12,12302107,Schorfheidestraße,2019,8,10,7,3,2,2,0,0,1,0,1,0,0,0
9416,198719,11,4,4020311,Reichsstraße,2019,8,14,1,3,3,6,0,0,1,0,1,0,0,0
9417,198720,11,2,3061441,Eldenaer Straße,2019,8,9,7,3,1,6,0,1,1,0,0,0,0,0
9418,198721,11,1,1011201,Wilhelmstraße,2019,8,14,1,3,6,2,0,1,0,1,0,0,0,0
9419,198722,11,3,3040818,Pankow Süd,2019,8,8,7,3,1,5,0,1,1,0,0,0,0,0
9420,198723,11,9,9010301,Baumschulenstraße,2019,8,7,7,2,5,2,0,0,1,0,0,0,0,0
9421,198724,11,10,10010205,Marzahn Ost,2019,8,21,1,2,0,1,2,1,0,0,0,0,0,0
9422,198725,11,1,1011304,Karl-Marx-Allee,2019,8,11,1,3,5,7,0,0,1,0,0,0,1,0
9423,198726,11,1,1011102,Großer Tiergarten,2019,8,4,7,3,8,1,2,0,1,0,0,0,0,0
9424,198727,11,7,7060601,Marienfelder Allee Nordwest,2019,8,12,7,3,6,7,0,0,1,1,0,0,0,0
9425,198728,11,2,2040502,Friedenstraße,2019,8,10,1,3,5,2,0,0,1,0,0,0,0,0
9426,198729,11,2,2030301,Oranienplatz,2019,8,0,7,2,6,4,2,1,0,1,0,0,0,0
9427,198730,11,12,12214527,Alt-Tegel,2019,8,3,1,3,0,1,2,1,0,0,0,0,0,0
9428,198731,11,5,5010314,Carl-Schurz-Straße,2019,8,0,1,3,5,3,2,1,1,0,0,0,0,0
9429,198732,11,4,4030725,Amtsgerichtsplatz,2019,8,13,7,3,5,2,0,1,1,0,0,0,0,0
9430,198733,11,7,7040405,Rathaus Tempelhof,2019,8,18,6,3,5,3,0,1,0,0,0,0,0,0
9431,198734,11,11,11030721,Rüdigerstraße,2019,8,22,7,2,0,1,2,1,0,0,0,0,0,0
9432,198735,11,4,4030931,Breitscheidplatz,2019,8,23,6,3,6,7,2,0,1,1,0,0,0,0
9433,198736,11,2,2020206,Graefekiez,2019,8,22,7,3,2,7,2,1,1,0,0,0,0,0
9434,198737,11,8,8010212,Rollberg,2019,8,21,6,2,5,3,2,1,1,0,0,0,0,0
9435,198738,11,11,11051229,Rummelsburg,2019,8,10,7,3,0,7,0,1,0,0,0,0,0,0
9436,198739,11,3,3061429,Greifswalder Straße,2019,8,19,6,3,5,3,0,1,1,0,0,0,0,0
9437,198740,11,7,7010104,Dennewitzplatz,2019,8,18,7,3,5,3,0,0,1,0,0,0,0,0
9438,198741,11,4,4020312,Branitzer Platz,2019,8,19,6,3,5,3,0,1,1,0,0,0,0,0
9439,198742,11,12,12214424,Scharnweberstraße,2019,8,18,7,3,2,6,0,0,1,0,0,0,0,0
9440,198743,11,6,6020411,Schütte-Lanz-Straße,2019,8,18,6,3,5,3,0,1,1,0,0,0,0,0
9441,198744,11,1,1011201,Wilhelmstraße,2019,8,17,7,3,5,2,0,1,1,0,0,0,0,0
9442,198745,11,3,3061228,Erich-Weinert-Straße,2019,8,17,6,3,5,5,0,0,1,0,1,0,0,0
9443,198746,11,2,2030301,Oranienplatz,2019,8,23,7,3,1,5,2,1,1,0,0,0,0,0
9444,198747,11,4,4030725,Amtsgerichtsplatz,2019,8,17,6,2,5,3,0,1,1,0,0,0,0,0
9445,198748,11,4,4030827,Karl-August-Platz,2019,8,17,6,2,0,7,0,1,0,0,0,0,0,0
9446,198749,11,5,5030730,Zitadellenweg,2019,8,18,7,3,0,6,0,0,1,0,1,0,0,0
9447,198750,11,7,7010102,Nollendorfplatz,2019,8,16,6,3,5,2,0,0,1,0,1,0,0,0
9448,198751,11,7,7040402,Lindenhofsiedlung,2019,8,17,7,3,5,3,0,1,1,0,0,0,0,0
9449,198752,11,3,3010102,Buch,2019,8,13,6,3,4,6,0,0,1,0,0,0,0,0
9450,198753,11,1,1011303,Alexanderplatzviertel,2019,8,9,6,3,3,6,0,0,1,0,0,0,1,0
9451,198754,11,10,10030727,Biesdorf Süd,2019,8,15,7,3,0,7,0,1,0,0,0,0,0,0
9452,198755,11,1,1044202,Sparrplatz,2019,8,15,6,3,0,7,0,0,0,0,1,0,0,0
9453,198756,11,5,5010311,Eiswerder,2019,8,23,7,3,2,6,2,0,1,0,0,0,0,0
9454,198757,11,4,4030725,Amtsgerichtsplatz,2019,8,15,6,3,1,5,0,1,1,0,0,0,0,0
9455,198758,11,8,8010118,Silbersteinstraße,2019,8,21,7,3,3,6,2,0,1,0,1,0,0,0
9456,198759,11,12,12301203,Wittenau Süd,2019,8,15,6,3,2,6,0,0,1,0,1,0,0,0
9457,198760,11,5,5010312,Kurstraße,2019,8,19,7,3,6,4,1,0,1,1,0,0,0,0
9458,198761,11,12,12103220,Humboldtstraße,2019,8,14,6,3,5,2,0,1,0,0,0,0,1,0
9459,198762,11,1,1011102,Großer Tiergarten,2019,8,13,6,3,5,3,0,1,1,0,0,0,0,0
9460,198763,11,5,5020627,Tiefwerder,2019,8,15,7,3,2,2,0,0,1,0,0,0,0,0
9461,198764,11,1,1033202,Humboldthain Süd,2019,8,19,7,2,0,7,0,1,0,0,0,0,0,0
9462,198765,11,7,7040403,Manteuffelstraße,2019,8,13,6,3,5,7,0,0,1,0,0,0,0,0
9463,198766,11,9,9020702,Adlershof Ost,2019,8,14,7,3,5,3,0,1,1,0,0,0,0,0
9464,198767,11,8,8020622,Parchimer Allee,2019,8,13,6,3,5,2,0,1,1,0,0,0,0,0
9465,198768,11,3,3040818,Pankow Süd,2019,8,14,7,3,2,3,0,0,1,0,0,0,0,0
9466,198769,11,4,4030827,Karl-August-Platz,2019,8,13,6,3,2,6,0,0,1,0,0,0,0,0
9467,198770,11,4,4030519,Kaiserin-Augusta-Allee,2019,8,12,6,3,5,2,0,1,1,0,0,0,0,0
9468,198771,11,9,9041501,Altstadt Kietz,2019,8,13,7,3,2,6,0,0,1,0,0,0,0,0
9469,198772,11,8,8030831,Gropiusstadt Ost,2019,8,13,7,3,5,2,0,0,1,0,0,0,0,0
9470,198773,11,9,9010302,Späthsfelde,2019,8,12,6,3,5,3,0,1,0,0,0,0,1,0
9471,198774,11,3,3040614,Pankow Zentrum,2019,8,11,6,3,0,3,0,1,0,0,0,0,1,0
9472,198775,11,9,9051901,Dammvorstadt,2019,8,12,7,3,5,3,0,1,0,0,0,0,0,0
9473,198776,11,5,5020417,Staakener Straße,2019,8,11,6,3,0,3,0,0,1,0,1,0,0,0
9474,198777,11,7,7030303,Grazer Platz,2019,8,11,7,3,5,2,0,1,1,0,0,0,0,0
9475,198778,11,7,7050501,Rathausstraße,2019,8,9,6,3,1,5,0,1,1,0,0,0,0,0
9476,198779,11,1,1011204,Leipziger Straße,2019,8,9,6,3,5,3,0,1,1,0,0,0,0,0
9477,198780,11,9,9041601,Müggelheim,2019,8,11,7,2,8,1,0,0,0,0,1,0,0,0
9478,198781,11,8,8010404,Rixdorf,2019,8,9,6,3,2,6,0,0,1,0,0,0,0,0
9479,198782,11,4,4030931,Breitscheidplatz,2019,8,6,7,2,8,7,0,0,1,0,0,0,0,1
9480,198783,11,12,12224229,Konradshöhe/Tegelort,2019,8,8,6,3,5,2,0,1,1,0,0,0,0,0
9481,198784,11,2,2030401,Reichenberger Straße,2019,8,12,7,3,5,3,0,0,1,0,0,0,0,0
9482,198785,11,8,8020727,Buckow Mitte,2019,8,8,6,3,6,4,0,0,1,1,0,0,0,0
9483,198786,11,8,8010213,Körnerpark,2019,8,16,7,3,5,3,0,1,1,0,0,0,0,0
9484,198787,11,1,1033101,Soldiner Straße,2019,8,8,6,3,5,2,0,1,1,0,0,0,0,0
9485,198788,11,7,7070701,Kettinger Straße/Schillerstraße,2019,8,7,6,3,1,5,0,0,1,0,0,1,0,0
9486,198789,11,3,3061434,Anton-Saefkow-Park,2019,8,3,6,3,6,4,2,0,1,1,0,0,0,0
9487,198790,11,7,7020201,Bayerischer Platz,2019,8,15,6,3,5,3,0,0,1,0,0,0,0,0
9488,198791,11,2,2040701,Andreasviertel,2019,8,7,6,3,5,2,0,1,1,0,0,0,0,0
9489,198792,11,7,7040405,Rathaus Tempelhof,2019,8,9,6,3,6,4,0,0,1,1,0,0,0,0
9490,198793,11,6,6010207,Mittelstraße,2019,8,19,6,3,5,3,0,0,1,0,1,0,0,0
9491,198794,11,9,9051702,Bölschestraße,2019,8,16,6,2,5,7,0,0,1,0,1,0,0,0
9492,198795,11,2,2030302,Lausitzer Platz,2019,8,13,6,3,0,2,0,1,0,0,0,0,1,0
9493,198796,11,1,1011305,Heine-Viertel West,2019,8,16,6,2,1,5,0,0,1,0,0,0,1,0
9494,198797,11,1,1011302,Oranienburger Straße,2019,8,1,6,3,0,1,2,0,0,0,0,0,1,0
9495,198798,11,1,1033101,Soldiner Straße,2019,8,13,6,2,5,2,0,0,1,0,0,0,0,0
9496,198799,11,9,9051901,Dammvorstadt,2019,8,20,6,3,0,6,1,1,0,0,0,0,1,0
9497,198800,11,3,3071638,Winsstraße,2019,8,8,6,3,0,6,0,0,0,0,1,0,0,0
9498,198801,11,3,3040818,Pankow Süd,2019,8,20,6,3,5,2,1,1,1,0,0,0,0,0
9499,198802,11,1,1022204,Thomasiusstraße,2019,8,8,6,2,5,3,0,1,0,0,0,0,0,0
9500,198803,11,9,9020701,Adlershof West,2019,8,17,6,3,5,2,0,1,1,0,0,0,0,0
9501,198804,11,11,11051229,Rummelsburg,2019,8,11,6,3,0,6,0,0,1,0,0,0,0,0
9502,198805,11,6,6030608,Schweizer Viertel,2019,8,9,6,2,1,5,0,1,1,0,0,0,0,0
9503,198806,11,8,8020625,Handwerker-Siedlung,2019,8,19,6,2,0,2,0,0,1,0,0,0,1,0
9504,198807,11,4,4030417,Schloßstraße,2019,8,4,6,3,1,5,2,1,1,0,0,0,0,0
9505,198808,11,6,6010102,Schloßstraße,2019,8,19,6,2,6,4,0,1,0,1,0,0,0,0
9506,198809,11,1,1011401,Invalidenstraße,2019,8,9,5,3,5,2,0,1,1,0,0,0,0,0
9507,198810,11,8,8010303,Donaustraße,2019,8,18,6,3,2,6,0,1,1,0,0,0,0,0
9508,198811,11,1,1044201,Reinickendorfer Straße,2019,8,21,5,3,1,5,2,1,1,0,0,0,0,0
9509,198812,11,12,12103116,Hausotterplatz,2019,8,18,6,3,1,5,0,1,1,0,0,0,0,0
9510,198813,11,12,12231102,Frohnau,2019,8,19,5,3,3,6,1,1,1,0,0,0,0,0
9511,198814,11,11,11030619,Fennpfuhl Ost,2019,8,18,5,3,5,3,0,1,0,0,0,0,0,0
9512,198815,11,2,2020206,Graefekiez,2019,8,18,6,3,6,4,0,1,0,1,0,0,0,0
9513,198816,11,1,1011305,Heine-Viertel West,2019,8,17,6,3,1,5,0,1,0,0,0,0,1,0
9514,198817,11,7,7040405,Rathaus Tempelhof,2019,8,18,5,3,5,2,0,1,1,0,0,0,0,0
9515,198818,11,1,1011105,Nördlicher Landwehrkanal,2019,8,18,5,3,2,6,0,0,1,0,0,0,0,0
9516,198819,11,7,7030301,Friedenau,2019,8,16,6,2,5,2,0,1,1,0,0,0,0,0
9517,198820,11,1,1011201,Wilhelmstraße,2019,8,17,5,3,5,3,0,1,0,0,0,0,1,0
9518,198821,11,4,4051655,Babelsberger Straße,2019,8,16,6,3,5,2,0,1,0,0,0,0,1,0
9519,198822,11,9,9030901,Dorf Altglienicke,2019,8,19,5,3,5,3,0,0,1,0,1,0,0,0
9520,198823,11,1,1022106,Elberfelder Straße,2019,8,17,5,3,6,4,0,0,1,1,0,0,0,0
9521,198824,11,1,1011105,Nördlicher Landwehrkanal,2019,8,22,6,3,2,2,2,1,1,0,0,0,0,0
9522,198825,11,4,4051654,Wilhelmsaue,2019,8,15,5,3,0,7,0,1,0,0,0,0,0,0
9523,198826,11,1,1011204,Leipziger Straße,2019,8,15,5,3,5,3,0,1,1,0,0,0,0,0
9524,198827,11,9,9031001,Bohnsdorf,2019,8,16,6,2,5,2,0,1,1,0,0,0,0,0
9525,198828,11,3,3040614,Pankow Zentrum,2019,8,15,5,3,5,3,0,1,0,0,0,0,0,0
9526,198829,11,6,6020303,Lankwitz Kirche,2019,8,14,5,3,3,2,0,0,1,0,1,0,0,0
9527,198830,11,5,5030731,Gartenfelder Straße,2019,8,22,6,3,5,2,2,1,1,0,0,0,0,0
9528,198831,11,7,7010102,Nollendorfplatz,2019,8,14,5,3,3,5,0,1,1,0,0,0,0,0
9529,198832,11,4,4041241,Breite Straße,2019,8,22,6,2,5,2,2,1,1,0,0,0,0,0
9530,198833,11,3,3040614,Pankow Zentrum,2019,8,14,5,3,5,2,0,1,1,0,0,0,0,0
9531,198834,11,4,4030930,George-Grosz-Platz,2019,8,21,6,3,5,2,1,1,1,0,0,0,0,0
9532,198835,11,2,2030302,Lausitzer Platz,2019,8,14,5,3,4,7,0,1,0,0,0,0,0,0
9533,198836,11,11,11030721,Rüdigerstraße,2019,8,20,6,3,0,2,1,1,1,0,0,0,0,0
9534,198837,11,5,5030832,Rohrdamm,2019,8,14,5,3,5,3,0,1,1,0,0,0,0,0
9535,198838,11,5,5040936,Jägerallee,2019,8,14,5,3,5,2,0,1,1,0,0,0,0,0
9536,198839,11,8,8010117,Schillerpromenade,2019,8,16,6,2,3,6,0,0,1,0,1,0,0,0
9537,198840,11,1,1011204,Leipziger Straße,2019,8,16,6,3,5,3,0,0,1,0,0,0,1,0
9538,198841,11,4,4030620,Alt-Lietzow,2019,8,13,5,3,0,2,0,0,1,0,0,0,1,0
9539,198842,11,8,8040933,Vogelviertel Süd,2019,8,14,5,2,2,6,0,0,1,0,0,0,0,0
9540,198843,11,12,12304314,Ziekowstraße/Freie Scholle,2019,8,15,6,3,5,2,0,0,1,0,1,0,0,0
9541,198844,11,1,1011204,Leipziger Straße,2019,8,12,5,3,5,3,0,1,0,0,0,0,0,0
9542,198845,11,1,1044101,Rehberge,2019,8,15,6,3,5,2,0,1,1,0,0,0,0,0
9543,198846,11,9,9010402,Johannisthal Ost,2019,8,12,5,3,5,3,0,0,1,0,0,0,0,0
9544,198847,11,5,5010339,Freiheit,2019,8,12,6,3,2,6,0,0,1,0,0,0,0,0
9545,198848,11,12,12214424,Scharnweberstraße,2019,8,10,5,3,0,6,0,0,1,0,1,0,0,0
9546,198849,11,5,5010209,An der Kappe,2019,8,11,6,3,5,3,0,1,1,0,0,0,0,0
9547,198850,11,7,7040405,Rathaus Tempelhof,2019,8,10,5,3,0,7,0,0,1,0,0,0,1,0
9548,198851,11,1,1033201,Brunnenstraße,2019,8,11,6,3,2,6,0,0,1,0,0,0,0,0
9549,198852,11,3,3040818,Pankow Süd,2019,8,13,1,3,5,3,0,0,1,0,0,0,0,0
9550,198853,11,9,9051801,Rahnsdorf/Hessenwinkel,2019,9,8,2,3,5,3,0,0,1,0,0,0,0,1
9551,198854,11,12,12304313,Borsigwalde,2019,9,7,2,3,5,3,0,0,1,0,0,0,1,1
9552,198855,11,8,8010301,Reuterkiez,2019,9,7,2,3,5,3,0,0,1,0,0,0,0,1
9553,198856,11,7,7050501,Rathausstraße,2019,9,6,2,3,2,2,2,0,1,0,0,0,1,1
9554,198857,11,8,8030831,Gropiusstadt Ost,2019,9,14,2,3,6,2,0,0,1,1,0,0,0,1
9555,198858,11,11,11051229,Rummelsburg,2019,9,6,2,3,5,2,1,1,1,0,0,0,0,1
9556,198859,11,4,4010102,Plötzensee,2019,9,5,2,3,2,6,0,0,1,0,0,0,0,1
9557,198860,11,9,9051901,Dammvorstadt,2019,9,18,2,3,5,3,0,1,1,0,0,0,0,1
9558,198861,11,4,4030415,Schloßgarten,2019,9,22,1,3,5,3,2,1,1,0,0,0,0,0
9559,198862,11,1,1033203,Humboldthain Nordwest,2019,9,3,1,3,1,5,2,0,1,0,0,0,0,0
9560,198863,11,8,8010212,Rollberg,2019,9,21,1,3,1,5,2,0,1,0,0,0,0,0
9561,198864,11,8,8010212,Rollberg,2019,9,21,1,2,6,7,2,1,0,1,0,0,0,0
9562,198865,11,7,7060603,Marienfelde Nordost,2019,9,21,1,3,1,5,2,0,1,0,0,0,0,0
9563,198866,11,7,7040403,Manteuffelstraße,2019,9,18,1,3,2,7,0,0,1,0,1,0,0,0
9564,198867,11,7,7050505,Hundsteinweg,2019,9,14,1,3,1,5,0,0,1,0,0,0,1,0
9565,198868,11,8,8010212,Rollberg,2019,9,2,1,2,0,1,2,1,0,0,0,0,0,0
9566,198869,11,2,2050802,Boxhagener Platz,2019,9,1,1,3,0,7,2,0,0,0,0,0,1,0
9567,198870,11,12,12231101,Hermsdorf,2019,9,0,1,2,0,1,2,1,0,0,0,0,0,0
9568,198871,11,2,2030301,Oranienplatz,2019,9,0,1,3,2,7,2,1,1,0,0,0,0,1
9569,198872,11,4,4030620,Alt-Lietzow,2019,9,0,1,3,5,3,2,0,1,0,0,0,0,0
9570,198873,11,12,12214125,Waldidyll/Flughafensee,2019,9,13,1,3,2,6,0,0,1,0,0,0,0,0
9571,198874,11,1,1011105,Nördlicher Landwehrkanal,2019,9,13,1,3,0,7,0,0,0,0,0,0,1,0
9572,198875,11,8,8010118,Silbersteinstraße,2019,9,0,1,3,3,6,2,1,1,0,0,0,0,0
9573,198876,11,1,1044102,Schillerpark,2019,9,11,1,3,5,2,0,0,1,0,0,0,0,0
9574,198877,11,7,7070701,Kettinger Straße/Schillerstraße,2019,9,11,1,3,2,2,0,0,1,0,0,0,0,0
9575,198878,11,3,3030406,Alt-Karow,2019,9,11,1,3,5,3,0,0,1,0,0,0,0,0
9576,198879,11,11,11051330,Karlshorst West,2019,9,10,1,3,0,3,0,1,0,0,0,0,1,0
9577,198880,11,8,8010213,Körnerpark,2019,9,21,7,3,5,3,2,1,1,0,0,0,0,0
9578,198881,11,4,4030620,Alt-Lietzow,2019,9,23,7,2,0,1,2,0,0,0,0,0,1,0
9579,198882,11,3,3040818,Pankow Süd,2019,9,23,7,2,5,3,2,0,1,0,0,0,0,0
9580,198883,11,6,6040804,Krumme Lanke,2019,9,22,7,3,0,1,2,0,0,0,1,0,0,1
9581,198884,11,1,1044103,Westliche Müllerstraße,2019,9,17,7,3,6,4,0,0,1,1,0,0,0,0
9582,198885,11,6,6030502,Zehlendorf Süd,2019,9,14,7,3,5,3,0,0,1,0,1,0,0,0
9583,198886,11,9,9051701,Hirschgarten,2019,9,16,7,3,5,3,0,1,1,0,0,0,0,0
9584,198887,11,5,5010101,Hakenfelde Nord,2019,9,16,7,2,4,6,0,0,1,0,1,0,0,0
9585,198888,11,10,10030727,Biesdorf Süd,2019,9,16,7,3,2,6,0,0,1,0,0,0,0,0
9586,198889,11,8,8020625,Handwerker-Siedlung,2019,9,15,7,2,5,2,0,0,1,0,0,0,1,0
9587,198890,11,10,10040829,Alt-Kaulsdorf,2019,9,15,7,3,5,2,0,0,1,0,1,0,0,0
9588,198891,11,8,8020621,Mohriner Allee Nord,2019,9,14,7,3,5,3,0,0,1,0,0,0,0,0
9589,198892,11,4,4030417,Schloßstraße,2019,9,14,7,3,0,1,0,0,0,0,1,0,0,0
9590,198893,11,3,3071536,Teutoburger Platz,2019,9,14,7,3,6,4,0,1,0,1,0,0,0,0
9591,198894,11,3,3050925,Komponistenviertel Weißensee,2019,9,14,7,3,1,1,0,1,1,0,0,0,0,0
9592,198895,11,4,4030726,Droysenstraße,2019,9,14,7,3,2,6,0,0,1,0,0,0,0,0
9593,198896,11,9,9020702,Adlershof Ost,2019,9,11,7,3,0,1,0,1,0,0,0,0,0,0
9594,198897,11,1,1011401,Invalidenstraße,2019,9,10,7,3,1,1,0,1,1,0,0,0,0,0
9595,198898,11,7,7030301,Friedenau,2019,9,9,7,3,5,3,0,1,1,0,0,0,0,0
9596,198899,11,8,8041039,Frauenviertel,2019,9,14,7,3,6,7,0,0,1,1,0,0,0,0
9597,198900,11,2,2020203,Viktoriapark,2019,9,1,7,3,1,5,2,1,1,0,0,0,1,0
9598,198901,11,2,2020205,Chamissokiez,2019,9,22,6,3,1,1,2,0,1,0,0,0,1,0
9599,198902,11,2,2010103,Moritzplatz,2019,9,21,6,3,0,1,2,1,0,0,0,0,0,0
9600,198903,11,2,2050803,Stralauer Kiez,2019,9,21,6,3,5,2,2,1,1,0,0,0,0,0
9601,198904,11,3,3010101,Bucher Forst,2019,9,20,6,2,5,2,2,0,1,0,1,0,0,0
9602,198905,11,3,3061131,Falkplatz,2019,9,11,6,3,5,3,0,1,1,0,0,0,0,0
9603,198906,11,1,1011203,Unter den Linden Süd,2019,9,11,6,2,6,2,0,0,1,1,0,0,0,0
9604,198907,11,4,4051655,Babelsberger Straße,2019,9,11,6,3,3,6,0,0,1,0,1,0,0,0
9605,198908,11,1,1044102,Schillerpark,2019,9,10,6,3,2,6,0,0,1,0,0,0,0,0
9606,198909,11,7,7050504,Imbrosweg,2019,9,19,6,3,1,5,2,0,1,0,0,0,1,0
9607,198910,11,1,1011201,Wilhelmstraße,2019,9,15,6,2,0,1,0,0,0,0,0,0,1,0
9608,198911,11,1,1011306,Heine-Viertel Ost,2019,9,9,6,3,2,2,0,0,0,0,1,1,0,0
9609,198912,11,2,2020205,Chamissokiez,2019,9,19,6,3,6,4,1,0,1,1,0,0,0,0
9610,198913,11,9,9010402,Johannisthal Ost,2019,9,19,6,3,5,2,1,1,1,0,0,0,0,0
9611,198914,11,1,1011302,Oranienburger Straße,2019,9,8,6,3,2,2,0,1,1,0,0,0,0,0
9612,198915,11,1,1022103,Westhafen,2019,9,14,6,3,2,6,0,0,1,0,0,0,0,0
9613,198916,11,1,1044201,Reinickendorfer Straße,2019,9,8,6,3,3,6,0,0,1,0,1,0,0,0
9614,198917,11,1,1011306,Heine-Viertel Ost,2019,9,14,6,3,1,7,0,1,1,0,0,0,0,0
9615,198918,11,2,2040701,Andreasviertel,2019,9,8,6,3,0,7,0,0,0,0,0,1,0,0
9616,198919,11,11,11030720,Herzbergstraße,2019,9,18,6,2,6,4,0,0,1,1,0,0,0,0
9617,198920,11,8,8020727,Buckow Mitte,2019,9,7,6,2,6,4,0,0,1,1,0,0,0,0
9618,198921,11,4,4030621,Spreestadt,2019,9,14,6,3,5,3,0,1,1,0,0,0,0,0
9619,198922,11,8,8010118,Silbersteinstraße,2019,9,18,6,3,1,5,0,0,1,0,0,0,0,0
9620,198923,11,1,1044203,Leopoldplatz,2019,9,14,6,3,2,6,0,0,1,0,0,0,0,0
9621,198924,11,9,9020502,Oberschöneweide Ost,2019,9,6,6,3,5,3,0,0,1,0,0,0,0,0
9622,198925,11,7,7010101,Wittenbergplatz/Viktoria-Luise-Platz,2019,9,16,6,3,2,2,0,1,1,0,0,0,0,0
9623,198926,11,4,4041136,Hagenplatz,2019,9,13,6,3,5,2,0,1,1,0,0,0,0,0
9624,198927,11,10,10030727,Biesdorf Süd,2019,9,12,6,3,2,6,0,0,1,0,0,0,0,0
9625,198928,11,3,3050920,Weißer See,2019,9,16,6,3,5,2,0,1,1,0,0,0,0,0
9626,198929,11,5,5020627,Tiefwerder,2019,9,12,6,2,5,2,0,0,1,0,0,0,0,0
9627,198930,11,1,1033102,Gesundbrunnen,2019,9,16,6,3,9,1,0,0,1,1,0,0,0,0
9628,198931,11,12,12214422,Klixstraße,2019,9,12,6,3,2,6,0,0,1,0,0,0,1,0
9629,198932,11,1,1044103,Westliche Müllerstraße,2019,9,16,6,3,5,2,0,1,1,0,0,0,0,0
9630,198933,11,10,10020414,Helle Mitte,2019,9,12,6,3,2,2,0,0,1,0,1,0,0,0
9631,198934,11,4,4020313,Königin-Elisabeth-Straße,2019,9,11,6,2,3,6,0,0,1,0,1,0,0,0
9632,198935,11,1,1011402,Arkonaplatz,2019,9,15,6,3,0,1,0,1,0,0,0,0,0,0
9633,198936,11,4,4030726,Droysenstraße,2019,9,15,6,2,5,2,0,1,1,0,0,0,0,0
9634,198937,11,4,4030623,Ernst-Reuter-Platz,2019,9,12,6,3,5,2,0,1,0,0,0,1,0,0
9635,198938,11,1,1011401,Invalidenstraße,2019,9,19,6,1,9,7,1,0,1,1,0,0,1,0
9636,198939,11,4,4041343,Binger Straße,2019,9,6,5,2,0,7,0,1,1,0,0,0,0,0
9637,198940,11,1,1011306,Heine-Viertel Ost,2019,9,4,5,2,6,2,2,0,1,1,0,0,0,1
9638,198941,11,7,7040405,Rathaus Tempelhof,2019,9,22,5,3,5,2,2,0,1,0,0,0,0,0
9639,198942,11,2,2020204,Urbanstraße,2019,9,20,5,3,2,6,2,0,1,0,0,0,0,0
9640,198943,11,6,6040810,Dahlem,2019,9,20,5,3,5,2,2,1,1,0,0,0,0,0
9641,198944,11,12,12214125,Waldidyll/Flughafensee,2019,9,18,5,2,0,7,0,1,0,0,0,0,0,0
9642,198945,11,10,10030727,Biesdorf Süd,2019,9,18,5,2,5,3,0,0,1,0,0,0,0,0
9643,198946,11,3,3071639,Bötzowstraße,2019,9,21,5,3,5,3,2,1,1,0,0,0,0,0
9644,198947,11,6,6020303,Lankwitz Kirche,2019,9,10,5,3,5,2,0,1,1,0,0,0,0,0
9645,198948,11,1,1022104,Emdener Straße,2019,9,17,5,3,5,3,0,1,0,0,0,0,0,1
9646,198949,11,10,10030727,Biesdorf Süd,2019,9,17,5,3,2,6,0,0,1,0,0,0,0,0
9647,198950,11,1,1044202,Sparrplatz,2019,9,12,5,3,2,6,0,0,1,0,0,0,0,0
9648,198951,11,12,12103218,Teichstraße,2019,9,11,5,3,5,2,0,1,1,0,0,0,0,0
9649,198952,11,3,3061131,Falkplatz,2019,9,11,5,3,5,2,0,1,1,0,0,0,0,0
9650,198953,11,3,3020209,Niederschönhausen,2019,9,9,5,3,5,3,0,1,1,0,0,0,0,0
9651,198954,11,10,10010310,Alt-Marzahn,2019,9,9,5,3,2,6,0,0,1,0,0,1,0,0
9652,198955,11,4,4020313,Königin-Elisabeth-Straße,2019,9,8,5,3,3,6,0,0,1,0,0,0,0,0
9653,198956,11,6,6030607,Goerzwerke,2019,9,8,5,3,2,6,0,0,1,0,0,1,0,0
9654,198957,11,7,7040406,Germaniagarten,2019,9,8,5,3,5,2,0,1,1,0,0,0,0,0
9655,198958,11,3,3040512,Wilhelmsruh,2019,9,8,5,3,0,2,0,1,1,0,0,0,0,0
9656,198959,11,9,9010402,Johannisthal Ost,2019,9,8,5,3,0,2,0,0,1,0,1,0,0,1
9657,198960,11,5,5030731,Gartenfelder Straße,2019,9,8,5,2,5,3,0,1,0,0,0,0,1,0