,object id,city,district,sub district key,street,year,month,hour of day,weekday,category,accident type,accident type 2,light situation,bike involved,car involved,pedestrian involved,motor bike involved,big track involved,other vehicle involved,road condition
9658,198961,11,4,4020209,Eichkamp,2019,9,17,5,3,0,5,0,0,0,0,1,0,1,0
9659,198962,11,8,8020726,Buckow West,2019,9,17,5,3,5,3,0,0,1,0,0,0,0,0
9660,198963,11,12,12224230,Heiligensee,2019,9,17,5,3,5,2,0,1,1,0,0,0,0,0
9661,198964,11,4,4051654,Wilhelmsaue,2019,9,17,5,2,6,7,0,0,1,1,0,0,0,0
9662,198965,11,4,4030726,Droysenstraße,2019,9,17,5,3,5,3,0,0,1,0,0,0,0,0
9663,198966,11,5,5040934,Alt-Gatow,2019,9,16,5,2,0,1,0,1,0,0,0,0,0,0
9664,198967,11,5,5040936,Jägerallee,2019,9,7,5,3,5,3,0,1,1,0,0,0,0,0
9665,198968,11,4,4030931,Breitscheidplatz,2019,9,15,5,3,6,4,0,0,1,1,0,0,0,0
9666,198969,11,9,9041401,Allende I,2019,9,7,5,2,6,4,0,0,1,1,0,0,0,0
9667,198970,11,5,5010312,Kurstraße,2019,9,15,6,2,5,3,0,0,1,0,1,0,0,0
9668,198971,11,10,10020414,Helle Mitte,2019,9,15,5,3,6,2,0,0,1,1,0,0,0,0
9669,198972,11,1,1022104,Emdener Straße,2019,9,15,6,3,1,5,0,1,1,0,0,0,0,0
9670,198973,11,6,6040701,Wannsee,2019,9,15,6,3,5,3,0,1,1,0,0,0,0,0
9671,198974,11,9,9020502,Oberschöneweide Ost,2019,9,7,5,3,0,1,0,0,0,0,1,0,0,1
9672,198975,11,1,1033102,Gesundbrunnen,2019,9,15,5,3,5,2,0,1,1,0,0,0,0,0
9673,198976,11,1,1011304,Karl-Marx-Allee,2019,9,21,6,3,2,6,2,0,1,0,0,0,0,0
9674,198977,11,4,4030518,Tegeler Weg,2019,9,15,5,3,5,3,0,0,1,0,0,0,0,0
9675,198978,11,10,10020518,Schleipfuhl,2019,9,6,5,3,5,3,1,0,1,0,0,0,0,1
9676,198979,11,4,4051549,Rathaus Wilmersdorf,2019,9,7,5,3,5,2,0,1,1,0,0,0,0,1
9677,198980,11,6,6010102,Schloßstraße,2019,9,11,5,3,0,1,0,1,0,0,0,0,0,0
9678,198981,11,2,2020205,Chamissokiez,2019,9,14,5,3,5,5,0,1,1,0,0,0,0,0
9679,198982,11,6,6040810,Dahlem,2019,9,16,5,3,5,2,0,1,1,0,0,0,0,0
9680,198983,11,6,6040804,Krumme Lanke,2019,9,15,5,3,6,4,0,1,0,1,0,0,0,0
9681,198984,11,6,6030504,Teltower Damm,2019,9,6,5,2,2,7,0,0,1,0,0,0,1,1
9682,198985,11,7,7020201,Bayerischer Platz,2019,9,16,5,3,2,2,0,1,1,0,0,0,0,0
9683,198986,11,7,7020203,Kaiser-Wilhelm-Platz,2019,9,14,5,3,5,7,0,0,0,0,1,0,1,0
9684,198987,11,1,1011304,Karl-Marx-Allee,2019,9,16,5,3,0,5,0,0,1,0,1,0,0,0
9685,198988,11,7,7010104,Dennewitzplatz,2019,9,14,5,3,5,3,0,1,1,0,0,0,0,0
9686,198989,11,4,4030620,Alt-Lietzow,2019,9,16,5,2,5,2,0,0,1,0,0,0,1,0
9687,198990,11,9,9010401,Johannisthal West,2019,9,14,5,3,0,2,0,0,1,0,1,0,0,0
9688,198991,11,7,7040402,Lindenhofsiedlung,2019,9,15,5,3,0,6,0,0,1,0,0,0,1,0
9689,198992,11,12,12214125,Waldidyll/Flughafensee,2019,9,15,5,3,2,2,0,0,1,0,1,0,0,0
9690,198993,11,4,4020310,Park Ruhwald,2019,9,6,5,3,0,1,0,0,0,0,1,0,0,1
9691,198994,11,12,12301204,Wittenau Nord,2019,9,6,5,3,5,3,0,0,1,0,1,0,0,1
9692,198995,11,5,5010312,Kurstraße,2019,9,15,5,3,1,5,0,1,1,0,0,0,0,0
9693,198996,11,11,11030618,Fennpfuhl West,2019,9,15,5,3,1,5,0,0,1,0,0,0,0,0
9694,198997,11,12,12103117,Letteplatz,2019,9,6,5,2,0,3,1,0,1,0,1,0,0,1
9695,198998,11,3,3010102,Buch,2019,9,14,5,3,5,3,0,0,1,0,0,0,0,0
9696,198999,11,8,8020622,Parchimer Allee,2019,9,18,5,2,0,7,1,0,0,0,1,0,0,1
9697,199000,11,11,11040926,Weitlingstraße,2019,9,14,5,2,6,4,0,1,0,1,0,0,0,0
9698,199001,11,2,2040703,Wriezener Bahnhof/Entwicklungsgebiet,2019,9,13,5,3,5,3,0,1,0,0,0,0,1,0
9699,199002,11,11,11030720,Herzbergstraße,2019,9,13,5,2,5,3,0,1,1,0,0,0,0,0
9700,199003,11,12,12231101,Hermsdorf,2019,9,14,5,3,5,3,0,1,1,0,0,0,0,0
9701,199004,11,1,1044203,Leopoldplatz,2019,9,13,5,3,2,6,0,0,1,0,0,0,0,0
9702,199005,11,12,12214424,Scharnweberstraße,2019,9,11,5,3,3,6,0,0,1,0,0,1,0,0
9703,199006,11,2,2040701,Andreasviertel,2019,9,11,5,3,2,6,0,1,0,0,0,0,0,0
9704,199007,11,4,4031032,Halensee,2019,9,23,5,2,5,7,2,0,1,0,0,0,0,0
9705,199008,11,1,1022106,Elberfelder Straße,2019,9,14,5,3,6,4,0,0,0,1,0,0,1,0
9706,199009,11,10,10020414,Helle Mitte,2019,9,15,5,3,5,3,0,1,1,0,0,0,0,0
9707,199010,11,2,2040502,Friedenstraße,2019,9,12,4,3,2,6,0,1,1,0,0,0,0,0
9708,199011,11,2,2010102,Mehringplatz,2019,9,20,5,3,5,3,2,0,1,0,0,0,0,0
9709,199012,11,1,3071536,Teutoburger Platz,2019,9,14,4,3,3,3,0,1,1,0,0,0,0,0
9710,199013,11,3,3040818,Pankow Süd,2019,9,19,5,3,0,4,2,0,0,1,1,0,0,0
9711,199014,11,7,7020201,Bayerischer Platz,2019,9,18,5,2,3,6,0,0,1,0,0,0,0,0
9712,199015,11,1,1011302,Oranienburger Straße,2019,9,20,4,3,3,6,2,0,1,0,0,0,0,0
9713,199016,11,1,1044202,Sparrplatz,2019,9,19,4,3,5,2,0,1,1,0,0,0,0,0
9714,199017,11,4,4031032,Halensee,2019,9,18,5,3,5,3,0,0,1,0,0,0,0,0
9715,199018,11,5,5020523,Maulbeerallee,2019,9,18,5,2,5,3,0,1,1,0,0,0,0,0
9716,199019,11,7,7050504,Imbrosweg,2019,9,19,4,2,1,5,0,0,1,0,0,0,0,0
9717,199020,11,6,6030504,Teltower Damm,2019,9,17,5,2,5,2,0,0,1,0,1,0,0,0
9718,199021,11,1,1011302,Oranienburger Straße,2019,9,18,4,3,1,5,0,1,0,0,0,1,1,0
9719,199022,11,12,12103116,Hausotterplatz,2019,9,17,5,2,6,4,0,0,1,1,0,0,0,0
9720,199023,11,12,12103117,Letteplatz,2019,9,18,4,3,2,6,0,0,1,0,0,0,0,0
9721,199024,11,4,4031032,Halensee,2019,9,10,5,3,1,5,0,1,1,0,0,0,0,0
9722,199025,11,4,4030417,Schloßstraße,2019,9,18,4,3,1,5,0,0,1,0,0,0,0,0
9723,199026,11,4,4051654,Wilhelmsaue,2019,9,10,5,3,5,3,0,0,1,0,1,0,0,0
9724,199027,11,5,5020417,Staakener Straße,2019,9,10,5,3,5,3,0,0,1,0,1,0,0,1
9725,199028,11,8,8041037,Alt-Rudow,2019,9,18,4,3,5,3,0,0,1,0,1,0,0,0
9726,199029,11,4,4051653,Prager Platz,2019,9,18,4,3,2,6,0,0,1,0,0,0,0,0
9727,199030,11,1,1044101,Rehberge,2019,9,9,5,3,3,6,0,0,1,0,0,0,0,0
9728,199031,11,5,5010314,Carl-Schurz-Straße,2019,9,18,4,3,3,6,0,0,0,0,1,0,1,0
9729,199032,11,3,3061429,Greifswalder Straße,2019,9,9,5,3,5,3,0,1,1,0,0,0,0,0
9730,199033,11,9,9020502,Oberschöneweide Ost,2019,9,17,4,3,5,2,0,0,1,0,1,0,0,0
9731,199034,11,4,4020310,Park Ruhwald,2019,9,9,5,3,3,6,0,0,0,0,1,0,1,0
9732,199035,11,1,1011306,Heine-Viertel Ost,2019,9,17,4,3,5,2,0,1,0,0,1,0,0,0
9733,199036,11,8,8020622,Parchimer Allee,2019,9,7,5,3,2,7,0,1,1,0,0,0,0,0
9734,199037,11,3,3040508,Rosenthal,2019,9,16,4,2,5,3,0,1,1,0,0,0,0,0
9735,199038,11,1,1011303,Alexanderplatzviertel,2019,9,8,5,3,5,3,0,1,0,0,1,0,0,1
9736,199039,11,2,2020202,Rathaus Yorckstraße,2019,9,7,5,3,5,2,0,1,1,0,0,0,0,1
9737,199040,11,4,4031032,Halensee,2019,9,16,4,3,2,3,0,1,1,0,0,0,0,0
9738,199041,11,12,12214424,Scharnweberstraße,2019,9,5,5,2,0,3,2,1,1,0,0,0,0,1
9739,199042,11,2,2010103,Moritzplatz,2019,9,16,4,3,1,5,0,1,1,0,0,0,0,0
9740,199043,11,1,1022207,Hansaviertel,2019,9,16,5,2,6,4,0,1,0,1,0,0,0,0
9741,199044,11,1,1011301,Charitéviertel,2019,9,8,4,3,3,6,0,1,1,0,0,0,0,0
9742,199045,11,8,8020621,Mohriner Allee Nord,2019,9,15,4,3,3,6,0,1,0,0,0,0,0,0
9743,199046,11,9,9020702,Adlershof Ost,2019,9,15,4,3,0,3,0,1,0,0,0,0,1,0
9744,199047,11,6,6010101,Fichtenberg,2019,9,15,4,3,5,3,0,1,1,0,0,0,0,0
9745,199048,11,8,8010213,Körnerpark,2019,9,16,4,3,2,2,0,1,0,0,0,0,1,0
9746,199049,11,1,1011204,Leipziger Straße,2019,9,15,4,3,2,2,0,1,0,0,0,0,1,0
9747,199050,11,4,4010102,Plötzensee,2019,9,21,4,3,2,6,2,0,1,0,0,0,0,0
9748,199051,11,9,9051702,Bölschestraße,2019,9,12,4,3,5,2,0,1,1,0,0,0,0,0
9749,199052,11,1,1011204,Leipziger Straße,2019,9,21,4,3,5,3,2,0,1,0,0,0,0,0
9750,199053,11,5,5020524,Weinmeisterhornweg,2019,9,20,4,3,6,4,2,1,0,1,0,0,0,0
9751,199054,11,7,7030301,Friedenau,2019,9,11,4,3,6,2,0,0,1,1,0,0,0,0
9752,199055,11,1,1033203,Humboldthain Nordwest,2019,9,11,4,2,2,2,0,0,0,0,1,0,0,0
9753,199056,11,11,11030721,Rüdigerstraße,2019,9,20,4,3,5,2,2,0,1,0,1,0,0,0
9754,199057,11,1,1044101,Rehberge,2019,9,10,4,3,2,3,0,0,1,0,0,0,1,0
9755,199058,11,4,4041137,Flinsberger Platz,2019,9,20,4,2,6,4,2,0,1,1,0,0,0,0
9756,199059,11,9,9020601,Schnellerstraße,2019,9,0,4,3,5,3,2,0,1,0,0,0,0,0
9757,199060,11,1,1033202,Humboldthain Süd,2019,9,19,4,3,1,5,2,0,1,0,0,0,0,0
9758,199061,11,9,9041402,Siedlung Kämmereiheide,2019,9,10,4,3,6,4,0,1,0,1,0,0,0,0
9759,199062,11,3,3030715,Heinersdorf,2019,9,19,4,3,5,2,1,0,1,0,0,0,0,0
9760,199063,11,3,3061131,Falkplatz,2019,9,19,4,3,4,6,1,1,0,0,0,0,0,0
9761,199064,11,4,4041344,Rüdesheimer Platz,2019,9,10,4,3,0,5,0,0,1,0,1,0,0,0
9762,199065,11,3,3061131,Falkplatz,2019,9,19,4,3,3,6,0,1,0,0,0,0,0,0
9763,199066,11,6,6020304,Kaiser-Wilhelm-Straße,2019,9,15,4,3,5,3,0,1,0,0,0,0,1,0
9764,199067,11,2,2050802,Boxhagener Platz,2019,9,18,4,3,0,1,0,1,1,0,0,0,0,0
9765,199068,11,12,12214125,Waldidyll/Flughafensee,2019,9,10,4,2,5,2,0,0,1,0,0,0,0,0
9766,199069,11,5,5030833,Motardstraße,2019,9,17,4,3,5,3,0,0,1,0,0,0,0,0
9767,199070,11,5,5030730,Zitadellenweg,2019,9,14,4,3,5,2,0,1,0,0,0,0,1,0
9768,199071,11,11,11041022,Rosenfelder Ring,2019,9,17,4,3,2,6,0,0,1,0,0,0,0,0
9769,199072,11,9,9051901,Dammvorstadt,2019,9,9,4,3,5,3,0,1,1,0,0,0,0,0
9770,199073,11,4,4020313,Königin-Elisabeth-Straße,2019,9,10,4,3,5,3,0,0,1,0,0,0,0,0
9771,199074,11,3,3061430,Volkspark Prenzlauer Berg,2019,9,17,4,3,5,2,0,1,1,0,0,0,0,0
9772,199075,11,7,7040403,Manteuffelstraße,2019,9,14,4,3,5,2,0,1,1,0,0,0,0,0
9773,199076,11,7,7040402,Lindenhofsiedlung,2019,9,16,4,3,5,3,0,0,1,0,0,0,1,0
9774,199077,11,4,4031032,Halensee,2019,9,14,4,3,5,3,0,0,1,0,1,0,0,0
9775,199078,11,11,11020516,Weiße Taube,2019,9,16,4,3,2,6,0,0,1,0,0,0,0,0
9776,199079,11,6,6010101,Fichtenberg,2019,9,14,4,3,5,2,0,1,1,0,0,0,0,0
9777,199080,11,1,1011202,Unter den Linden Nord,2019,9,7,4,3,5,2,0,1,0,0,1,0,0,0
9778,199081,11,9,9020501,Oberschöneweide West,2019,9,12,4,3,5,3,0,0,0,0,0,0,1,0
9779,199082,11,5,5010314,Carl-Schurz-Straße,2019,9,9,4,3,0,2,0,0,1,0,0,0,1,0
9780,199083,11,8,8041035,Blumenviertel,2019,9,14,4,3,5,2,0,0,1,0,1,0,0,0
9781,199084,11,12,12231102,Frohnau,2019,9,12,4,3,1,5,0,1,1,0,0,0,0,0
9782,199085,11,6,6010210,Bismarckstraße,2019,9,12,4,3,5,3,0,0,1,0,1,0,0,0
9783,199086,11,4,4051549,Rathaus Wilmersdorf,2019,9,10,4,2,5,2,0,1,0,0,0,0,1,0
9784,199087,11,2,2030401,Reichenberger Straße,2019,9,11,4,3,0,7,0,0,1,0,0,0,0,0
9785,199088,11,4,4041137,Flinsberger Platz,2019,9,13,4,2,6,4,0,0,0,1,1,0,0,0
9786,199089,11,9,9020501,Oberschöneweide West,2019,9,11,4,3,5,2,0,1,0,0,0,1,0,0
9787,199090,11,1,1044203,Leopoldplatz,2019,9,10,4,3,1,5,0,1,1,0,0,0,1,0
9788,199091,11,10,10030724,Oberfeldstraße,2019,9,9,4,3,5,7,0,0,1,0,0,0,0,0
9789,199092,11,8,8010301,Reuterkiez,2019,9,10,4,3,5,2,0,1,1,0,0,0,0,0
9790,199093,11,4,4030622,Richard-Wagner-Straße,2019,9,9,4,3,1,5,0,1,1,0,0,0,0,0
9791,199094,11,7,7020201,Bayerischer Platz,2019,9,12,4,3,5,2,0,0,1,0,0,0,0,0
9792,199095,11,1,1011102,Großer Tiergarten,2019,9,8,4,3,2,2,0,0,1,0,1,0,0,0
9793,199096,11,11,11040926,Weitlingstraße,2019,9,8,4,3,5,2,0,1,1,0,0,0,0,0
9794,199097,11,11,11030618,Fennpfuhl West,2019,9,9,4,3,0,6,0,0,1,0,0,1,0,0
9795,199098,11,2,2040703,Wriezener Bahnhof/Entwicklungsgebiet,2019,9,8,4,3,5,2,0,1,1,0,0,0,0,0
9796,199099,11,7,7010102,Nollendorfplatz,2019,9,7,4,3,6,7,0,0,0,0,0,0,1,0
9797,199100,11,12,12304314,Ziekowstraße/Freie Scholle,2019,9,7,4,3,5,2,0,1,1,0,0,0,0,0
9798,199101,11,9,9051801,Rahnsdorf/Hessenwinkel,2019,9,12,4,3,5,3,0,1,1,0,0,0,0,0
9799,199102,11,2,2010102,Mehringplatz,2019,9,7,4,3,3,6,0,1,1,0,0,0,0,0
9800,199103,11,4,4010101,Jungfernheide,2019,9,6,4,2,0,3,0,0,1,0,1,0,0,0
9801,199104,11,12,12301203,Wittenau Süd,2019,9,5,4,3,0,3,2,1,1,0,0,0,0,0
9802,199105,11,5,5010101,Hakenfelde Nord,2019,9,5,4,3,0,7,1,0,0,0,1,0,0,0
9803,199106,11,9,9051901,Dammvorstadt,2019,9,6,4,3,5,2,0,1,1,0,0,0,0,0
9804,199107,11,9,9041402,Siedlung Kämmereiheide,2019,9,14,4,3,0,2,0,0,1,0,0,0,1,0
9805,199108,11,5,5010101,Hakenfelde Nord,2019,9,0,4,3,6,4,2,0,0,1,0,0,1,0
9806,199109,11,12,12214527,Alt-Tegel,2019,9,16,4,3,9,1,0,0,1,0,0,0,0,0
9807,199110,11,12,12214424,Scharnweberstraße,2019,9,12,3,3,5,3,0,0,1,0,0,0,0,0
9808,199111,11,8,8010117,Schillerpromenade,2019,9,15,4,3,5,2,0,1,1,0,0,0,0,0
9809,199112,11,11,11030721,Rüdigerstraße,2019,9,17,3,3,1,5,0,1,1,0,0,0,0,0
9810,199113,11,12,12214424,Scharnweberstraße,2019,9,15,4,3,3,6,0,0,1,0,1,0,0,0
9811,199114,11,4,4030415,Schloßgarten,2019,9,15,4,2,0,7,0,1,1,0,0,0,0,0
9812,199115,11,11,11040926,Weitlingstraße,2019,9,8,3,3,5,3,0,1,0,0,0,0,0,0
9813,199116,11,11,11051330,Karlshorst West,2019,9,15,4,3,5,2,0,1,1,0,0,0,0,0
9814,199117,11,10,10010310,Alt-Marzahn,2019,9,15,4,3,5,7,0,0,0,0,1,0,1,0
9815,199118,11,3,3040614,Pankow Zentrum,2019,9,14,3,3,5,3,0,0,1,0,1,0,0,0
9816,199119,11,1,1011202,Unter den Linden Nord,2019,9,11,4,3,0,1,0,1,0,0,0,0,0,0
9817,199120,11,2,2030402,Wrangelkiez,2019,9,23,3,3,1,5,2,0,0,0,0,0,1,0
9818,199121,11,7,7040405,Rathaus Tempelhof,2019,9,13,4,3,5,3,0,0,1,0,0,0,0,0
9819,199122,11,1,1044201,Reinickendorfer Straße,2019,9,12,4,3,5,2,0,1,1,0,0,0,0,0
9820,199123,11,1,1022202,Heidestraße,2019,9,15,3,3,5,2,0,1,1,0,0,0,0,0
9821,199124,11,5,5010314,Carl-Schurz-Straße,2019,9,20,3,2,6,4,1,0,1,1,0,0,0,0
9822,199125,11,1,1022202,Heidestraße,2019,9,8,4,2,0,7,0,0,1,0,0,0,0,0
9823,199126,11,5,5020523,Maulbeerallee,2019,9,13,3,3,2,7,0,0,1,0,0,0,0,0
9824,199127,11,1,1011201,Wilhelmstraße,2019,9,20,3,3,2,6,2,1,1,0,0,0,0,0
9825,199128,11,1,1033101,Soldiner Straße,2019,9,16,3,2,5,3,0,0,1,0,1,0,0,0
9826,199129,11,12,12214527,Alt-Tegel,2019,9,15,3,3,5,3,0,1,1,0,0,0,0,0
9827,199130,11,8,8020622,Parchimer Allee,2019,9,19,3,3,5,2,1,0,1,0,0,0,0,0
9828,199131,11,6,6030606,Hindenburgdamm,2019,9,12,3,3,1,5,0,0,1,0,1,0,0,0
9829,199132,11,5,5020625,Borkumer Straße,2019,9,16,3,3,5,2,0,0,1,0,0,0,0,0
9830,199133,11,1,1011202,Unter den Linden Nord,2019,9,14,3,2,0,1,0,0,0,0,0,0,1,0
9831,199134,11,2,2030401,Reichenberger Straße,2019,9,16,3,3,3,6,0,0,1,0,1,0,0,0
9832,199135,11,9,9020802,Köllnische Vorstadt,2019,9,18,3,3,2,6,0,0,1,0,0,0,0,0
9833,199136,11,9,9010301,Baumschulenstraße,2019,9,16,3,3,5,3,0,0,1,0,0,0,0,0
9834,199137,11,2,2040502,Friedenstraße,2019,9,14,3,3,2,7,0,1,1,0,0,0,0,0
9835,199138,11,5,5010311,Eiswerder,2019,9,16,3,3,5,7,0,0,1,0,1,0,0,0
9836,199139,11,6,6030607,Goerzwerke,2019,9,13,3,3,5,3,0,0,1,0,0,0,1,0
9837,199140,11,4,4051446,Preußenpark,2019,9,15,3,3,1,5,0,1,1,0,0,0,0,0
9838,199141,11,12,12103220,Humboldtstraße,2019,9,16,3,3,5,3,0,0,1,0,1,0,0,0
9839,199142,11,6,6030609,Augustaplatz,2019,9,15,3,3,2,6,0,0,1,0,0,0,1,0
9840,199143,11,9,9020701,Adlershof West,2019,9,17,3,3,5,2,0,1,0,0,0,0,1,0
9841,199144,11,1,1044102,Schillerpark,2019,9,15,3,3,2,6,0,1,1,0,0,0,0,0
9842,199145,11,4,4030725,Amtsgerichtsplatz,2019,9,13,3,3,0,3,0,0,1,0,0,0,1,1
9843,199146,11,1,1022102,Beusselkiez,2019,9,15,3,3,0,4,0,0,0,1,0,0,1,0
9844,199147,11,2,2030302,Lausitzer Platz,2019,9,15,3,3,2,7,0,1,1,0,0,0,0,0
9845,199148,11,10,10020415,Hellersdorfer Promenade,2019,9,13,3,2,1,5,0,0,1,0,0,0,1,1
9846,199149,11,12,12301205,Waidmannslust,2019,9,14,3,3,2,6,0,0,1,0,0,0,0,0
9847,199150,11,6,6030501,Berlepschstraße,2019,9,16,3,2,5,3,0,1,1,0,0,0,0,0
9848,199151,11,10,10040933,Mahlsdorf Süd,2019,9,14,3,3,3,6,0,1,1,0,0,0,0,0
9849,199152,11,11,11040925,Victoriastadt,2019,9,14,3,3,5,3,0,1,1,0,0,0,0,0
9850,199153,11,3,3040614,Pankow Zentrum,2019,9,12,3,3,5,2,0,1,1,0,0,0,0,0
9851,199154,11,10,10010310,Alt-Marzahn,2019,9,14,3,3,5,2,0,1,1,0,0,0,0,0
9852,199155,11,8,8010211,Flughafenstraße,2019,9,11,3,3,5,7,0,0,1,0,0,0,0,0
9853,199156,11,4,4041342,Schlangenbader Straße,2019,9,13,3,3,0,5,0,0,1,0,1,0,0,0
9854,199157,11,8,8020622,Parchimer Allee,2019,9,11,3,3,5,2,0,0,1,0,0,0,1,0
9855,199158,11,4,4030931,Breitscheidplatz,2019,9,12,3,3,6,7,0,0,1,1,0,0,0,0
9856,199159,11,2,2020202,Rathaus Yorckstraße,2019,9,10,3,3,5,2,0,1,1,0,0,0,0,0
9857,199160,11,3,3051017,Rennbahnstraße,2019,9,10,3,3,0,2,0,0,0,0,1,1,0,0
9858,199161,11,8,8041036,Zittauer Straße,2019,9,10,3,2,5,7,0,0,1,0,1,0,0,0
9859,199162,11,1,1011303,Alexanderplatzviertel,2019,9,10,3,3,5,2,0,0,1,0,0,0,1,0
9860,199163,11,3,3040818,Pankow Süd,2019,9,10,3,3,6,2,0,0,1,1,0,0,0,1
9861,199164,11,1,1044202,Sparrplatz,2019,9,10,3,3,5,2,0,1,1,0,0,0,0,0
9862,199165,11,4,4030725,Amtsgerichtsplatz,2019,9,10,3,2,5,2,0,0,1,0,1,0,0,1
9863,199166,11,9,9020701,Adlershof West,2019,9,9,3,3,6,2,0,0,1,1,0,0,0,0
9864,199167,11,4,4030417,Schloßstraße,2019,9,10,3,3,0,1,0,1,0,0,0,0,0,1
9865,199168,11,3,3061126,Arnimplatz,2019,9,22,3,3,0,1,2,1,0,0,0,0,0,0
9866,199169,11,11,11051229,Rummelsburg,2019,9,9,3,3,1,5,0,1,0,0,0,1,0,0
9867,199170,11,1,1044103,Westliche Müllerstraße,2019,9,10,3,3,0,7,0,1,0,0,0,0,0,1
9868,199171,11,11,11030721,Rüdigerstraße,2019,9,8,3,3,0,6,0,1,1,0,0,0,0,0
9869,199172,11,7,7040401,Neu-Tempelhof,2019,9,8,3,3,5,2,0,1,1,0,0,0,0,0
9870,199173,11,5,5010101,Hakenfelde Nord,2019,9,8,3,3,2,6,0,0,1,0,0,0,1,0
9871,199174,11,8,8020727,Buckow Mitte,2019,9,9,3,3,6,7,0,0,1,1,0,0,0,0
9872,199175,11,4,4051448,Schaperstraße,2019,9,8,3,3,5,3,0,0,1,0,0,0,0,0
9873,199176,11,2,2020203,Viktoriapark,2019,9,9,3,3,5,2,0,1,0,0,0,0,1,1
9874,199177,11,11,11030618,Fennpfuhl West,2019,9,7,3,3,6,4,0,0,0,1,1,0,0,0
9875,199178,11,2,2020205,Chamissokiez,2019,9,21,3,2,3,7,2,1,1,0,0,0,0,0
9876,199179,11,3,3051017,Rennbahnstraße,2019,9,7,3,3,5,2,0,1,1,0,0,0,0,0
9877,199180,11,1,1011103,Lützowstraße,2019,9,7,3,3,2,6,0,0,1,0,0,0,0,1
9878,199181,11,6,6010205,Südende,2019,9,7,3,2,6,4,0,0,1,1,0,0,0,0
9879,199182,11,2,2050803,Stralauer Kiez,2019,9,7,3,3,5,2,0,1,1,0,0,0,0,1
9880,199183,11,1,1011202,Unter den Linden Nord,2019,9,6,3,3,5,3,0,1,1,0,0,0,0,0
9881,199184,11,1,1011302,Oranienburger Straße,2019,9,23,3,3,5,3,2,1,0,0,1,0,0,0
9882,199185,11,8,8041036,Zittauer Straße,2019,9,16,3,3,5,3,0,1,1,0,0,0,0,0
9883,199186,11,10,10010205,Marzahn Ost,2019,9,18,3,3,5,3,0,1,1,0,0,0,0,0
9884,199187,11,4,4030620,Alt-Lietzow,2019,9,17,3,3,0,4,0,1,0,1,0,0,0,0
9885,199188,11,10,10030724,Oberfeldstraße,2019,9,8,3,3,0,3,0,0,1,0,0,0,1,0
9886,199189,11,8,8010117,Schillerpromenade,2019,9,14,3,3,2,6,0,0,1,0,0,0,1,0
9887,199190,11,4,4051652,Nikolsburger Platz,2019,9,17,3,2,5,2,0,0,1,0,1,0,0,0
9888,199191,11,6,6020409,Königsberger Straße,2019,9,16,3,3,5,3,0,0,1,0,0,0,1,0
9889,199192,11,12,12301203,Wittenau Süd,2019,9,19,3,1,5,3,2,0,1,0,1,0,0,0
9890,199193,11,5,5010207,Darbystraße,2019,9,11,3,3,2,6,0,0,1,0,0,0,1,0
9891,199194,11,2,2030402,Wrangelkiez,2019,9,14,2,3,1,5,0,1,1,0,0,0,0,0
9892,199195,11,3,3061228,Erich-Weinert-Straße,2019,9,1,3,3,5,3,2,0,1,0,0,0,0,1
9893,199196,11,8,8010212,Rollberg,2019,9,14,2,3,2,2,0,0,1,0,1,0,0,0
9894,199197,11,2,2040701,Andreasviertel,2019,9,14,3,3,1,5,0,0,1,0,0,0,1,0
9895,199198,11,10,10040828,Kaulsdorf Nord,2019,9,10,2,3,5,3,0,1,0,0,0,0,1,0
9896,199199,11,11,11020513,Orankesee,2019,9,6,2,2,6,7,1,1,0,1,0,0,0,0
9897,199200,11,11,11051332,Karlshorst Süd,2019,9,8,2,3,2,2,0,1,1,0,0,0,0,0
9898,199201,11,11,11020411,Malchower Weg,2019,9,22,2,3,1,1,2,0,1,0,0,0,0,1
9899,199202,11,7,7030301,Friedenau,2019,9,16,2,3,5,3,0,1,0,0,0,0,0,0
9900,199203,11,7,7020204,Schöneberger Insel,2019,9,12,2,2,5,3,0,1,1,0,0,0,0,1
9901,199204,11,11,11051331,Karlshorst Nord,2019,9,5,2,3,6,7,2,0,1,0,0,0,1,1
9902,199205,11,12,12231101,Hermsdorf,2019,9,21,2,2,5,3,2,0,1,0,1,0,0,0
9903,199206,11,12,12302109,Treuenbrietzener Straße,2019,9,20,2,3,5,3,2,0,1,0,0,0,0,1
9904,199207,11,1,1011303,Alexanderplatzviertel,2019,9,18,2,3,6,7,0,0,1,1,0,0,0,0
9905,199208,11,12,12103116,Hausotterplatz,2019,9,19,2,3,5,3,2,0,1,0,0,0,0,1
9906,199209,11,1,1011203,Unter den Linden Süd,2019,9,18,2,3,3,6,0,1,1,0,0,0,0,0
9907,199210,11,5,5020625,Borkumer Straße,2019,9,5,2,3,6,2,2,0,1,1,0,0,0,1
9908,199211,11,12,12304313,Borsigwalde,2019,9,18,2,2,6,4,0,0,1,1,0,0,0,0
9909,199212,11,1,1022101,Huttenkiez,2019,9,19,2,3,2,6,1,0,1,0,0,0,0,1
9910,199213,11,1,1022206,Lüneburger Straße,2019,9,18,2,3,2,6,0,0,1,0,0,0,0,1
9911,199214,11,1,1011306,Heine-Viertel Ost,2019,9,17,2,3,5,3,0,1,1,0,0,0,0,0
9912,199215,11,4,4051447,Ludwigkirchplatz,2019,9,17,2,3,5,2,0,1,1,0,0,0,0,0