,object id,city,district,sub district key,street,year,month,hour of day,weekday,category,accident type,accident type 2,light situation,bike involved,car involved,pedestrian involved,motor bike involved,big track involved,other vehicle involved,road condition
9913,199216,11,6,6030605,Botanischer Garten,2019,9,13,2,3,2,6,0,0,1,0,1,0,0,1
9914,199217,11,12,12214125,Waldidyll/Flughafensee,2019,9,16,2,3,6,4,0,0,1,1,0,0,0,1
9915,199218,11,7,7040403,Manteuffelstraße,2019,9,17,2,3,5,3,0,0,1,0,0,0,0,0
9916,199219,11,8,8020621,Mohriner Allee Nord,2019,9,12,2,3,2,6,0,0,1,0,0,0,1,1
9917,199220,11,4,4020311,Reichsstraße,2019,9,17,2,3,5,2,0,1,1,0,0,0,0,0
9918,199221,11,12,12214423,Mellerbogen,2019,9,16,2,3,5,3,0,0,1,0,0,0,0,1
9919,199222,11,6,6030503,Zehlendorf Mitte,2019,9,16,2,3,5,2,0,0,1,0,0,0,0,1
9920,199223,11,5,5010311,Eiswerder,2019,9,17,2,3,5,3,0,1,1,0,0,0,0,0
9921,199224,11,6,6040809,Thielallee,2019,9,10,2,3,2,7,0,0,1,0,0,0,0,1
9922,199225,11,4,4020311,Reichsstraße,2019,9,10,2,3,1,5,0,1,0,0,0,1,0,1
9923,199226,11,4,4030623,Ernst-Reuter-Platz,2019,9,15,2,3,2,6,0,0,1,0,0,0,0,0
9924,199227,11,1,1044201,Reinickendorfer Straße,2019,9,16,2,3,5,3,0,0,1,0,0,0,0,1
9925,199228,11,5,5020524,Weinmeisterhornweg,2019,9,16,2,2,6,2,0,0,1,1,0,0,0,1
9926,199229,11,7,7050506,Birnhornweg,2019,9,23,2,3,5,2,2,0,1,0,0,0,1,0
9927,199230,11,4,4051447,Ludwigkirchplatz,2019,9,16,2,3,6,4,0,0,1,1,0,0,0,1
9928,199231,11,7,7050506,Birnhornweg,2019,9,16,2,3,5,2,0,0,1,0,0,0,0,0
9929,199232,11,5,5020625,Borkumer Straße,2019,9,15,2,3,5,2,0,1,1,0,0,0,0,1
9930,199233,11,2,2020206,Graefekiez,2019,9,15,2,3,2,6,0,0,1,0,0,0,0,0
9931,199234,11,9,9051901,Dammvorstadt,2019,9,9,2,3,8,1,0,0,1,0,0,0,0,1
9932,199235,11,5,5010101,Hakenfelde Nord,2019,9,15,2,3,4,1,0,0,1,0,0,0,0,0
9933,199236,11,8,8010301,Reuterkiez,2019,9,15,2,3,5,3,0,1,1,0,0,0,0,1
9934,199237,11,4,4030726,Droysenstraße,2019,9,9,2,3,5,2,0,0,1,0,0,0,1,1
9935,199238,11,8,8010508,Weiße Siedlung,2019,9,8,2,3,2,6,0,0,1,0,0,0,0,0
9936,199239,11,5,5010207,Darbystraße,2019,9,12,2,2,5,2,0,0,1,0,1,0,0,0
9937,199240,11,5,5010339,Freiheit,2019,9,14,2,3,2,6,0,0,1,0,0,0,0,1
9938,199241,11,8,8020625,Handwerker-Siedlung,2019,9,9,2,3,0,6,0,0,1,0,1,0,0,1
9939,199242,11,8,8010510,Gewerbegebiet Köllnische Heide,2019,9,12,2,2,5,3,0,1,1,0,0,0,0,0
9940,199243,11,4,4030622,Richard-Wagner-Straße,2019,9,14,2,3,6,4,0,1,0,1,0,0,0,1
9941,199244,11,3,3040512,Wilhelmsruh,2019,9,15,2,3,2,6,0,0,1,0,0,0,0,0
9942,199245,11,2,2030402,Wrangelkiez,2019,9,14,2,3,5,3,0,1,1,0,0,0,0,1
9943,199246,11,6,6040806,Fischtal,2019,9,12,2,2,5,2,0,0,1,0,1,0,0,0
9944,199247,11,2,2020205,Chamissokiez,2019,9,9,2,3,6,2,0,0,1,1,0,0,0,1
9945,199248,11,3,3030405,Karow Nord,2019,9,7,2,3,2,7,0,0,1,0,1,0,0,0
9946,199249,11,2,2050602,Samariterviertel,2019,9,14,2,3,2,6,1,0,1,0,0,1,0,1
9947,199250,11,1,1011304,Karl-Marx-Allee,2019,9,8,2,3,0,3,0,1,0,0,1,0,0,0
9948,199251,11,5,5020625,Borkumer Straße,2019,9,16,6,3,5,2,0,0,1,0,0,0,0,0
9949,199252,11,12,12302212,Rollbergesiedlung,2019,9,16,6,3,2,6,0,0,1,0,0,0,0,0
9950,199253,11,8,8041037,Alt-Rudow,2019,9,16,6,3,1,1,0,0,1,0,1,0,0,0
9951,199254,11,1,1033102,Gesundbrunnen,2019,9,16,6,3,3,6,0,0,1,0,1,0,0,0
9952,199255,11,1,1011303,Alexanderplatzviertel,2019,9,16,6,3,5,2,0,1,1,0,0,0,0,0
9953,199256,11,8,8030831,Gropiusstadt Ost,2019,9,15,6,2,5,2,0,1,1,0,0,0,0,0
9954,199257,11,9,9010402,Johannisthal Ost,2019,9,15,6,3,0,1,0,1,0,0,0,0,0,0
9955,199258,11,4,4041137,Flinsberger Platz,2019,9,14,6,3,2,6,0,0,1,0,0,0,0,0
9956,199259,11,5,5030731,Gartenfelder Straße,2019,9,14,6,3,5,3,0,0,1,0,0,0,1,0
9957,199260,11,2,2010102,Mehringplatz,2019,9,14,6,3,0,5,0,0,1,0,1,0,0,0
9958,199261,11,9,9020701,Adlershof West,2019,9,14,6,3,5,2,0,1,1,0,0,0,0,0
9959,199262,11,11,11030618,Fennpfuhl West,2019,9,14,6,3,6,7,0,0,1,1,0,0,0,0
9960,199263,11,4,4030623,Ernst-Reuter-Platz,2019,9,14,6,2,3,6,0,0,1,0,0,0,1,0
9961,199264,11,1,1011303,Alexanderplatzviertel,2019,9,13,6,3,2,6,0,1,1,0,0,0,0,0
9962,199265,11,4,4051446,Preußenpark,2019,9,13,6,3,5,7,0,0,1,0,0,0,0,0
9963,199266,11,1,1022104,Emdener Straße,2019,9,21,6,3,0,1,2,0,0,0,1,0,0,0
9964,199267,11,3,3071536,Teutoburger Platz,2019,9,21,6,3,0,1,2,0,0,0,0,0,1,0
9965,199268,11,9,9010202,Köpenicker Landstraße,2019,9,21,6,3,5,3,2,0,1,0,0,0,0,0
9966,199269,11,1,1033101,Soldiner Straße,2019,9,13,6,3,2,6,0,0,1,0,0,0,0,0
9967,199270,11,5,5010103,Amorbacher Weg,2019,9,12,6,3,5,3,0,0,1,0,0,0,0,0
9968,199271,11,8,8020727,Buckow Mitte,2019,9,12,6,3,5,2,0,0,1,0,1,0,0,0
9969,199272,11,12,12224230,Heiligensee,2019,9,12,6,2,2,6,0,0,1,0,1,0,0,0
9970,199273,11,3,3010101,Bucher Forst,2019,9,7,6,3,3,6,0,1,1,0,0,0,0,0
9971,199274,11,9,9041301,Kietzer Feld/Nachtheide,2019,9,12,6,3,2,6,0,0,1,0,0,0,0,0
9972,199275,11,1,1011303,Alexanderplatzviertel,2019,9,7,6,3,0,3,0,0,0,0,1,0,0,0
9973,199276,11,10,10030724,Oberfeldstraße,2019,9,12,6,3,5,3,0,0,1,0,0,0,0,0
9974,199277,11,11,11010310,Mühlengrund,2019,9,6,6,2,4,7,0,0,1,0,0,0,1,0
9975,199278,11,4,4030827,Karl-August-Platz,2019,9,11,6,3,1,5,0,1,1,0,0,0,0,0
9976,199279,11,10,10040828,Kaulsdorf Nord,2019,9,9,6,3,5,3,0,1,1,0,0,0,0,0
9977,199280,11,7,7020204,Schöneberger Insel,2019,9,9,6,2,5,3,0,1,1,0,0,0,0,0
9978,199281,11,11,11030721,Rüdigerstraße,2019,9,9,6,3,0,7,0,0,1,0,0,0,0,0
9979,199282,11,8,8020728,Buckow Ost,2019,9,8,6,3,6,4,0,0,1,1,0,0,0,0
9980,199283,11,4,4041134,Bismarckallee,2019,9,8,6,3,5,2,0,0,1,0,0,0,0,0
9981,199284,11,7,7050502,Fritz-Werner-Straße,2019,9,8,6,3,1,1,0,0,1,0,0,0,0,0
9982,199285,11,10,10020518,Schleipfuhl,2019,9,7,6,3,5,3,0,0,1,0,0,0,1,0
9983,199286,11,1,1022206,Lüneburger Straße,2019,9,14,6,3,0,6,0,0,1,0,0,0,1,0
9984,199287,11,10,10010308,Marzahner Chaussee,2019,9,15,5,2,5,2,0,1,0,0,0,0,0,0
9985,199288,11,4,4020310,Park Ruhwald,2019,9,11,5,3,5,7,0,0,1,0,0,0,0,0
9986,199289,11,1,1011201,Wilhelmstraße,2019,9,21,5,3,0,3,2,0,1,0,1,0,0,0
9987,199290,11,4,4041137,Flinsberger Platz,2019,9,17,5,3,2,7,0,0,1,0,1,0,0,0
9988,199291,11,2,2020206,Graefekiez,2019,9,10,5,3,3,6,0,0,1,0,0,1,0,0
9989,199292,11,8,8010509,Schulenburgpark,2019,9,20,5,3,6,4,2,0,1,1,0,0,0,0
9990,199293,11,5,5020625,Borkumer Straße,2019,9,10,5,3,2,7,0,0,1,0,1,0,0,0
9991,199294,11,2,2020206,Graefekiez,2019,9,19,5,3,6,4,1,1,0,1,0,0,0,0
9992,199295,11,2,2010102,Mehringplatz,2019,9,16,5,2,5,2,0,0,1,0,1,0,0,0
9993,199296,11,5,5020625,Borkumer Straße,2019,9,19,5,3,6,4,1,1,0,1,0,0,0,0
9994,199297,11,1,1011105,Nördlicher Landwehrkanal,2019,9,9,5,3,1,5,0,1,1,0,0,0,0,0
9995,199298,11,10,10020623,Rotes Viertel,2019,9,16,5,3,6,4,0,0,1,1,0,0,0,0
9996,199299,11,1,1033101,Soldiner Straße,2019,9,9,5,3,0,6,0,0,1,0,0,0,1,0
9997,199300,11,1,1022106,Elberfelder Straße,2019,9,15,5,3,5,3,0,0,1,0,0,0,0,0
9998,199301,11,5,5020626,Adamstraße,2019,9,15,5,3,2,6,0,0,1,0,0,0,0,0
9999,199302,11,1,1011401,Invalidenstraße,2019,9,14,5,3,2,3,0,0,1,0,1,0,0,0
10000,199303,11,11,11010103,Dorf Falkenberg,2019,9,19,5,3,5,3,1,0,1,0,0,0,0,0
10001,199304,11,8,8020622,Parchimer Allee,2019,9,8,5,3,0,2,0,1,1,0,0,0,0,0
10002,199305,11,2,2050802,Boxhagener Platz,2019,9,8,5,3,5,2,0,1,1,0,0,0,0,0
10003,199306,11,8,8020622,Parchimer Allee,2019,9,7,5,2,5,2,0,1,1,0,0,0,0,0
10004,199307,11,4,4020310,Park Ruhwald,2019,9,14,5,2,6,4,0,0,0,1,0,0,1,0
10005,199308,11,9,9051901,Dammvorstadt,2019,9,14,5,2,5,7,0,1,1,0,0,0,0,0
10006,199309,11,7,7060604,Marienfelde Süd,2019,9,7,5,3,5,3,0,1,1,0,0,0,0,0
10007,199310,11,8,8010404,Rixdorf,2019,9,17,5,2,5,3,0,0,1,0,0,0,0,0
10008,199311,11,1,1011303,Alexanderplatzviertel,2019,9,14,5,3,6,4,0,1,0,1,0,0,0,0
10009,199312,11,1,1022206,Lüneburger Straße,2019,9,17,5,2,5,2,0,1,1,0,0,0,0,0
10010,199313,11,5,5010209,An der Kappe,2019,9,14,5,3,1,1,0,1,1,0,0,0,0,0
10011,199314,11,11,11040926,Weitlingstraße,2019,9,13,5,2,6,4,0,0,1,1,0,0,0,0
10012,199315,11,2,2030301,Oranienplatz,2019,9,2,5,3,1,5,2,0,1,0,0,0,0,0
10013,199316,11,1,1044101,Rehberge,2019,9,13,5,3,3,6,0,0,1,0,0,1,0,0
10014,199317,11,8,8010508,Weiße Siedlung,2019,9,12,5,3,5,2,0,0,1,0,0,0,0,0
10015,199318,11,5,5030731,Gartenfelder Straße,2019,9,11,5,3,1,5,0,0,1,0,0,0,1,0
10016,199319,11,8,8010211,Flughafenstraße,2019,9,5,5,3,5,7,1,0,1,0,0,0,0,0
10017,199320,11,1,1022201,Stephankiez,2019,9,14,5,3,0,6,0,0,0,0,0,0,1,0
10018,199321,11,3,3051017,Rennbahnstraße,2019,9,13,5,2,5,3,0,0,1,0,0,0,0,0
10019,199322,11,7,7010104,Dennewitzplatz,2019,9,4,5,3,6,2,2,0,1,1,0,0,0,0
10020,199323,11,1,1011101,Stülerstraße,2019,9,13,5,3,2,6,0,0,1,0,0,0,1,0
10021,199324,11,12,12224229,Konradshöhe/Tegelort,2019,9,15,4,2,0,6,0,0,1,0,0,0,1,0
10022,199325,11,4,4030726,Droysenstraße,2019,9,16,4,3,5,3,0,1,1,0,0,0,0,0
10023,199326,11,1,1011204,Leipziger Straße,2019,9,9,4,3,5,3,0,1,1,0,0,0,0,0
10024,199327,11,2,2030401,Reichenberger Straße,2019,9,8,4,3,6,4,0,0,1,1,0,0,0,0
10025,199328,11,8,8041040,Waltersdorfer Chaussee Ost,2019,9,13,4,3,6,2,0,0,1,1,0,0,0,0
10026,199329,11,1,1011202,Unter den Linden Nord,2019,9,13,4,3,5,2,0,1,1,0,0,0,0,0
10027,199330,11,9,9010101,Elsenstraße,2019,9,23,4,3,0,1,2,1,0,0,0,0,0,0
10028,199331,11,11,11040926,Weitlingstraße,2019,9,16,4,3,5,3,0,1,1,0,0,0,0,0
10029,199332,11,10,10040828,Kaulsdorf Nord,2019,9,8,4,3,5,3,0,0,1,0,0,0,0,0
10030,199333,11,1,1022201,Stephankiez,2019,9,22,4,2,1,5,2,1,0,0,0,0,1,0
10031,199334,11,1,1011301,Charitéviertel,2019,9,21,4,3,1,1,2,1,1,0,0,0,0,0
10032,199335,11,6,6040703,Nikolassee,2019,9,19,4,3,1,5,2,1,1,0,0,0,0,0
10033,199336,11,7,7020202,Volkspark (Rudolf-Wilde-Park),2019,9,19,4,3,2,6,1,0,1,0,0,0,0,0
10034,199337,11,5,5010314,Carl-Schurz-Straße,2019,9,18,4,3,5,7,1,0,1,0,1,0,0,0
10035,199338,11,11,11030721,Rüdigerstraße,2019,9,18,4,3,0,3,0,1,1,0,0,0,0,0
10036,199339,11,4,4030623,Ernst-Reuter-Platz,2019,9,18,4,3,6,4,0,0,1,1,0,0,0,0
10037,199340,11,3,3020307,Buchholz,2019,9,17,4,2,6,7,0,0,1,1,0,0,0,0
10038,199341,11,1,1011201,Wilhelmstraße,2019,9,17,4,3,6,2,0,0,1,1,0,0,0,0
10039,199342,11,2,2050803,Stralauer Kiez,2019,9,17,4,3,3,6,0,0,1,0,0,0,0,0
10040,199343,11,6,6030504,Teltower Damm,2019,9,17,4,3,1,7,0,0,1,0,0,0,0,0
10041,199344,11,5,5030730,Zitadellenweg,2019,9,16,4,3,2,3,0,1,1,0,0,0,0,0
10042,199345,11,9,9020701,Adlershof West,2019,9,8,4,3,0,6,0,0,1,0,0,0,0,0
10043,199346,11,5,5020626,Adamstraße,2019,9,16,4,3,5,3,0,0,1,0,0,0,0,0
10044,199347,11,3,3061429,Greifswalder Straße,2019,9,15,4,3,2,2,0,1,1,0,0,0,0,0
10045,199348,11,9,9051701,Hirschgarten,2019,9,6,4,3,5,2,1,1,0,0,0,0,1,0
10046,199349,11,9,9010302,Späthsfelde,2019,9,6,4,3,5,2,0,1,1,0,0,0,0,0
10047,199350,11,1,1011303,Alexanderplatzviertel,2019,9,15,4,3,6,4,0,0,0,1,0,0,1,0
10048,199351,11,5,5010314,Carl-Schurz-Straße,2019,9,5,4,2,6,2,2,0,1,1,0,0,0,0
10049,199352,11,12,12103115,Breitkopfbecken,2019,9,14,4,3,5,2,0,1,1,0,0,0,0,0
10050,199353,11,7,7040405,Rathaus Tempelhof,2019,9,14,4,3,5,3,0,1,1,0,0,0,0,0
10051,199354,11,4,4030620,Alt-Lietzow,2019,9,14,4,3,5,3,0,0,1,0,1,0,0,0
10052,199355,11,12,12302110,Dannenwalder Weg,2019,9,14,4,3,6,4,0,0,1,1,0,0,0,1
10053,199356,11,7,7010102,Nollendorfplatz,2019,9,13,4,2,6,2,0,0,1,1,0,0,0,0
10054,199357,11,2,2030302,Lausitzer Platz,2019,9,13,4,3,0,3,0,1,0,0,1,0,0,0
10055,199358,11,11,11051331,Karlshorst Nord,2019,9,10,4,2,4,2,0,1,0,0,0,0,1,0
10056,199359,11,1,1033202,Humboldthain Süd,2019,9,7,4,3,6,2,0,0,1,1,0,0,0,0
10057,199360,11,12,12214422,Klixstraße,2019,9,10,4,3,5,2,0,0,1,0,0,0,1,0
10058,199361,11,8,8010406,Treptower Straße Nord,2019,9,9,4,2,5,3,0,0,1,0,1,0,0,0
10059,199362,11,5,5010208,Germersheimer Platz,2019,9,9,4,3,5,3,0,1,1,0,0,0,0,0
10060,199363,11,10,10010308,Marzahner Chaussee,2019,9,9,4,3,5,2,0,1,1,0,0,0,0,0
10061,199364,11,2,2040701,Andreasviertel,2019,9,8,4,3,5,2,0,1,1,0,0,0,0,0
10062,199365,11,8,8020622,Parchimer Allee,2019,9,7,4,3,5,7,0,1,1,0,0,0,0,0
10063,199366,11,2,2030302,Lausitzer Platz,2019,9,6,4,3,5,3,0,1,0,0,1,0,0,1
10064,199367,11,5,5020625,Borkumer Straße,2019,9,9,4,2,5,3,0,0,1,0,0,0,1,0
10065,199368,11,2,2020205,Chamissokiez,2019,9,16,3,3,1,5,0,1,1,0,0,0,0,0
10066,199369,11,3,3050923,Weißenseer Spitze,2019,9,22,3,3,5,3,2,0,1,0,0,0,0,1
10067,199370,11,1,1022207,Hansaviertel,2019,9,22,3,2,6,4,2,1,0,1,0,0,0,1
10068,199371,11,1,1011401,Invalidenstraße,2019,9,21,3,3,6,4,2,1,0,1,0,0,0,1
10069,199372,11,10,10010206,Ringkolonnaden,2019,9,20,3,2,5,3,2,0,1,0,0,0,0,1
10070,199373,11,1,1033102,Gesundbrunnen,2019,9,19,3,3,5,2,1,0,1,0,0,0,1,1
10071,199374,11,5,5020627,Tiefwerder,2019,9,19,3,3,5,2,2,0,1,0,0,0,0,0
10072,199375,11,3,3061429,Greifswalder Straße,2019,9,19,3,2,6,4,0,0,1,1,0,0,0,1
10073,199376,11,12,12103219,Schäfersee,2019,9,18,3,3,2,6,1,0,1,0,0,0,0,1
10074,199377,11,2,2040502,Friedenstraße,2019,9,18,3,3,2,7,1,0,1,0,1,0,0,1
10075,199378,11,8,8010301,Reuterkiez,2019,9,18,3,3,6,4,2,0,0,1,1,0,0,1
10076,199379,11,2,2040502,Friedenstraße,2019,9,17,3,3,0,2,1,1,1,0,0,0,0,1
10077,199380,11,3,3040818,Pankow Süd,2019,9,18,3,3,5,2,0,0,1,0,1,0,0,1
10078,199381,11,8,8040933,Vogelviertel Süd,2019,9,15,3,3,0,2,0,1,1,0,0,0,0,0
10079,199382,11,3,3061228,Erich-Weinert-Straße,2019,9,16,3,2,2,6,0,0,1,0,0,0,0,1
10080,199383,11,9,9051901,Dammvorstadt,2019,9,17,3,3,2,6,0,0,1,0,0,0,0,1
10081,199384,11,10,10010102,Havemannstraße,2019,9,17,3,3,5,3,1,0,1,0,1,0,0,1
10082,199385,11,9,9051901,Dammvorstadt,2019,9,17,3,3,2,6,0,0,1,0,0,0,0,1
10083,199386,11,2,2030302,Lausitzer Platz,2019,9,14,3,3,2,6,0,0,1,0,1,0,0,1
10084,199387,11,5,5030730,Zitadellenweg,2019,9,14,3,3,2,6,0,0,1,0,0,0,0,1
10085,199388,11,4,4030621,Spreestadt,2019,9,12,3,3,6,4,0,0,0,1,1,0,0,1
10086,199389,11,11,11040926,Weitlingstraße,2019,9,12,3,2,5,2,0,1,1,0,0,0,0,1
10087,199390,11,2,2020203,Viktoriapark,2019,9,11,3,3,3,6,0,0,1,0,0,0,0,0
10088,199391,11,10,10010308,Marzahner Chaussee,2019,9,11,3,3,5,2,0,0,1,0,0,0,0,0
10089,199392,11,3,3050925,Komponistenviertel Weißensee,2019,9,11,3,2,5,2,0,0,1,0,0,0,1,0
10090,199393,11,7,7010101,Wittenbergplatz/Viktoria-Luise-Platz,2019,9,10,3,3,5,7,0,0,0,0,1,0,1,0
10091,199394,11,2,2010103,Moritzplatz,2019,9,12,4,3,2,6,0,0,1,0,0,1,0,1
10092,199395,11,3,3061228,Erich-Weinert-Straße,2019,9,10,3,3,5,3,0,0,1,0,1,0,0,0
10093,199396,11,11,11030619,Fennpfuhl Ost,2019,9,5,3,3,7,7,1,1,0,0,0,0,0,0
10094,199397,11,4,4051446,Preußenpark,2019,9,10,3,3,5,2,0,1,1,0,0,0,0,0
10095,199398,11,4,4030623,Ernst-Reuter-Platz,2019,9,23,3,3,2,1,2,0,1,0,1,0,0,0
10096,199399,11,8,8010211,Flughafenstraße,2019,9,9,3,3,2,6,0,0,1,0,0,0,0,0
10097,199400,11,3,3020307,Buchholz,2019,9,9,3,3,5,2,0,1,1,0,0,0,0,0
10098,199401,11,12,12301203,Wittenau Süd,2019,9,23,3,3,5,3,2,1,1,0,0,0,0,0
10099,199402,11,6,6030504,Teltower Damm,2019,9,15,3,3,5,3,0,1,0,0,0,0,0,0
10100,199403,11,2,2020203,Viktoriapark,2019,9,9,3,3,2,2,0,1,1,0,0,0,0,0
10101,199404,11,6,6020302,Komponistenviertel Lankwitz,2019,9,8,3,2,1,5,0,1,1,0,0,0,0,0
10102,199405,11,5,5020626,Adamstraße,2019,9,21,3,3,5,3,2,1,1,0,0,0,0,0
10103,199406,11,5,5020419,Magistratsweg,2019,9,8,3,3,0,2,0,1,0,0,0,0,1,0
10104,199407,11,3,3040818,Pankow Süd,2019,9,8,3,3,6,7,0,1,0,1,0,0,0,0
10105,199408,11,11,11010204,Falkenberg Ost,2019,9,6,3,3,5,2,0,1,1,0,0,0,0,0
10106,199409,11,1,1044101,Rehberge,2019,9,16,3,3,1,1,0,0,1,0,0,0,0,1
10107,199410,11,9,9052001,Köpenick Nord,2019,9,16,3,2,5,7,0,0,1,0,0,0,1,0
10108,199411,11,2,2010103,Moritzplatz,2019,9,17,3,2,6,4,0,0,0,1,1,0,0,0
10109,199412,11,6,6010207,Mittelstraße,2019,9,16,3,3,5,3,0,1,0,0,0,0,1,1
10110,199413,11,2,2010103,Moritzplatz,2019,9,16,3,3,5,3,0,0,1,0,0,0,0,0
10111,199414,11,3,3040818,Pankow Süd,2019,9,16,3,3,5,3,0,1,1,0,0,0,0,1
10112,199415,11,2,2010103,Moritzplatz,2019,9,16,3,3,5,3,0,1,1,0,0,0,0,1
10113,199416,11,10,10040931,Mahlsdorf Nord,2019,9,16,3,2,2,6,0,0,1,0,0,0,0,0
10114,199417,11,2,2020204,Urbanstraße,2019,9,16,3,3,5,7,0,1,1,0,0,0,0,1
10115,199418,11,11,11020515,Landsberger Allee,2019,9,15,3,3,0,3,0,0,1,0,0,0,1,0
10116,199419,11,11,11030619,Fennpfuhl Ost,2019,9,6,3,3,6,4,0,0,0,1,1,0,0,0
10117,199420,11,4,4030931,Breitscheidplatz,2019,9,15,3,2,3,6,0,0,1,0,1,0,0,0
10118,199421,11,11,11020411,Malchower Weg,2019,9,16,3,2,5,3,0,0,1,0,1,0,0,1
10119,199422,11,1,1044103,Westliche Müllerstraße,2019,9,16,3,3,5,3,0,0,1,0,0,0,0,1
10120,199423,11,5,5020625,Borkumer Straße,2019,9,15,3,3,5,7,0,1,1,0,0,0,0,0
10121,199424,11,12,12103115,Breitkopfbecken,2019,9,15,3,3,6,4,0,0,1,1,0,0,0,0
10122,199425,11,2,2040502,Friedenstraße,2019,9,15,3,3,2,7,0,0,1,0,0,0,0,1
10123,199426,11,2,2010103,Moritzplatz,2019,9,15,3,3,5,3,0,1,1,0,0,0,0,1
10124,199427,11,8,8041036,Zittauer Straße,2019,9,14,3,3,5,3,0,1,1,0,0,0,0,0
10125,199428,11,11,11020514,Große-Leege-Straße,2019,9,15,3,2,0,3,0,1,1,0,0,0,0,1
10126,199429,11,1,1022201,Stephankiez,2019,9,13,3,3,5,2,0,0,1,0,0,0,0,0
10127,199430,11,11,11030721,Rüdigerstraße,2019,9,15,3,3,0,1,0,0,0,0,1,0,0,1
10128,199431,11,1,1011103,Lützowstraße,2019,9,13,3,3,5,2,0,0,1,0,0,0,0,0
10129,199432,11,11,11030720,Herzbergstraße,2019,9,14,3,2,2,6,0,0,1,0,0,1,1,1
10130,199433,11,1,1033101,Soldiner Straße,2019,9,10,3,3,5,2,0,0,1,0,1,0,0,0
10131,199434,11,2,2010104,Wassertorplatz,2019,9,14,3,3,2,6,0,0,1,0,1,0,0,1
10132,199435,11,1,1011301,Charitéviertel,2019,9,13,3,3,0,1,0,0,0,0,1,0,0,1
10133,199436,11,3,3071638,Winsstraße,2019,9,10,3,3,2,5,0,0,1,0,0,0,0,0
10134,199437,11,1,1011204,Leipziger Straße,2019,9,8,3,3,5,2,0,1,1,0,0,0,0,0
10135,199438,11,7,7010102,Nollendorfplatz,2019,9,17,3,3,5,3,0,1,1,0,0,0,0,0
10136,199439,11,1,1044201,Reinickendorfer Straße,2019,9,8,3,3,5,2,0,1,1,0,0,0,0,0
10137,199440,11,7,7040402,Lindenhofsiedlung,2019,9,17,2,3,0,7,0,0,0,0,1,0,1,1
10138,199441,11,2,2030401,Reichenberger Straße,2019,9,8,3,3,0,2,0,1,0,0,1,0,0,0
10139,199442,11,8,8010405,Hertzbergplatz,2019,9,13,2,3,2,7,0,0,1,0,0,0,1,0
10140,199443,11,3,3050924,Behaimstraße,2019,9,8,3,3,2,6,0,1,1,0,0,0,0,0
10141,199444,11,1,1044202,Sparrplatz,2019,9,7,2,3,5,2,0,0,1,0,0,1,0,0
10142,199445,11,2,2010102,Mehringplatz,2019,9,7,3,3,2,6,1,0,1,0,0,1,0,0
10143,199446,11,4,4030827,Karl-August-Platz,2019,9,12,2,3,6,4,0,0,1,1,0,0,0,0
10144,199447,11,6,6010204,Munsterdamm,2019,9,22,2,3,1,5,2,0,1,0,0,0,0,0
10145,199448,11,1,1011302,Oranienburger Straße,2019,9,7,3,3,3,6,0,1,1,0,0,0,0,0
10146,199449,11,1,1022103,Westhafen,2019,9,18,2,3,5,2,0,0,1,0,1,0,0,0
10147,199450,11,12,12231102,Frohnau,2019,9,7,3,3,2,7,0,0,1,0,0,0,0,0
10148,199451,11,12,12301206,Lübars,2019,9,18,2,3,2,6,0,0,1,0,0,0,0,0
10149,199452,11,1,1022101,Huttenkiez,2019,9,17,2,3,5,2,0,1,1,0,0,0,0,0
10150,199453,11,4,4020313,Königin-Elisabeth-Straße,2019,9,7,3,3,2,2,1,0,1,0,0,0,0,0
10151,199454,11,3,3040614,Pankow Zentrum,2019,9,17,2,3,4,6,0,1,1,0,0,0,0,0
10152,199455,11,4,4030519,Kaiserin-Augusta-Allee,2019,9,5,3,3,6,4,2,0,0,1,1,0,0,0
10153,199456,11,4,4010101,Jungfernheide,2019,9,17,2,3,3,6,0,0,1,0,0,0,0,0
10154,199457,11,10,10020413,Gut Hellersdorf,2019,9,0,3,3,9,1,2,0,1,0,0,0,0,0
10155,199458,11,7,7040402,Lindenhofsiedlung,2019,9,17,2,3,0,7,0,0,0,0,1,0,0,1
10156,199459,11,2,2010102,Mehringplatz,2019,9,22,3,2,5,3,2,1,1,1,0,0,0,0
10157,199460,11,7,7040402,Lindenhofsiedlung,2019,9,17,2,3,0,7,0,0,0,0,1,0,1,1
10158,199461,11,8,8030831,Gropiusstadt Ost,2019,9,16,2,2,5,2,0,1,0,0,0,0,1,0
10159,199462,11,8,8010214,Glasower Straße,2019,9,9,2,3,0,3,0,1,0,0,0,1,0,0
10160,199463,11,9,9020701,Adlershof West,2019,9,14,2,3,5,2,0,1,1,0,0,0,0,0
10161,199464,11,7,7070702,Alt-Lichtenrade/Töpchiner Weg,2019,9,16,2,2,5,3,0,0,1,0,0,0,0,0
10162,199465,11,3,3040818,Pankow Süd,2019,9,20,2,3,0,6,2,1,1,0,0,0,0,0
10163,199466,11,8,8010213,Körnerpark,2019,9,16,2,3,6,7,0,0,0,1,0,0,1,0
10164,199467,11,4,4041238,Kissinger Straße,2019,9,16,2,3,5,3,0,1,1,0,0,0,0,0