,object id,city,district,sub district key,street,year,month,hour of day,weekday,category,accident type,accident type 2,light situation,bike involved,car involved,pedestrian involved,motor bike involved,big track involved,other vehicle involved,road condition
10165,199468,11,9,9010202,Köpenicker Landstraße,2019,9,16,2,3,1,7,0,0,1,0,0,0,0,0
10166,199469,11,11,11010205,Falkenberg West,2019,9,14,2,3,2,6,0,0,1,0,0,0,0,0
10167,199470,11,2,2050802,Boxhagener Platz,2019,9,15,2,3,1,5,0,1,1,0,0,0,0,0
10168,199471,11,12,12214125,Waldidyll/Flughafensee,2019,9,15,2,3,2,6,0,0,1,0,0,0,0,0
10169,199472,11,1,1011102,Großer Tiergarten,2019,9,9,2,3,2,2,0,0,1,0,0,1,0,0
10170,199473,11,1,1044203,Leopoldplatz,2019,9,14,2,2,5,2,0,0,1,0,0,0,0,0
10171,199474,11,9,9031001,Bohnsdorf,2019,9,8,2,3,5,3,0,1,1,0,0,0,0,0
10172,199475,11,8,8010211,Flughafenstraße,2019,9,14,2,3,6,7,0,1,0,1,0,0,0,0
10173,199476,11,5,5030731,Gartenfelder Straße,2019,9,8,2,3,2,6,0,0,1,0,0,0,0,0
10174,199477,11,12,12214424,Scharnweberstraße,2019,9,11,2,2,5,3,0,0,0,0,1,0,1,0
10175,199478,11,10,10010308,Marzahner Chaussee,2019,9,8,2,3,5,2,0,1,1,0,0,0,0,0
10176,199479,11,6,6020305,Gemeindepark Lankwitz,2019,9,14,2,3,2,7,0,0,1,0,1,0,0,0
10177,199480,11,11,11041128,Sewanstraße,2019,9,10,2,3,6,4,0,0,1,1,0,0,0,0
10178,199481,11,4,4051447,Ludwigkirchplatz,2019,9,8,2,3,5,2,0,1,1,0,0,0,0,0
10179,199482,11,1,1011203,Unter den Linden Süd,2019,9,9,2,3,5,2,0,1,1,0,0,0,0,0
10180,199483,11,7,7050501,Rathausstraße,2019,9,7,2,3,2,2,0,0,1,0,0,1,0,0
10181,199484,11,1,1011302,Oranienburger Straße,2019,9,10,2,3,6,7,0,0,1,1,0,0,0,0
10182,199485,11,1,1044203,Leopoldplatz,2019,9,21,2,2,6,4,2,0,1,1,0,0,0,0
10183,199486,11,5,5010313,Ackerstraße,2019,9,14,2,3,2,6,0,0,1,0,0,0,1,0
10184,199487,11,12,12214422,Klixstraße,2019,9,19,2,3,3,6,2,0,1,0,1,0,0,0
10185,199488,11,2,2020204,Urbanstraße,2019,9,9,2,3,5,2,0,1,1,0,0,0,0,1
10186,199489,11,6,6030502,Zehlendorf Süd,2019,9,9,2,3,5,3,0,1,1,0,0,0,0,1
10187,199490,11,9,9051801,Rahnsdorf/Hessenwinkel,2019,9,20,2,2,2,7,2,0,1,0,0,0,0,0
10188,199491,11,1,1044203,Leopoldplatz,2019,9,20,2,3,2,6,2,0,1,0,0,0,0,0
10189,199492,11,4,4030931,Breitscheidplatz,2019,9,9,2,3,6,2,0,0,1,1,0,0,0,0
10190,199493,11,1,1011305,Heine-Viertel West,2019,9,9,2,3,3,6,0,1,1,0,0,0,0,0
10191,199494,11,9,9041501,Altstadt Kietz,2019,9,16,2,3,2,6,0,0,1,0,0,0,0,0
10192,199495,11,4,4030931,Breitscheidplatz,2019,9,8,2,3,2,6,0,1,1,0,0,0,0,1
10193,199496,11,7,7040405,Rathaus Tempelhof,2019,9,9,2,2,5,3,0,1,0,0,0,0,0,0
10194,199497,11,1,1011301,Charitéviertel,2019,9,8,2,3,5,2,0,1,1,0,0,0,0,0
10195,199498,11,3,3061227,Humannplatz,2019,9,8,2,3,0,2,0,1,1,0,0,0,0,0
10196,199499,11,3,3010104,Lietzengraben,2019,9,15,2,3,5,3,0,0,1,0,0,0,0,0
10197,199500,11,6,6020410,Oberhofer Platz,2019,9,7,2,2,5,3,0,1,1,0,0,0,0,0
10198,199501,11,12,12224230,Heiligensee,2019,9,13,2,3,0,7,0,0,1,0,0,0,0,0
10199,199502,11,7,7020202,Volkspark (Rudolf-Wilde-Park),2019,9,14,2,3,5,3,0,1,1,0,0,0,0,0
10200,199503,11,4,4030930,George-Grosz-Platz,2019,9,11,2,3,5,7,0,0,1,0,0,0,1,0
10201,199504,11,1,1011302,Oranienburger Straße,2019,9,19,2,3,0,4,2,1,0,1,0,0,0,0
10202,199505,11,8,8010211,Flughafenstraße,2019,9,11,2,3,5,3,0,0,1,0,0,0,0,0
10203,199506,11,8,8010117,Schillerpromenade,2019,9,7,2,3,2,7,0,0,1,0,0,0,0,0
10204,199507,11,4,4010103,Paul-Hertz-Siedlung,2019,9,13,2,3,6,4,0,0,1,1,0,0,0,0
10205,199508,11,1,1033102,Gesundbrunnen,2019,9,15,1,3,1,5,0,1,1,0,0,0,0,0
10206,199509,11,5,5020521,Döberitzer Weg,2019,9,17,2,3,0,3,0,1,1,0,0,0,0,0
10207,199510,11,11,11051229,Rummelsburg,2019,9,8,1,3,6,4,0,0,1,1,0,0,0,0
10208,199511,11,1,1011302,Oranienburger Straße,2019,9,13,2,3,0,1,0,1,0,0,0,0,0,0
10209,199512,11,4,4030931,Breitscheidplatz,2019,9,16,1,3,5,2,0,1,1,0,0,0,0,0
10210,199513,11,4,4030725,Amtsgerichtsplatz,2019,9,18,1,3,0,7,0,0,0,0,1,0,0,1
10211,199514,11,8,8010301,Reuterkiez,2019,9,9,2,3,5,2,0,1,1,0,0,0,0,0
10212,199515,11,3,3050924,Behaimstraße,2019,9,18,2,3,4,1,1,1,0,0,0,0,1,0
10213,199516,11,8,8010118,Silbersteinstraße,2019,9,16,1,3,0,7,0,0,0,1,0,0,1,0
10214,199517,11,1,1011102,Großer Tiergarten,2019,9,16,1,3,0,1,0,0,0,0,0,0,1,0
10215,199518,11,1,1033203,Humboldthain Nordwest,2019,9,12,2,3,5,3,0,0,1,0,0,0,0,0
10216,199519,11,9,9010101,Elsenstraße,2019,9,16,1,3,2,6,0,1,1,0,0,0,0,0
10217,199520,11,9,9041601,Müggelheim,2019,9,12,2,3,5,3,0,1,1,0,0,0,0,0
10218,199521,11,4,4051551,Brabanter Platz,2019,9,15,1,3,1,5,0,1,1,0,0,0,0,0
10219,199522,11,4,4030620,Alt-Lietzow,2019,9,14,1,3,2,3,0,1,1,0,0,0,0,0
10220,199523,11,3,3071537,Kollwitzplatz,2019,9,18,2,3,2,6,2,0,1,0,0,0,0,0
10221,199524,11,4,4010101,Jungfernheide,2019,9,13,1,3,5,2,0,0,0,0,1,0,0,0
10222,199525,11,4,4010103,Paul-Hertz-Siedlung,2019,9,20,1,3,3,2,2,0,1,0,0,0,0,0
10223,199526,11,4,4051445,Eisenzahnstraße,2019,9,17,2,3,5,2,0,0,1,0,0,0,0,0
10224,199527,11,1,1044102,Schillerpark,2019,9,18,1,2,5,3,0,1,1,0,0,0,0,0
10225,199528,11,1,1022207,Hansaviertel,2019,9,17,2,3,6,7,0,0,1,1,0,0,0,0
10226,199529,11,9,9020701,Adlershof West,2019,9,18,1,3,5,2,0,0,1,0,0,0,0,0
10227,199530,11,7,7040403,Manteuffelstraße,2019,9,17,1,3,5,2,0,1,1,0,0,0,0,0
10228,199531,11,9,9041501,Altstadt Kietz,2019,9,14,2,3,1,1,0,1,1,0,0,0,0,0
10229,199532,11,1,1033201,Brunnenstraße,2019,9,17,2,3,1,5,0,1,1,0,0,0,0,0
10230,199533,11,1,1011102,Großer Tiergarten,2019,9,7,1,3,0,1,0,0,0,0,1,0,0,0
10231,199534,11,2,2030302,Lausitzer Platz,2019,9,0,1,3,0,7,2,1,0,0,0,0,0,0
10232,199535,11,4,4030931,Breitscheidplatz,2019,9,17,2,3,6,7,0,0,0,1,0,0,1,0
10233,199536,11,9,9010101,Elsenstraße,2019,9,6,1,3,5,3,0,1,1,0,0,0,0,0
10234,199537,11,8,8010510,Gewerbegebiet Köllnische Heide,2019,9,11,2,3,2,2,0,0,1,0,0,0,0,0
10235,199538,11,8,8010213,Körnerpark,2019,9,10,2,3,1,5,0,0,1,0,0,0,1,0
10236,199539,11,4,4010102,Plötzensee,2019,9,6,1,3,2,6,1,0,1,0,1,0,0,0
10237,199540,11,4,4030931,Breitscheidplatz,2019,9,4,1,3,5,2,2,0,1,0,0,0,0,0
10238,199541,11,5,5010339,Freiheit,2019,9,10,2,2,1,5,0,0,1,0,0,0,0,0
10239,199542,11,5,5010339,Freiheit,2019,9,1,1,3,1,1,2,0,1,0,0,0,0,0
10240,199543,11,7,7070706,Horstwalder Straße/Paplitzer Straße,2019,9,10,2,3,5,3,0,0,1,0,0,0,0,0
10241,199544,11,9,9030901,Dorf Altglienicke,2019,9,4,7,3,5,3,2,0,1,0,0,0,0,0
10242,199545,11,8,8020727,Buckow Mitte,2019,9,17,2,3,5,7,0,1,1,0,0,0,0,0
10243,199546,11,7,7050503,Eisenacher Straße,2019,9,14,7,3,2,6,0,0,1,0,0,0,0,0
10244,199547,11,3,3040818,Pankow Süd,2019,9,16,2,3,5,2,0,1,1,0,0,0,0,0
10245,199548,11,12,12214421,Reinickes Hof,2019,9,14,7,3,6,4,0,0,1,1,0,0,0,0
10246,199549,11,1,1044101,Rehberge,2019,9,10,2,3,5,3,0,0,1,0,0,0,0,0
10247,199550,11,12,12301205,Waidmannslust,2019,9,14,7,2,0,1,0,1,0,0,0,0,0,0
10248,199551,11,9,9052001,Köpenick Nord,2019,9,10,2,3,2,7,0,0,1,0,1,0,0,0
10249,199552,11,7,7010104,Dennewitzplatz,2019,9,14,7,2,5,2,0,1,1,0,0,0,0,0
10250,199553,11,4,4030623,Ernst-Reuter-Platz,2019,9,13,2,3,0,2,0,0,0,0,0,0,1,0
10251,199554,11,3,3050923,Weißenseer Spitze,2019,9,13,7,3,5,3,0,0,1,0,0,0,0,0
10252,199555,11,9,9020802,Köllnische Vorstadt,2019,9,13,7,3,5,3,0,1,1,0,0,0,0,0
10253,199556,11,1,1044101,Rehberge,2019,9,20,1,3,5,3,2,1,1,0,0,0,0,0
10254,199557,11,9,9051701,Hirschgarten,2019,9,21,7,3,3,6,2,0,1,0,1,0,0,0
10255,199558,11,11,11040926,Weitlingstraße,2019,9,23,1,3,5,3,2,0,1,0,0,0,0,0
10256,199559,11,4,4051655,Babelsberger Straße,2019,9,21,7,3,0,1,2,0,0,0,0,0,1,0
10257,199560,11,6,6010205,Südende,2019,9,23,7,3,6,4,2,0,1,1,0,0,0,0
10258,199561,11,2,2020203,Viktoriapark,2019,9,20,1,3,5,2,2,1,1,0,0,0,0,0
10259,199562,11,1,1044201,Reinickendorfer Straße,2019,9,22,7,2,6,4,1,0,1,1,0,0,0,0
10260,199563,11,3,3061228,Erich-Weinert-Straße,2019,9,21,1,2,5,2,2,1,1,0,0,0,0,0
10261,199564,11,4,4020311,Reichsstraße,2019,9,21,7,3,5,2,2,0,1,0,0,0,0,0
10262,199565,11,1,1033102,Gesundbrunnen,2019,9,21,1,3,3,6,2,0,1,0,0,0,0,0
10263,199566,11,11,11041022,Rosenfelder Ring,2019,9,21,7,3,6,4,2,0,1,1,0,0,0,0
10264,199567,11,9,9051901,Dammvorstadt,2019,9,20,1,3,0,7,2,0,0,0,1,0,0,1
10265,199568,11,1,1011402,Arkonaplatz,2019,9,13,7,3,0,7,0,1,0,0,0,0,0,0
10266,199569,11,7,7040404,Marienhöhe,2019,9,21,7,3,0,1,2,0,0,0,1,0,0,0
10267,199570,11,7,7010102,Nollendorfplatz,2019,9,19,1,3,5,3,2,1,1,0,0,0,0,0
10268,199571,11,4,4030518,Tegeler Weg,2019,9,19,1,3,5,2,2,0,1,0,0,0,1,0
10269,199572,11,6,6010102,Schloßstraße,2019,9,13,7,3,5,2,0,0,1,0,1,0,0,0
10270,199573,11,12,12103116,Hausotterplatz,2019,9,15,1,3,4,6,0,0,1,0,0,0,0,0
10271,199574,11,2,2020203,Viktoriapark,2019,9,20,7,3,1,5,2,1,1,0,0,0,0,0
10272,199575,11,4,4030930,George-Grosz-Platz,2019,9,14,1,2,3,6,0,1,0,0,0,0,1,0
10273,199576,11,6,6010205,Südende,2019,9,12,7,3,5,5,0,0,1,0,0,0,0,0
10274,199577,11,12,12214527,Alt-Tegel,2019,9,11,7,3,5,2,0,0,1,0,0,0,0,0
10275,199578,11,6,6030606,Hindenburgdamm,2019,9,14,1,3,1,5,0,0,1,0,1,0,0,0
10276,199579,11,2,2010101,Askanischer Platz,2019,9,13,1,3,5,7,0,0,1,0,0,0,1,0
10277,199580,11,6,6030610,Lichterfelde West,2019,9,19,7,2,0,1,1,0,0,0,1,0,0,0
10278,199581,11,6,6020303,Lankwitz Kirche,2019,9,18,7,2,2,6,0,0,1,0,0,0,0,0
10279,199582,11,10,10010102,Havemannstraße,2019,9,13,1,3,5,7,0,0,1,0,1,0,0,0
10280,199583,11,6,6020410,Oberhofer Platz,2019,9,10,7,3,0,6,0,0,1,0,1,0,0,0
10281,199584,11,3,3061332,Helmholtzplatz,2019,9,13,1,2,5,7,0,1,1,0,0,0,0,0
10282,199585,11,9,9010401,Johannisthal West,2019,9,9,7,3,3,6,0,1,0,0,0,0,0,0
10283,199586,11,3,3061126,Arnimplatz,2019,9,9,7,3,2,6,0,0,1,0,0,0,0,0
10284,199587,11,12,12214421,Reinickes Hof,2019,9,12,1,3,5,3,0,0,1,0,1,0,0,0
10285,199588,11,9,9020802,Köllnische Vorstadt,2019,9,9,7,2,6,4,0,0,1,1,0,0,0,0
10286,199589,11,9,9041301,Kietzer Feld/Nachtheide,2019,9,12,1,2,5,3,0,0,1,0,1,0,0,0
10287,199590,11,6,6040804,Krumme Lanke,2019,9,9,7,3,6,4,0,1,0,1,0,0,0,0
10288,199591,11,6,6030610,Lichterfelde West,2019,9,19,1,2,2,2,1,1,1,0,0,0,0,0
10289,199592,11,3,3030716,Märchenland,2019,9,8,7,3,6,4,0,1,0,1,0,0,0,0
10290,199593,11,11,11030619,Fennpfuhl Ost,2019,9,11,7,3,5,2,0,1,1,0,0,0,0,0
10291,199594,11,1,1011202,Unter den Linden Nord,2019,9,16,7,3,1,6,0,1,1,0,0,0,0,0
10292,199595,11,12,12301204,Wittenau Nord,2019,9,16,7,3,0,1,0,0,0,0,1,0,0,0
10293,199596,11,11,11030618,Fennpfuhl West,2019,9,20,7,3,1,5,2,0,1,0,0,0,1,0
10294,199597,11,1,1011105,Nördlicher Landwehrkanal,2019,9,19,7,3,5,3,2,0,1,0,0,0,0,0
10295,199598,11,7,7040404,Marienhöhe,2019,9,15,7,3,3,6,0,1,1,0,0,0,0,0
10296,199599,11,9,9010402,Johannisthal Ost,2019,9,14,7,3,5,2,0,0,1,0,0,0,1,0
10297,199600,11,3,3061227,Humannplatz,2019,9,18,7,3,1,5,1,0,1,0,0,0,1,0
10298,199601,11,12,12302110,Dannenwalder Weg,2019,9,2,7,3,1,5,2,0,1,0,0,0,0,0
10299,199602,11,3,3030405,Karow Nord,2019,9,17,7,3,5,3,0,1,1,0,0,0,0,0
10300,199603,11,7,7030303,Grazer Platz,2019,9,0,7,3,1,3,2,1,1,0,0,0,0,0
10301,199604,11,9,9020701,Adlershof West,2019,9,16,7,2,5,2,0,0,1,0,0,0,0,0
10302,199605,11,7,7070706,Horstwalder Straße/Paplitzer Straße,2019,9,13,6,3,1,5,0,1,1,0,0,0,0,0
10303,199606,11,10,10020414,Helle Mitte,2019,9,13,7,3,1,5,0,1,1,0,0,0,0,0
10304,199607,11,4,4051448,Schaperstraße,2019,9,10,6,3,0,7,0,1,0,0,0,0,0,0
10305,199608,11,1,1022202,Heidestraße,2019,9,10,7,3,5,2,0,0,1,0,0,0,0,0
10306,199609,11,12,12214424,Scharnweberstraße,2019,9,14,6,3,5,7,0,0,1,0,0,0,0,0
10307,199610,11,10,10040932,Alt-Mahlsdorf,2019,9,7,7,2,6,4,0,0,0,1,0,0,1,0
10308,199611,11,7,7040403,Manteuffelstraße,2019,9,14,6,3,2,6,0,0,1,0,0,0,0,0
10309,199612,11,5,5020626,Adamstraße,2019,9,13,6,3,2,6,0,0,1,0,0,0,0,0
10310,199613,11,12,12214424,Scharnweberstraße,2019,9,15,7,3,1,5,0,1,1,0,0,0,1,0
10311,199614,11,1,1011304,Karl-Marx-Allee,2019,9,13,6,3,3,6,0,1,0,0,0,0,0,0
10312,199615,11,12,12304313,Borsigwalde,2019,9,15,7,3,2,7,0,0,1,0,0,0,0,0
10313,199616,11,5,5030730,Zitadellenweg,2019,9,13,6,3,5,2,0,1,0,0,0,0,1,1
10314,199617,11,8,8010301,Reuterkiez,2019,9,14,7,3,3,6,0,1,1,0,0,0,0,0
10315,199618,11,7,7030301,Friedenau,2019,9,12,6,3,0,7,0,1,1,0,0,0,0,0
10316,199619,11,7,7030301,Friedenau,2019,9,3,7,2,9,1,2,0,0,0,1,0,0,0
10317,199620,11,7,7020203,Kaiser-Wilhelm-Platz,2019,9,12,6,3,0,7,0,1,1,0,0,0,0,0
10318,199621,11,5,5030730,Zitadellenweg,2019,9,11,6,3,2,6,0,0,1,0,0,0,0,0
10319,199622,11,1,1011201,Wilhelmstraße,2019,9,14,7,3,2,2,0,0,1,0,0,0,0,0
10320,199623,11,3,3061430,Volkspark Prenzlauer Berg,2019,9,14,7,3,0,1,0,0,0,0,1,0,0,0
10321,199624,11,5,5010101,Hakenfelde Nord,2019,9,11,6,3,0,7,0,0,1,0,0,0,1,0
10322,199625,11,9,9051901,Dammvorstadt,2019,9,10,6,3,1,5,0,0,1,0,0,0,0,0
10323,199626,11,9,9051702,Bölschestraße,2019,9,1,7,3,2,2,2,0,1,0,0,0,0,0
10324,199627,11,9,9010101,Elsenstraße,2019,9,10,6,3,5,2,0,1,1,0,0,0,0,0
10325,199628,11,8,8041035,Blumenviertel,2019,9,13,7,3,5,3,0,0,1,0,0,0,0,0
10326,199629,11,4,4030929,Hindemithplatz,2019,9,9,6,3,6,7,0,0,1,1,0,0,0,0
10327,199630,11,12,12214424,Scharnweberstraße,2019,9,21,6,3,4,6,2,1,1,0,0,0,0,0
10328,199631,11,10,10020412,Alte Hellersdorfer Straße,2019,9,13,7,3,5,3,0,1,1,0,0,0,0,0
10329,199632,11,4,4041133,Güterbahnhof Grunewald,2019,9,9,6,2,0,1,0,0,0,0,1,0,0,0
10330,199633,11,2,2040502,Friedenstraße,2019,9,7,6,3,5,2,0,0,1,0,0,0,0,0
10331,199634,11,2,2030302,Lausitzer Platz,2019,9,12,7,3,0,3,0,0,1,0,1,0,0,0
10332,199635,11,8,8010213,Körnerpark,2019,9,17,6,3,2,2,0,0,1,0,0,0,0,0
10333,199636,11,12,12103117,Letteplatz,2019,9,3,6,3,0,1,2,0,0,0,1,0,0,0
10334,199637,11,6,6010208,Bergstraße,2019,9,12,7,3,2,6,0,0,1,0,0,0,0,0
10335,199638,11,8,8041036,Zittauer Straße,2019,9,20,6,3,5,3,2,0,1,0,0,0,0,0
10336,199639,11,4,4010102,Plötzensee,2019,9,11,7,3,0,1,0,0,1,0,1,0,0,0
10337,199640,11,12,12302108,Märkisches Zentrum,2019,9,18,6,3,2,6,0,0,1,0,0,0,0,0
10338,199641,11,6,6040805,Fischerhüttenstraße,2019,9,11,7,3,5,3,0,0,1,0,0,0,0,0
10339,199642,11,1,1011301,Charitéviertel,2019,9,18,6,3,6,4,0,0,1,1,0,0,0,0
10340,199643,11,10,10010204,Wuhletalstraße,2019,9,11,7,3,0,1,0,0,0,0,1,0,0,0
10341,199644,11,5,5010205,An der Tränke,2019,9,17,6,2,5,3,0,0,1,0,1,0,0,0
10342,199645,11,9,9051901,Dammvorstadt,2019,9,18,6,3,5,2,0,1,1,0,0,0,0,0
10343,199646,11,5,5020417,Staakener Straße,2019,9,10,7,3,5,2,0,1,1,0,0,0,0,0
10344,199647,11,2,2010104,Wassertorplatz,2019,9,10,7,3,5,7,0,1,1,0,0,0,0,0
10345,199648,11,3,3040818,Pankow Süd,2019,9,17,6,3,5,3,0,1,1,0,0,0,0,0
10346,199649,11,8,8010211,Flughafenstraße,2019,9,17,6,3,2,6,0,0,1,0,0,0,0,0
10347,199650,11,9,9051901,Dammvorstadt,2019,9,10,7,3,5,7,0,0,1,0,0,0,1,0
10348,199651,11,4,4030623,Ernst-Reuter-Platz,2019,9,16,6,3,5,3,0,1,1,0,0,0,0,0
10349,199652,11,1,1011102,Großer Tiergarten,2019,9,12,7,3,1,5,0,1,1,0,0,0,0,0
10350,199653,11,1,1033201,Brunnenstraße,2019,9,16,6,3,4,6,0,1,0,0,0,0,1,0
10351,199654,11,1,1044201,Reinickendorfer Straße,2019,9,23,6,3,2,6,2,0,1,0,0,0,0,0
10352,199655,11,1,1044101,Rehberge,2019,9,16,6,2,5,3,0,0,1,0,0,0,1,0
10353,199656,11,4,4030623,Ernst-Reuter-Platz,2019,9,18,6,3,1,5,0,1,1,0,0,0,0,0
10354,199657,11,10,10010310,Alt-Marzahn,2019,9,16,6,3,2,6,0,0,1,0,0,0,1,0
10355,199658,11,7,7040401,Neu-Tempelhof,2019,9,14,2,3,5,3,0,0,1,0,0,0,1,0
10356,199659,11,9,9010202,Köpenicker Landstraße,2019,9,16,2,3,2,6,0,0,1,0,0,0,0,1
10357,199660,11,1,1044103,Westliche Müllerstraße,2019,9,15,2,3,2,6,0,0,1,0,0,0,0,1
10358,199661,11,12,12214527,Alt-Tegel,2019,9,16,2,2,6,4,0,0,1,1,0,0,0,0
10359,199662,11,12,12214125,Waldidyll/Flughafensee,2019,9,16,2,3,0,4,0,0,1,1,0,0,0,0
10360,199663,11,1,1011303,Alexanderplatzviertel,2019,9,16,2,2,5,3,0,0,0,0,1,0,1,1
10361,199664,11,2,2050601,Hausburgviertel,2019,9,16,2,3,5,3,0,0,1,0,0,0,0,1
10362,199665,11,5,5020626,Adamstraße,2019,9,16,2,3,1,5,0,1,1,0,0,0,0,1
10363,199666,11,9,9020701,Adlershof West,2019,9,16,2,3,5,3,0,0,1,0,0,0,1,0
10364,199667,11,1,1033102,Gesundbrunnen,2019,9,6,2,3,5,2,0,1,1,0,0,0,0,0
10365,199668,11,6,6010206,Stadtpark,2019,9,12,2,3,3,6,0,0,1,0,0,0,1,1
10366,199669,11,6,6020301,Alt-Lankwitz,2019,9,12,2,2,6,2,0,0,1,1,0,0,0,1
10367,199670,11,4,4030931,Breitscheidplatz,2019,9,12,2,2,2,7,0,0,1,0,0,0,0,1
10368,199671,11,6,6030503,Zehlendorf Mitte,2019,9,9,2,3,6,4,0,0,1,1,0,0,0,1
10369,199672,11,5,5010103,Amorbacher Weg,2019,9,9,2,3,2,2,0,0,1,0,0,0,0,1
10370,199673,11,8,8010405,Hertzbergplatz,2019,9,11,2,3,5,3,0,0,1,0,1,0,0,1
10371,199674,11,3,3061131,Falkplatz,2019,9,10,2,3,2,6,0,0,1,0,0,0,0,1
10372,199675,11,4,4051551,Brabanter Platz,2019,9,9,2,3,5,2,0,0,1,0,0,0,0,1
10373,199676,11,4,4030622,Richard-Wagner-Straße,2019,9,8,2,3,5,2,0,1,1,0,0,0,0,1
10374,199677,11,2,2030302,Lausitzer Platz,2019,9,8,2,3,0,5,0,1,1,0,0,0,0,1
10375,199678,11,4,4010101,Jungfernheide,2019,9,7,2,3,5,2,0,1,1,0,0,0,0,1
10376,199679,11,4,4020314,Messegelände,2019,9,7,2,3,2,6,0,0,1,0,0,0,0,1
10377,199680,11,1,1033201,Brunnenstraße,2019,9,6,2,3,6,2,2,0,1,1,0,0,0,1
10378,199681,11,7,7050501,Rathausstraße,2019,9,6,2,2,6,2,2,0,1,1,0,0,0,1
10379,199682,11,8,8020727,Buckow Mitte,2019,9,6,2,3,6,4,2,0,1,1,0,0,0,1
10380,199683,11,2,2050801,Traveplatz,2019,9,6,2,3,2,6,2,0,1,0,0,1,0,1
10381,199684,11,6,6020305,Gemeindepark Lankwitz,2019,9,5,2,3,5,2,2,1,1,0,0,0,0,1
10382,199685,11,1,1033102,Gesundbrunnen,2019,9,18,2,3,5,2,0,1,1,0,0,0,0,0
10383,199686,11,8,8030831,Gropiusstadt Ost,2019,9,18,1,3,2,7,2,0,1,0,1,0,1,1
10384,199687,11,1,1011101,Stülerstraße,2019,9,17,1,3,0,4,0,0,0,1,1,0,0,1
10385,199688,11,1,1011402,Arkonaplatz,2019,9,16,1,3,2,6,0,0,1,0,0,0,0,1
10386,199689,11,4,4030827,Karl-August-Platz,2019,9,16,1,2,5,3,0,0,1,0,0,0,0,1
10387,199690,11,5,5020419,Magistratsweg,2019,9,15,1,2,5,2,1,0,1,0,0,0,0,1
10388,199691,11,1,1011301,Charitéviertel,2019,9,14,1,3,0,1,0,0,0,0,0,0,1,1
10389,199692,11,10,10020415,Hellersdorfer Promenade,2019,9,14,1,3,5,3,0,0,1,0,0,0,1,1
10390,199693,11,8,8020726,Buckow West,2019,9,13,1,3,2,6,0,0,1,0,0,0,0,1
10391,199694,11,7,7030301,Friedenau,2019,9,13,1,3,3,6,0,1,1,0,0,0,0,1
10392,199695,11,4,4020313,Königin-Elisabeth-Straße,2019,9,12,1,3,3,6,0,0,1,0,0,0,0,1
10393,199696,11,2,2030301,Oranienplatz,2019,9,12,1,2,4,7,0,1,0,0,0,0,1,1
10394,199697,11,5,5030730,Zitadellenweg,2019,9,8,1,3,1,5,0,0,1,0,0,0,0,0
10395,199698,11,3,3061430,Volkspark Prenzlauer Berg,2019,9,19,1,3,0,6,2,0,1,0,0,0,0,1
10396,199699,11,2,2020204,Urbanstraße,2019,9,8,1,3,5,3,0,1,1,0,0,0,0,1
10397,199700,11,1,1044101,Rehberge,2019,9,19,1,3,5,2,1,0,1,0,0,0,0,1
10398,199701,11,6,6020303,Lankwitz Kirche,2019,9,18,1,3,5,7,1,0,1,0,1,0,0,1
10399,199702,11,8,8010301,Reuterkiez,2019,9,17,1,3,5,2,0,1,0,0,0,0,1,1
10400,199703,11,4,4041136,Hagenplatz,2019,9,21,7,3,1,1,2,0,1,0,0,0,0,1
10401,199704,11,7,7040401,Neu-Tempelhof,2019,10,17,3,3,2,6,1,0,1,0,1,0,0,1
10402,199705,11,1,1011102,Großer Tiergarten,2019,9,13,7,2,2,6,0,1,0,0,0,0,1,0
10403,199706,11,1,1011306,Heine-Viertel Ost,2019,10,17,3,3,1,5,0,1,1,0,0,0,0,1
10404,199707,11,7,7040406,Germaniagarten,2019,9,15,7,3,1,5,1,0,1,0,0,0,0,1
10405,199708,11,6,6020306,Lankwitz Süd,2019,10,17,3,3,5,3,0,0,1,0,0,0,0,1
10406,199709,11,4,4030931,Breitscheidplatz,2019,9,22,7,3,0,2,2,0,0,1,0,0,1,0
10407,199710,11,6,6010205,Südende,2019,10,16,3,3,2,6,0,0,1,0,0,0,0,1
10408,199711,11,7,7050505,Hundsteinweg,2019,10,16,3,3,2,2,0,0,1,0,0,0,1,1
10409,199712,11,1,1011301,Charitéviertel,2019,9,23,7,3,5,2,2,1,1,0,0,0,0,0
10410,199713,11,7,7010104,Dennewitzplatz,2019,10,16,3,3,2,6,0,0,1,0,1,0,0,1
10411,199714,11,4,4041136,Hagenplatz,2019,9,21,7,3,8,1,2,0,1,0,0,0,0,1
10412,199715,11,4,4020313,Königin-Elisabeth-Straße,2019,10,16,3,3,2,6,0,0,1,0,0,0,0,1
10413,199716,11,8,8020621,Mohriner Allee Nord,2019,10,15,3,3,5,3,0,0,1,0,0,0,0,1
10414,199717,11,4,4041136,Hagenplatz,2019,9,19,7,2,5,2,2,0,1,0,1,0,0,1
10415,199718,11,11,11010310,Mühlengrund,2019,10,15,3,3,6,4,0,0,1,1,0,0,0,1