,object id,city,district,sub district key,street,year,month,hour of day,weekday,category,accident type,accident type 2,light situation,bike involved,car involved,pedestrian involved,motor bike involved,big track involved,other vehicle involved,road condition
10416,199719,11,5,5010311,Eiswerder,2019,9,18,7,3,0,1,0,1,1,0,0,0,0,1
10417,199720,11,8,8010213,Körnerpark,2019,10,15,3,3,2,2,0,0,1,0,0,0,0,1
10418,199721,11,8,8010301,Reuterkiez,2019,9,18,7,3,0,5,0,1,1,0,0,0,0,1
10419,199722,11,1,1033102,Gesundbrunnen,2019,10,14,3,3,5,2,0,1,1,0,0,0,0,1
10420,199723,11,9,9052001,Köpenick Nord,2019,9,15,7,3,0,1,0,0,0,0,1,0,0,1
10421,199724,11,12,12214424,Scharnweberstraße,2019,10,10,3,3,0,5,0,0,1,0,0,0,1,1
10422,199725,11,11,11020515,Landsberger Allee,2019,10,9,3,3,2,7,0,0,0,0,0,1,1,1
10423,199726,11,1,1011305,Heine-Viertel West,2019,9,17,7,3,2,7,0,0,1,0,0,0,0,1
10424,199727,11,12,12214125,Waldidyll/Flughafensee,2019,9,15,7,3,0,6,0,0,1,0,1,0,0,1
10425,199728,11,9,9031202,Schmöckwitz/Rauchfangswerder,2019,10,9,3,3,5,2,0,0,1,0,0,0,1,1
10426,199729,11,10,10010311,Landsberger Tor,2019,9,16,7,3,0,5,0,0,1,0,0,0,0,0
10427,199730,11,2,2030301,Oranienplatz,2019,10,14,3,3,5,3,0,1,1,0,0,0,0,1
10428,199731,11,11,11020412,Hauptstraße,2019,9,15,7,3,2,6,0,0,1,0,0,0,0,1
10429,199732,11,1,1011202,Unter den Linden Nord,2019,10,2,3,3,0,7,2,0,0,0,0,0,1,0
10430,199733,11,7,7050503,Eisenacher Straße,2019,10,13,3,3,5,2,0,0,1,0,0,0,0,1
10431,199734,11,7,7050501,Rathausstraße,2019,9,16,7,2,5,2,0,0,1,0,1,0,0,1
10432,199735,11,1,1011204,Leipziger Straße,2019,9,14,7,3,2,6,0,0,1,0,0,0,0,1
10433,199736,11,2,2020203,Viktoriapark,2019,10,12,3,3,2,2,0,0,1,0,0,0,1,1
10434,199737,11,12,12304314,Ziekowstraße/Freie Scholle,2019,10,11,3,3,5,2,0,0,1,0,0,0,1,1
10435,199738,11,6,6020411,Schütte-Lanz-Straße,2019,9,14,7,3,5,2,0,1,1,0,0,0,0,1
10436,199739,11,5,5040935,Groß-Glienicker Weg,2019,10,10,3,2,5,3,0,0,1,0,0,1,0,1
10437,199740,11,2,2020204,Urbanstraße,2019,9,12,7,3,3,6,0,1,0,0,0,0,1,1
10438,199741,11,1,1033102,Gesundbrunnen,2019,10,20,2,3,5,2,0,0,1,0,0,0,1,0
10439,199742,11,11,11010205,Falkenberg West,2019,10,14,2,3,2,2,0,0,1,0,0,0,0,0
10440,199743,11,4,4030931,Breitscheidplatz,2019,9,12,7,3,0,4,0,0,0,1,1,0,0,1
10441,199744,11,3,3071537,Kollwitzplatz,2019,10,17,2,3,5,3,0,0,0,0,1,0,1,0
10442,199745,11,5,5020629,Börnicker Straße,2019,9,9,7,3,0,1,0,0,0,0,1,0,0,1
10443,199746,11,2,2030301,Oranienplatz,2019,10,20,2,2,5,2,2,0,1,0,1,0,0,0
10444,199747,11,8,8010301,Reuterkiez,2019,9,9,7,3,0,1,0,0,0,0,1,0,0,1
10445,199748,11,4,4030519,Kaiserin-Augusta-Allee,2019,10,20,2,3,5,2,2,0,1,0,0,0,0,0
10446,199749,11,5,5030730,Zitadellenweg,2019,9,12,7,2,0,6,0,0,0,0,1,0,0,1
10447,199750,11,2,2010104,Wassertorplatz,2019,10,19,2,3,5,7,2,0,1,0,1,0,0,0
10448,199751,11,4,4030827,Karl-August-Platz,2019,10,19,2,3,2,7,2,0,1,0,0,0,0,0
10449,199752,11,8,8010117,Schillerpromenade,2019,9,11,7,3,6,4,0,0,1,1,0,0,0,0
10450,199753,11,6,6030503,Zehlendorf Mitte,2019,9,11,7,3,0,1,0,1,0,0,0,0,0,1
10451,199754,11,1,1011304,Karl-Marx-Allee,2019,10,16,2,3,4,2,0,1,0,0,0,0,0,0
10452,199755,11,2,2010101,Askanischer Platz,2019,10,18,2,3,2,6,2,0,1,0,0,0,1,0
10453,199756,11,5,5010207,Darbystraße,2019,9,10,7,2,5,2,0,1,1,0,0,0,0,1
10454,199757,11,8,8041036,Zittauer Straße,2019,10,16,2,3,5,3,0,1,1,0,0,0,0,0
10455,199758,11,4,4051654,Wilhelmsaue,2019,9,10,7,3,6,7,0,0,1,1,0,0,0,0
10456,199759,11,9,9051701,Hirschgarten,2019,10,18,2,3,1,5,2,1,1,0,0,0,0,0
10457,199760,11,1,1011302,Oranienburger Straße,2019,10,15,2,2,4,6,0,1,0,0,0,0,1,0
10458,199761,11,1,1022104,Emdener Straße,2019,9,10,7,3,2,6,0,0,1,0,0,0,0,1
10459,199762,11,9,9010402,Johannisthal Ost,2019,10,15,2,3,5,3,0,1,0,0,1,0,0,0
10460,199763,11,7,7040401,Neu-Tempelhof,2019,9,1,7,3,5,3,2,0,1,0,0,0,0,0
10461,199764,11,10,10020412,Alte Hellersdorfer Straße,2019,10,15,2,3,2,6,0,0,1,0,0,0,0,0
10462,199765,11,2,2010101,Askanischer Platz,2019,9,15,7,3,5,2,0,0,1,0,0,0,0,1
10463,199766,11,8,8010212,Rollberg,2019,10,15,2,3,6,4,0,0,1,1,0,0,0,0
10464,199767,11,1,1022204,Thomasiusstraße,2019,10,8,2,3,2,2,0,0,1,0,0,0,1,0
10465,199768,11,2,2010103,Moritzplatz,2019,9,11,7,3,5,3,0,0,1,0,0,0,0,0
10466,199769,11,2,2030402,Wrangelkiez,2019,10,9,2,3,2,6,0,0,1,0,0,0,0,0
10467,199770,11,12,12231101,Hermsdorf,2019,9,16,6,3,5,2,0,1,1,0,0,0,0,1
10468,199771,11,6,6010103,Markelstraße,2019,10,14,2,3,0,1,0,0,0,0,1,0,0,0
10469,199772,11,4,4051653,Prager Platz,2019,9,21,6,3,5,2,2,1,1,0,0,0,0,1
10470,199773,11,10,10010310,Alt-Marzahn,2019,10,14,2,3,2,2,0,0,1,0,0,0,0,0
10471,199774,11,9,9020502,Oberschöneweide Ost,2019,9,17,6,3,0,1,1,0,0,0,1,0,0,1
10472,199775,11,7,7030303,Grazer Platz,2019,10,13,2,3,5,2,0,1,0,0,0,0,1,0
10473,199776,11,1,1033102,Gesundbrunnen,2019,10,13,2,3,5,3,0,1,0,0,0,0,1,0
10474,199777,11,7,7050501,Rathausstraße,2019,9,15,6,3,4,6,0,0,1,0,1,0,0,1
10475,199778,11,7,7040405,Rathaus Tempelhof,2019,9,12,6,3,0,1,0,0,1,0,1,0,0,1
10476,199779,11,2,2010101,Askanischer Platz,2019,10,10,2,3,1,7,0,1,1,0,0,0,0,0
10477,199780,11,1,1022204,Thomasiusstraße,2019,10,13,2,3,6,4,0,0,1,1,0,0,0,0
10478,199781,11,12,12214424,Scharnweberstraße,2019,9,7,6,3,3,2,0,0,1,0,0,0,0,1
10479,199782,11,12,12214424,Scharnweberstraße,2019,10,13,2,2,5,3,0,0,1,0,0,0,0,0
10480,199783,11,9,9041501,Altstadt Kietz,2019,9,13,6,3,5,2,0,1,0,0,0,0,1,1
10481,199784,11,11,11040926,Weitlingstraße,2019,10,10,2,3,6,2,0,0,1,1,0,0,0,0
10482,199785,11,1,1022103,Westhafen,2019,10,10,2,3,5,2,0,1,0,0,0,1,0,0
10483,199786,11,5,5010209,An der Kappe,2019,9,19,6,3,2,2,0,0,1,0,0,0,0,0
10484,199787,11,6,6040807,Zehlendorf Eiche,2019,10,12,2,3,5,3,0,1,1,0,0,0,0,0
10485,199788,11,12,12103218,Teichstraße,2019,10,10,2,3,5,2,0,0,1,0,0,0,1,0
10486,199789,11,7,7060604,Marienfelde Süd,2019,9,9,6,3,0,7,0,0,0,0,1,0,1,1
10487,199790,11,1,1011204,Leipziger Straße,2019,10,9,2,3,0,7,0,1,0,0,0,0,0,0
10488,199791,11,2,2050803,Stralauer Kiez,2019,9,14,6,3,0,6,0,0,1,0,0,0,1,0
10489,199792,11,8,8010301,Reuterkiez,2019,10,9,2,3,3,6,0,1,0,0,0,0,1,0
10490,199793,11,2,2020204,Urbanstraße,2019,10,9,2,3,2,6,0,0,1,0,0,0,0,0
10491,199794,11,12,12214424,Scharnweberstraße,2019,9,13,6,3,5,3,0,0,1,0,0,0,0,1
10492,199795,11,4,4010102,Plötzensee,2019,9,12,6,3,5,3,0,1,1,0,0,0,0,1
10493,199796,11,3,3061228,Erich-Weinert-Straße,2019,10,9,2,3,5,3,0,1,1,0,0,0,0,0
10494,199797,11,11,11030721,Rüdigerstraße,2019,9,14,6,3,3,6,0,0,1,0,0,0,0,1
10495,199798,11,7,7040401,Neu-Tempelhof,2019,10,8,2,3,1,5,0,1,1,0,0,0,0,0
10496,199799,11,2,2020202,Rathaus Yorckstraße,2019,10,7,2,3,5,3,0,1,1,0,0,0,0,0
10497,199800,11,5,5020627,Tiefwerder,2019,9,15,6,3,2,6,0,0,1,0,0,0,0,0
10498,199801,11,1,1033203,Humboldthain Nordwest,2019,9,14,6,3,2,6,0,0,1,0,0,0,0,1
10499,199802,11,9,9052001,Köpenick Nord,2019,10,12,2,3,5,3,0,1,1,0,0,0,0,0
10500,199803,11,1,1044201,Reinickendorfer Straße,2019,10,12,2,3,5,2,0,0,1,0,0,0,0,0
10501,199804,11,10,10020413,Gut Hellersdorf,2019,9,14,6,3,6,4,0,0,1,1,0,0,0,1
10502,199805,11,5,5010313,Ackerstraße,2019,10,8,2,3,2,2,0,0,1,0,0,0,0,0
10503,199806,11,1,1044103,Westliche Müllerstraße,2019,9,14,6,3,5,3,0,1,1,0,0,0,0,1
10504,199807,11,4,4030726,Droysenstraße,2019,10,8,2,3,5,7,0,0,1,0,0,0,0,0
10505,199808,11,9,9051901,Dammvorstadt,2019,9,14,6,3,5,2,0,1,1,0,0,0,0,1
10506,199809,11,12,12103117,Letteplatz,2019,10,7,2,3,5,2,0,1,1,0,0,0,0,0
10507,199810,11,5,5010313,Ackerstraße,2019,9,14,6,3,5,3,0,0,1,0,0,0,0,1
10508,199811,11,7,7070706,Horstwalder Straße/Paplitzer Straße,2019,10,12,2,3,6,2,0,0,1,1,0,0,0,0
10509,199812,11,12,12103115,Breitkopfbecken,2019,10,1,2,2,1,7,2,0,1,0,0,0,0,0
10510,199813,11,6,6030607,Goerzwerke,2019,9,14,6,3,5,3,0,0,1,0,1,0,0,1
10511,199814,11,4,4051448,Schaperstraße,2019,9,13,6,3,5,2,0,1,1,0,0,0,0,1
10512,199815,11,5,5010313,Ackerstraße,2019,10,11,2,3,1,7,0,0,1,0,0,0,0,0
10513,199816,11,3,3061430,Volkspark Prenzlauer Berg,2019,10,11,2,2,6,4,0,0,1,1,0,0,0,0
10514,199817,11,4,4051445,Eisenzahnstraße,2019,9,13,6,3,2,2,0,0,1,0,0,0,1,1
10515,199818,11,1,1011306,Heine-Viertel Ost,2019,10,11,2,3,5,2,0,0,1,0,1,0,0,0
10516,199819,11,2,2020204,Urbanstraße,2019,9,12,6,3,2,6,0,0,1,0,0,0,1,1
10517,199820,11,9,9020501,Oberschöneweide West,2019,10,10,2,2,5,3,0,1,1,0,0,0,0,0
10518,199821,11,2,2050803,Stralauer Kiez,2019,10,5,1,3,1,5,2,1,1,0,0,0,1,1
10519,199822,11,7,7070703,John-Locke-Straße,2019,9,13,6,3,1,6,0,1,1,0,0,0,0,1
10520,199823,11,10,10010206,Ringkolonnaden,2019,10,14,1,3,5,3,0,1,1,0,0,0,0,0
10521,199824,11,8,8010301,Reuterkiez,2019,9,12,6,3,1,5,0,1,1,0,0,0,0,1
10522,199825,11,1,1033102,Gesundbrunnen,2019,10,19,1,3,5,2,2,0,1,0,0,0,0,0
10523,199826,11,1,1011204,Leipziger Straße,2019,9,12,6,3,5,2,0,1,1,0,0,0,0,1
10524,199827,11,7,7060604,Marienfelde Süd,2019,9,12,6,2,6,4,0,0,1,1,0,0,0,1
10525,199828,11,1,1022104,Emdener Straße,2019,10,18,1,2,6,4,1,0,1,1,0,0,0,0
10526,199829,11,5,5010311,Eiswerder,2019,10,18,1,3,2,6,1,0,1,0,0,0,0,0
10527,199830,11,1,1044102,Schillerpark,2019,9,11,6,3,5,2,0,1,1,0,0,0,0,1
10528,199831,11,11,11051229,Rummelsburg,2019,10,21,1,3,2,2,2,0,1,0,1,0,0,0
10529,199832,11,1,1011201,Wilhelmstraße,2019,9,21,6,2,6,4,2,0,1,1,0,0,0,0
10530,199833,11,1,1044201,Reinickendorfer Straße,2019,10,16,1,3,2,6,0,0,1,0,0,0,0,0
10531,199834,11,7,7010102,Nollendorfplatz,2019,9,18,6,3,5,3,1,1,1,0,0,0,0,1
10532,199835,11,8,8020727,Buckow Mitte,2019,10,14,1,3,2,6,0,0,1,0,0,0,0,0
10533,199836,11,9,9010302,Späthsfelde,2019,9,18,6,3,8,1,1,0,1,0,0,0,0,1
10534,199837,11,12,12231102,Frohnau,2019,10,14,1,3,2,2,0,1,1,0,0,0,0,0
10535,199838,11,7,7040401,Neu-Tempelhof,2019,10,14,1,3,2,6,0,0,1,0,0,0,0,0
10536,199839,11,1,1011202,Unter den Linden Nord,2019,9,19,6,3,0,1,2,0,0,0,0,0,1,1
10537,199840,11,11,11030721,Rüdigerstraße,2019,9,18,6,3,5,3,1,0,1,0,0,0,0,1
10538,199841,11,8,8010405,Hertzbergplatz,2019,10,14,1,3,5,3,0,1,1,0,0,0,0,0
10539,199842,11,4,4020310,Park Ruhwald,2019,9,18,6,3,8,1,1,0,1,0,0,0,0,1
10540,199843,11,1,1044201,Reinickendorfer Straße,2019,10,13,1,3,6,4,0,0,1,1,0,0,0,0
10541,199844,11,1,1022102,Beusselkiez,2019,9,17,6,3,1,5,0,1,1,0,0,0,0,1
10542,199845,11,2,2040703,Wriezener Bahnhof/Entwicklungsgebiet,2019,10,13,1,3,2,2,0,1,1,0,0,0,0,0
10543,199846,11,7,7070701,Kettinger Straße/Schillerstraße,2019,9,16,6,3,5,3,0,0,1,0,0,0,0,1
10544,199847,11,12,12214422,Klixstraße,2019,10,13,1,3,5,2,0,0,1,0,0,0,0,0
10545,199848,11,6,6040804,Krumme Lanke,2019,10,13,1,3,5,3,0,1,1,0,0,0,0,0
10546,199849,11,4,4030725,Amtsgerichtsplatz,2019,9,17,6,3,4,6,0,0,1,0,1,0,0,1
10547,199850,11,5,5010206,Gütersloher Weg,2019,10,12,1,3,5,2,0,1,1,0,0,0,0,0
10548,199851,11,7,7070702,Alt-Lichtenrade/Töpchiner Weg,2019,9,16,6,3,2,6,0,0,1,0,1,0,0,1
10549,199852,11,7,7010102,Nollendorfplatz,2019,10,11,1,3,6,4,0,0,0,1,0,0,1,0
10550,199853,11,11,11051332,Karlshorst Süd,2019,9,16,6,3,6,4,0,0,1,1,0,0,0,1
10551,199854,11,2,2040701,Andreasviertel,2019,10,9,1,3,5,3,0,1,1,0,0,0,0,0
10552,199855,11,1,1033201,Brunnenstraße,2019,9,16,6,3,2,6,0,0,1,0,0,0,0,1
10553,199856,11,8,8020622,Parchimer Allee,2019,10,1,1,2,1,5,2,0,1,0,0,0,1,0
10554,199857,11,8,8020620,Tempelhofer Weg,2019,9,16,6,3,3,6,0,0,1,0,1,0,0,1
10555,199858,11,4,4041136,Hagenplatz,2019,9,15,6,3,5,3,0,0,1,0,0,0,1,1
10556,199859,11,12,12304314,Ziekowstraße/Freie Scholle,2019,10,0,1,2,5,2,2,0,1,0,1,0,0,1
10557,199860,11,4,4030519,Kaiserin-Augusta-Allee,2019,9,15,6,3,6,4,0,0,1,1,0,0,0,1
10558,199861,11,12,12214424,Scharnweberstraße,2019,10,13,7,3,2,6,0,0,1,0,0,0,0,0
10559,199862,11,12,12302211,Lübarser Straße,2019,10,16,7,3,8,1,0,0,1,0,0,0,0,0
10560,199863,11,3,3050923,Weißenseer Spitze,2019,9,11,6,3,0,1,0,1,1,1,0,0,0,1
10561,199864,11,10,10040932,Alt-Mahlsdorf,2019,9,9,6,3,5,2,0,1,1,0,0,0,0,1
10562,199865,11,2,2010103,Moritzplatz,2019,10,16,7,3,5,3,0,1,1,0,0,0,0,0
10563,199866,11,5,5010208,Germersheimer Platz,2019,9,10,6,3,2,6,0,0,1,0,0,0,1,1
10564,199867,11,1,1011202,Unter den Linden Nord,2019,10,14,7,3,0,1,0,1,0,0,0,0,0,0
10565,199868,11,9,9020702,Adlershof Ost,2019,9,10,6,3,5,3,0,1,1,0,0,0,0,1
10566,199869,11,7,7010101,Wittenbergplatz/Viktoria-Luise-Platz,2019,10,20,7,3,6,7,2,1,0,1,0,0,0,1
10567,199870,11,1,1011103,Lützowstraße,2019,9,10,6,3,5,2,0,1,1,0,0,0,0,1
10568,199871,11,7,7050502,Fritz-Werner-Straße,2019,10,19,7,3,5,2,2,0,1,0,0,0,0,0
10569,199872,11,4,4030519,Kaiserin-Augusta-Allee,2019,10,18,7,3,2,6,1,0,1,0,0,0,0,1
10570,199873,11,9,9051901,Dammvorstadt,2019,10,18,7,3,9,1,0,0,0,0,1,0,0,0
10571,199874,11,4,4051445,Eisenzahnstraße,2019,9,10,6,3,6,4,0,0,1,1,0,0,0,1
10572,199875,11,3,3050924,Behaimstraße,2019,10,17,7,3,0,7,0,0,1,0,0,0,1,0
10573,199876,11,4,4020313,Königin-Elisabeth-Straße,2019,9,9,6,2,5,3,0,0,1,0,0,0,0,1
10574,199877,11,4,4030931,Breitscheidplatz,2019,10,14,7,3,6,2,0,0,1,1,0,0,0,0
10575,199878,11,12,12103115,Breitkopfbecken,2019,9,9,6,3,5,3,0,1,1,0,0,0,0,1
10576,199879,11,4,4030827,Karl-August-Platz,2019,10,12,7,3,3,6,0,0,1,0,1,0,0,0
10577,199880,11,5,5030731,Gartenfelder Straße,2019,10,12,7,3,6,4,0,0,1,1,0,0,0,0
10578,199881,11,9,9020701,Adlershof West,2019,9,9,6,2,5,2,0,0,1,0,0,0,0,1
10579,199882,11,3,3061332,Helmholtzplatz,2019,9,9,6,3,0,5,0,1,0,0,0,1,0,1
10580,199883,11,7,7060604,Marienfelde Süd,2019,10,11,7,3,2,2,0,0,1,0,0,0,0,0
10581,199884,11,3,3050920,Weißer See,2019,10,11,7,3,5,3,0,0,1,0,0,0,0,1
10582,199885,11,1,1011103,Lützowstraße,2019,9,9,6,3,3,6,0,0,1,0,0,0,0,1
10583,199886,11,6,6010209,Feuerbachstraße,2019,10,7,7,3,5,2,1,0,1,0,0,0,0,1
10584,199887,11,5,5010102,Goltzstraße,2019,9,8,6,3,5,2,0,1,1,0,0,0,0,1
10585,199888,11,6,6040810,Dahlem,2019,10,6,7,3,5,3,2,0,1,0,0,0,0,1
10586,199889,11,4,4051550,Leon-Jessel-Platz,2019,10,5,7,3,2,6,2,0,1,0,0,0,0,1
10587,199890,11,1,1011304,Karl-Marx-Allee,2019,10,4,7,3,5,2,2,0,1,0,0,0,0,1
10588,199891,11,9,9020701,Adlershof West,2019,9,8,6,3,2,6,0,0,1,0,0,0,0,1
10589,199892,11,4,4030827,Karl-August-Platz,2019,10,19,7,3,1,5,2,1,1,0,0,0,0,1
10590,199893,11,8,8010404,Rixdorf,2019,9,8,6,3,5,2,0,1,1,0,0,0,0,1
10591,199894,11,10,10010207,Marzahner Promenade,2019,10,10,6,3,6,4,0,0,1,1,0,0,0,0
10592,199895,11,11,11040926,Weitlingstraße,2019,10,19,6,3,6,2,2,0,1,1,0,0,0,1
10593,199896,11,9,9020802,Köllnische Vorstadt,2019,9,8,6,3,2,6,0,0,1,0,0,1,0,1
10594,199897,11,1,1033102,Gesundbrunnen,2019,10,22,6,3,5,2,2,0,1,0,0,0,0,1
10595,199898,11,1,1011201,Wilhelmstraße,2019,9,9,6,3,2,6,0,1,0,0,0,0,0,1
10596,199899,11,6,6030606,Hindenburgdamm,2019,10,21,6,3,6,2,2,0,1,1,0,0,0,1
10597,199900,11,1,1022201,Stephankiez,2019,9,7,6,3,5,7,0,0,1,0,1,0,0,1
10598,199901,11,5,5010314,Carl-Schurz-Straße,2019,10,21,6,3,2,6,2,0,1,0,0,0,0,1
10599,199902,11,6,6040806,Fischtal,2019,10,10,6,3,2,7,0,0,1,0,1,0,0,0
10600,199903,11,1,1033203,Humboldthain Nordwest,2019,9,0,6,3,1,5,2,0,1,0,0,0,0,0
10601,199904,11,4,4010101,Jungfernheide,2019,9,8,6,2,0,7,0,0,1,0,0,1,0,1
10602,199905,11,5,5010312,Kurstraße,2019,10,20,6,3,6,7,2,0,1,1,0,0,0,1
10603,199906,11,7,7010102,Nollendorfplatz,2019,10,19,6,3,6,2,2,0,1,1,0,0,0,1
10604,199907,11,10,10040933,Mahlsdorf Süd,2019,9,12,6,2,0,1,0,0,0,0,1,0,0,1
10605,199908,11,5,5020626,Adamstraße,2019,10,19,6,3,5,3,2,0,1,0,0,0,0,1
10606,199909,11,2,2020206,Graefekiez,2019,9,8,6,3,6,4,0,1,0,1,0,0,0,1
10607,199910,11,1,1033202,Humboldthain Süd,2019,10,17,6,3,0,1,0,0,0,0,1,0,0,1
10608,199911,11,7,7050501,Rathausstraße,2019,9,7,6,3,0,4,0,1,0,1,0,0,0,1
10609,199912,11,1,1011201,Wilhelmstraße,2019,10,18,6,3,5,7,0,0,1,0,1,0,0,1
10610,199913,11,6,6030501,Berlepschstraße,2019,9,18,5,3,5,2,0,0,1,0,0,0,0,0
10611,199914,11,4,4010101,Jungfernheide,2019,10,17,6,3,5,3,1,0,1,0,0,0,0,1
10612,199915,11,5,5020627,Tiefwerder,2019,10,16,6,3,2,6,0,0,1,0,0,0,0,1
10613,199916,11,2,2030301,Oranienplatz,2019,9,21,5,3,5,2,2,1,0,0,0,0,1,0
10614,199917,11,4,4061757,Forst Grunewald,2019,9,11,5,3,9,1,0,0,1,0,0,0,0,0
10615,199918,11,2,2030302,Lausitzer Platz,2019,10,16,6,3,5,3,0,1,1,0,0,0,0,1
10616,199919,11,4,4030725,Amtsgerichtsplatz,2019,9,11,5,3,2,6,0,0,1,0,0,0,0,0
10617,199920,11,3,3020307,Buchholz,2019,10,15,6,3,0,5,0,1,1,0,0,0,0,0
10618,199921,11,6,6020411,Schütte-Lanz-Straße,2019,9,13,5,2,5,5,0,0,1,0,1,0,0,0
10619,199922,11,1,1033202,Humboldthain Süd,2019,10,14,6,3,0,1,0,0,0,0,1,0,0,1
10620,199923,11,4,4041343,Binger Straße,2019,9,12,5,2,0,7,0,0,1,0,0,0,1,0
10621,199924,11,3,3050923,Weißenseer Spitze,2019,10,14,6,3,5,2,0,0,1,0,0,0,0,1
10622,199925,11,5,5040936,Jägerallee,2019,9,12,5,2,5,2,0,1,1,0,0,0,0,0
10623,199926,11,7,7040403,Manteuffelstraße,2019,10,12,6,3,5,2,0,0,1,0,1,0,0,0
10624,199927,11,2,2030302,Lausitzer Platz,2019,10,10,6,3,2,2,0,0,1,0,0,0,0,0
10625,199928,11,5,5010314,Carl-Schurz-Straße,2019,9,12,5,2,6,4,0,0,0,1,1,0,0,0
10626,199929,11,12,12214424,Scharnweberstraße,2019,10,14,6,3,2,6,0,0,1,0,0,0,0,1
10627,199930,11,1,1033201,Brunnenstraße,2019,9,10,5,3,5,3,0,0,1,0,0,0,1,0
10628,199931,11,6,6010207,Mittelstraße,2019,10,13,6,3,2,6,0,0,1,0,0,0,0,1
10629,199932,11,7,7040403,Manteuffelstraße,2019,10,5,6,2,5,2,2,1,1,0,0,0,0,0
10630,199933,11,1,1011301,Charitéviertel,2019,9,10,5,3,2,6,0,0,1,0,0,0,0,0
10631,199934,11,8,8010303,Donaustraße,2019,10,0,6,3,5,2,2,1,1,0,0,0,0,0
10632,199935,11,3,3061131,Falkplatz,2019,9,8,5,3,1,5,0,1,1,0,0,0,0,0
10633,199936,11,4,4030620,Alt-Lietzow,2019,10,0,6,3,5,3,2,0,1,0,0,0,0,0
10634,199937,11,7,7020203,Kaiser-Wilhelm-Platz,2019,9,8,5,3,1,5,0,1,0,0,0,0,1,0
10635,199938,11,2,2030401,Reichenberger Straße,2019,10,17,5,3,6,7,0,0,0,1,0,0,1,0
10636,199939,11,6,6030503,Zehlendorf Mitte,2019,9,8,5,3,5,3,0,1,1,0,0,0,0,0
10637,199940,11,3,3050925,Komponistenviertel Weißensee,2019,10,14,5,3,5,3,0,0,1,0,0,0,0,1
10638,199941,11,9,9020601,Schnellerstraße,2019,10,13,5,2,5,3,0,0,1,0,0,0,0,1
10639,199942,11,6,6020411,Schütte-Lanz-Straße,2019,9,7,5,3,5,3,0,0,1,0,0,0,0,0
10640,199943,11,5,5010310,Eckschanze,2019,9,7,5,3,4,6,0,1,0,0,0,0,0,0
10641,199944,11,5,5030730,Zitadellenweg,2019,10,11,5,2,4,6,0,0,1,0,0,0,0,1
10642,199945,11,2,2010102,Mehringplatz,2019,9,7,5,2,5,3,0,1,1,0,0,0,0,0
10643,199946,11,8,8020622,Parchimer Allee,2019,10,11,5,3,5,3,0,0,1,0,0,0,0,1
10644,199947,11,3,3071639,Bötzowstraße,2019,9,16,5,3,6,7,0,1,0,1,0,0,0,0
10645,199948,11,1,1011302,Oranienburger Straße,2019,10,10,5,2,0,7,0,0,1,0,0,0,0,1
10646,199949,11,11,11020412,Hauptstraße,2019,9,16,5,3,5,3,0,0,1,0,1,0,0,0
10647,199950,11,8,8010301,Reuterkiez,2019,10,23,5,3,5,3,2,0,1,0,0,0,0,0
10648,199951,11,1,1033202,Humboldthain Süd,2019,10,10,5,3,0,1,0,0,0,0,1,0,0,1
10649,199952,11,3,3061429,Greifswalder Straße,2019,9,18,5,3,5,3,1,1,1,0,0,0,0,0
10650,199953,11,1,1011301,Charitéviertel,2019,10,9,5,3,0,1,0,0,0,0,1,0,0,1
10651,199954,11,9,9031101,Grünau,2019,9,18,5,3,5,3,2,1,1,0,0,0,0,0
10652,199955,11,2,2010101,Askanischer Platz,2019,10,4,5,2,6,2,2,0,1,1,0,0,0,1
10653,199956,11,4,4031032,Halensee,2019,9,16,5,3,5,2,0,0,1,0,0,0,0,0
10654,199957,11,8,8010118,Silbersteinstraße,2019,10,19,5,3,5,3,2,0,1,0,0,0,1,0
10655,199958,11,3,3010104,Lietzengraben,2019,9,16,5,3,2,6,0,0,1,0,0,0,0,0
10656,199959,11,1,1022102,Beusselkiez,2019,10,16,5,3,1,5,0,1,1,0,0,0,0,1
10657,199960,11,4,4030415,Schloßgarten,2019,10,14,5,3,2,6,0,0,1,0,0,0,0,1
10658,199961,11,1,1011204,Leipziger Straße,2019,9,16,5,3,5,2,0,1,1,0,0,0,0,0
10659,199962,11,11,11010103,Dorf Falkenberg,2019,10,14,5,3,1,1,0,0,1,0,0,0,0,1
10660,199963,11,12,12224230,Heiligensee,2019,9,18,5,3,6,6,1,0,1,1,0,0,0,0
10661,199964,11,2,2010103,Moritzplatz,2019,10,18,5,2,5,3,2,0,1,0,0,0,1,0
10662,199965,11,8,8020622,Parchimer Allee,2019,9,18,5,3,5,2,0,1,0,0,0,0,1,0
10663,199966,11,1,1011102,Großer Tiergarten,2019,10,18,4,2,6,4,1,0,1,1,0,0,0,1