,object id,city,district,sub district key,street,year,month,hour of day,weekday,category,accident type,accident type 2,light situation,bike involved,car involved,pedestrian involved,motor bike involved,big track involved,other vehicle involved,road condition
10664,199967,11,3,3061332,Helmholtzplatz,2019,9,15,5,3,3,6,0,1,1,0,0,0,0,0
10665,199968,11,9,9051901,Dammvorstadt,2019,10,7,4,3,6,2,0,0,1,1,0,0,0,1
10666,199969,11,6,6040809,Thielallee,2019,10,7,4,3,0,1,2,0,0,0,1,0,0,1
10667,199970,11,11,11030720,Herzbergstraße,2019,9,14,5,3,0,6,0,0,1,0,0,0,1,0
10668,199971,11,4,4051655,Babelsberger Straße,2019,9,14,5,3,6,4,0,0,1,1,0,0,0,0
10669,199972,11,8,8010405,Hertzbergplatz,2019,10,7,4,3,6,4,2,0,1,1,0,0,0,1
10670,199973,11,6,6010102,Schloßstraße,2019,10,7,4,3,3,6,0,1,0,0,0,0,1,0
10671,199974,11,7,7020201,Bayerischer Platz,2019,9,14,5,3,5,7,0,0,1,0,1,0,0,0
10672,199975,11,3,3030715,Heinersdorf,2019,10,18,4,3,5,7,0,0,1,0,1,0,0,0
10673,199976,11,1,1044102,Schillerpark,2019,9,14,5,3,2,7,0,0,1,0,0,0,0,0
10674,199977,11,1,1011102,Großer Tiergarten,2019,10,17,4,2,5,2,0,0,1,0,1,0,0,0
10675,199978,11,5,5030731,Gartenfelder Straße,2019,10,17,4,3,2,6,0,0,1,0,0,0,0,1
10676,199979,11,7,7010101,Wittenbergplatz/Viktoria-Luise-Platz,2019,9,18,5,3,2,6,1,0,1,0,0,0,0,0
10677,199980,11,8,8010404,Rixdorf,2019,10,16,4,3,6,2,0,0,1,1,0,0,0,0
10678,199981,11,1,1022101,Huttenkiez,2019,10,16,4,3,0,1,0,0,0,0,0,0,1,1
10679,199982,11,1,1011104,Körnerstraße,2019,9,17,5,2,3,6,0,0,1,0,1,0,0,0
10680,199983,11,8,8010404,Rixdorf,2019,10,16,4,3,1,5,0,1,1,0,0,0,0,1
10681,199984,11,2,7010104,Dennewitzplatz,2019,9,14,5,3,3,6,0,0,1,0,1,0,0,0
10682,199985,11,6,6030608,Schweizer Viertel,2019,10,16,4,3,0,2,0,1,0,0,0,0,1,0
10683,199986,11,7,7030301,Friedenau,2019,10,23,4,2,5,7,2,0,1,0,1,0,0,0
10684,199987,11,12,12301204,Wittenau Nord,2019,9,18,5,3,5,2,0,1,1,0,0,0,0,0
10685,199988,11,8,8010301,Reuterkiez,2019,10,16,4,3,5,3,0,1,0,0,1,0,0,0
10686,199989,11,7,7010102,Nollendorfplatz,2019,9,13,5,3,6,2,0,0,1,1,0,0,0,0
10687,199990,11,1,1011306,Heine-Viertel Ost,2019,10,22,4,3,0,7,2,0,0,1,0,0,1,0
10688,199991,11,1,1011401,Invalidenstraße,2019,9,17,5,3,5,7,0,0,1,0,0,0,0,0
10689,199992,11,12,12214421,Reinickes Hof,2019,10,15,4,3,5,3,0,0,1,0,0,0,1,0
10690,199993,11,1,1044101,Rehberge,2019,10,15,4,3,2,6,0,0,1,0,0,0,0,0
10691,199994,11,4,4030620,Alt-Lietzow,2019,9,17,5,3,1,5,0,0,1,0,1,0,0,0
10692,199995,11,1,1044103,Westliche Müllerstraße,2019,9,13,5,3,2,2,0,1,1,0,0,0,0,0
10693,199996,11,1,1044202,Sparrplatz,2019,10,22,4,3,1,5,2,1,1,0,0,0,0,0
10694,199997,11,12,12214424,Scharnweberstraße,2019,10,21,4,3,5,2,2,0,1,0,0,0,0,0
10695,199998,11,4,4041241,Breite Straße,2019,9,17,5,3,2,6,0,0,1,0,0,0,0,0
10696,199999,11,3,3050920,Weißer See,2019,10,13,4,2,6,4,0,0,1,1,0,0,0,1
10697,200000,11,8,8010214,Glasower Straße,2019,9,17,5,3,5,3,0,0,1,0,0,0,0,1
10698,200001,11,1,2010102,Mehringplatz,2019,10,13,4,3,2,6,0,0,1,0,0,0,1,0
10699,200002,11,3,3040513,Schönholz,2019,10,13,4,3,2,6,0,0,1,0,0,1,0,0
10700,200003,11,9,9030903,Kölner Viertel,2019,9,0,5,3,1,1,2,0,1,0,0,0,0,1
10701,200004,11,7,7040405,Rathaus Tempelhof,2019,10,12,4,2,4,6,0,0,1,0,0,0,0,0
10702,200005,11,8,8010303,Donaustraße,2019,10,20,4,3,6,2,2,0,1,1,0,0,0,0
10703,200006,11,2,2010103,Moritzplatz,2019,9,7,5,3,0,1,0,1,0,0,0,0,0,1
10704,200007,11,6,6010208,Bergstraße,2019,10,12,4,3,6,2,0,0,1,1,0,0,0,1
10705,200008,11,9,9051801,Rahnsdorf/Hessenwinkel,2019,9,8,5,2,0,1,0,0,0,0,1,0,0,1
10706,200009,11,3,3040818,Pankow Süd,2019,10,20,4,3,5,3,2,1,1,0,0,0,0,0
10707,200010,11,8,8040933,Vogelviertel Süd,2019,10,11,4,2,5,3,0,0,1,0,0,0,0,1
10708,200011,11,2,2030301,Oranienplatz,2019,9,1,5,2,0,1,2,1,0,0,0,0,0,1
10709,200012,11,3,3040513,Schönholz,2019,9,8,5,3,6,4,0,0,0,1,1,0,0,0
10710,200013,11,3,3020209,Niederschönhausen,2019,10,11,4,3,5,3,0,0,1,0,0,0,0,1
10711,200014,11,1,1011301,Charitéviertel,2019,10,18,4,3,2,6,2,1,1,0,0,0,0,0
10712,200015,11,7,7070701,Kettinger Straße/Schillerstraße,2019,9,19,4,3,2,6,1,0,1,0,0,0,0,0
10713,200016,11,1,1022101,Huttenkiez,2019,10,10,4,3,2,6,0,0,1,0,0,0,0,1
10714,200017,11,2,2050802,Boxhagener Platz,2019,9,10,4,3,0,3,0,1,0,0,0,0,0,0
10715,200018,11,1,1011204,Leipziger Straße,2019,9,12,4,3,0,1,0,1,0,0,0,0,0,1
10716,200019,11,1,1033203,Humboldthain Nordwest,2019,10,8,4,3,5,2,0,1,1,0,0,0,0,1
10717,200020,11,7,7010102,Nollendorfplatz,2019,10,10,4,3,2,6,0,0,1,0,0,0,0,1
10718,200021,11,2,2010102,Mehringplatz,2019,9,9,4,3,5,3,0,1,1,0,0,0,0,1
10719,200022,11,1,1011203,Unter den Linden Süd,2019,10,8,4,3,5,2,0,1,1,0,0,0,0,1
10720,200023,11,3,3030715,Heinersdorf,2019,9,16,4,3,5,3,0,0,1,0,0,0,0,1
10721,200024,11,7,7050502,Fritz-Werner-Straße,2019,10,10,4,3,5,2,0,0,1,0,0,0,0,1
10722,200025,11,4,4051446,Preußenpark,2019,9,23,4,3,5,7,2,1,1,0,0,0,0,0
10723,200026,11,11,11030720,Herzbergstraße,2019,10,10,4,2,2,1,0,0,1,0,0,0,1,1
10724,200027,11,1,1011302,Oranienburger Straße,2019,9,21,4,3,0,6,2,1,0,1,0,0,0,1
10725,200028,11,2,2020204,Urbanstraße,2019,10,8,4,3,0,2,0,1,1,0,0,0,0,1
10726,200029,11,3,3040614,Pankow Zentrum,2019,9,21,4,3,0,7,2,0,0,0,0,0,1,1
10727,200030,11,2,2040701,Andreasviertel,2019,10,8,4,2,5,2,0,0,1,0,1,0,0,1
10728,200031,11,11,11010205,Falkenberg West,2019,9,20,4,3,5,2,2,0,1,0,0,0,0,1
10729,200032,11,11,11030720,Herzbergstraße,2019,10,10,4,2,0,1,0,1,0,0,0,0,0,1
10730,200033,11,1,1044203,Leopoldplatz,2019,9,20,4,3,6,4,2,0,1,1,0,0,0,1
10731,200034,11,8,8020619,Buschkrugallee Nord,2019,10,6,4,3,8,1,2,0,1,0,0,0,0,1
10732,200035,11,6,6010103,Markelstraße,2019,10,9,4,3,0,1,0,0,0,0,1,0,0,1
10733,200036,11,1,1044202,Sparrplatz,2019,9,20,4,3,0,7,2,1,1,0,0,0,0,0
10734,200037,11,9,9010301,Baumschulenstraße,2019,10,9,4,3,2,4,0,0,1,1,0,0,0,1
10735,200038,11,10,10010310,Alt-Marzahn,2019,9,19,4,3,0,3,2,0,1,0,1,0,0,1
10736,200039,11,4,4020310,Park Ruhwald,2019,10,9,4,2,6,4,0,0,1,1,0,0,0,1
10737,200040,11,10,10020415,Hellersdorfer Promenade,2019,10,16,4,3,2,6,0,0,1,0,0,0,1,0
10738,200041,11,1,1022206,Lüneburger Straße,2019,9,19,4,2,6,4,2,0,0,1,0,0,1,0
10739,200042,11,9,9041501,Altstadt Kietz,2019,10,20,3,3,1,1,2,1,1,0,0,0,0,1
10740,200043,11,2,2020206,Graefekiez,2019,9,19,4,3,5,2,2,1,1,0,0,0,0,1
10741,200044,11,8,8010404,Rixdorf,2019,10,19,3,3,6,4,2,0,1,1,0,0,0,1
10742,200045,11,10,10040828,Kaulsdorf Nord,2019,9,19,4,3,5,3,2,1,1,0,0,0,0,1
10743,200046,11,11,11051229,Rummelsburg,2019,10,20,3,3,5,2,2,1,1,0,0,0,0,1
10744,200047,11,7,7030301,Friedenau,2019,9,19,4,3,5,2,2,1,1,0,0,0,0,1
10745,200048,11,7,7020203,Kaiser-Wilhelm-Platz,2019,10,19,3,3,5,3,2,0,1,0,0,0,0,1
10746,200049,11,5,5010314,Carl-Schurz-Straße,2019,10,18,3,3,5,2,0,0,1,0,0,0,0,0
10747,200050,11,1,1011201,Wilhelmstraße,2019,9,14,4,3,0,6,0,0,1,0,0,0,1,0
10748,200051,11,1,1044203,Leopoldplatz,2019,9,18,4,3,1,1,1,0,1,0,0,0,0,1
10749,200052,11,3,3061131,Falkplatz,2019,10,15,3,3,5,2,0,1,1,0,0,0,0,0
10750,200053,11,12,1044101,Rehberge,2019,9,17,4,2,5,3,0,0,1,0,0,0,1,1
10751,200054,11,11,11020411,Malchower Weg,2019,10,21,3,3,6,7,2,1,0,1,0,0,0,1
10752,200055,11,2,2050802,Boxhagener Platz,2019,9,17,4,3,5,3,0,1,1,0,0,0,0,1
10753,200056,11,8,8010303,Donaustraße,2019,10,11,3,3,6,7,0,0,1,1,0,0,0,1
10754,200057,11,1,1044203,Leopoldplatz,2019,10,17,3,3,5,3,0,0,1,0,0,0,1,1
10755,200058,11,2,2010102,Mehringplatz,2019,9,17,4,3,5,3,0,1,1,0,0,0,0,1
10756,200059,11,1,1011402,Arkonaplatz,2019,9,17,4,3,5,3,0,1,1,0,0,0,0,1
10757,200060,11,6,6010206,Stadtpark,2019,10,17,3,3,5,3,1,1,1,0,0,0,0,1
10758,200061,11,1,1011101,Stülerstraße,2019,10,16,3,3,5,3,0,0,1,0,0,0,1,0
10759,200062,11,7,7030301,Friedenau,2019,9,17,4,3,5,3,0,1,1,0,0,0,0,1
10760,200063,11,1,1033201,Brunnenstraße,2019,10,15,3,3,6,7,0,0,0,1,0,0,1,1
10761,200064,11,6,6040702,Düppel,2019,9,16,4,3,5,3,0,1,1,0,0,0,0,1
10762,200065,11,7,7010102,Nollendorfplatz,2019,10,16,3,3,5,2,0,0,1,0,1,0,0,1
10763,200066,11,6,6040703,Nikolassee,2019,10,15,3,3,0,3,0,1,1,0,0,0,0,1
10764,200067,11,2,2010104,Wassertorplatz,2019,9,20,4,2,0,1,2,0,0,0,1,0,0,1
10765,200068,11,4,4030726,Droysenstraße,2019,10,15,3,3,0,1,0,0,1,0,0,0,1,1
10766,200069,11,5,5010206,Gütersloher Weg,2019,9,16,4,3,6,4,0,0,1,1,0,0,0,1
10767,200070,11,5,5010312,Kurstraße,2019,10,15,3,3,0,7,0,0,0,0,1,0,0,1
10768,200071,11,4,4051652,Nikolsburger Platz,2019,9,16,4,3,0,6,0,0,1,0,1,0,0,1
10769,200072,11,4,4030518,Tegeler Weg,2019,10,15,3,2,5,2,0,0,1,0,0,0,0,1
10770,200073,11,1,1044201,Reinickendorfer Straße,2019,9,18,4,3,0,7,1,0,0,0,1,0,0,1
10771,200074,11,4,4030623,Ernst-Reuter-Platz,2019,10,15,3,3,2,6,0,1,1,0,0,0,0,0
10772,200075,11,2,2050601,Hausburgviertel,2019,10,14,3,2,3,6,0,0,1,0,0,1,0,1
10773,200076,11,5,5030730,Zitadellenweg,2019,9,16,4,3,4,1,0,0,1,0,0,0,0,1
10774,200077,11,1,1022207,Hansaviertel,2019,9,8,4,3,5,2,0,1,1,0,0,0,0,0
10775,200078,11,2,2050601,Hausburgviertel,2019,10,14,3,3,3,6,0,1,1,0,0,0,0,1
10776,200079,11,1,1044203,Leopoldplatz,2019,10,14,3,3,2,6,0,0,1,0,0,0,1,1
10777,200080,11,1,1011204,Leipziger Straße,2019,9,8,4,3,2,6,0,1,1,0,0,0,0,1
10778,200081,11,5,5010312,Kurstraße,2019,10,14,3,3,5,3,0,1,1,0,0,0,0,1
10779,200082,11,2,2030302,Lausitzer Platz,2019,9,16,4,3,8,1,0,0,1,1,0,0,0,1
10780,200083,11,2,2040701,Andreasviertel,2019,10,14,3,3,2,3,0,0,1,0,0,0,0,1
10781,200084,11,11,11020513,Orankesee,2019,9,16,4,3,5,3,0,1,1,0,0,0,0,1
10782,200085,11,4,4030621,Spreestadt,2019,10,14,3,3,5,2,0,1,1,0,0,0,0,1
10783,200086,11,6,6010205,Südende,2019,9,16,4,3,0,6,0,0,0,0,1,0,0,1
10784,200087,11,4,4030930,George-Grosz-Platz,2019,10,14,3,3,6,4,0,1,0,1,0,0,0,1
10785,200088,11,7,7040403,Manteuffelstraße,2019,9,15,4,3,5,3,1,0,1,0,0,0,0,1
10786,200089,11,7,7050505,Hundsteinweg,2019,10,13,3,3,2,6,0,0,1,0,1,0,0,1
10787,200090,11,5,5010103,Amorbacher Weg,2019,9,15,4,3,2,6,0,0,1,0,0,0,0,1
10788,200091,11,4,4030828,Savignyplatz,2019,10,13,3,3,2,6,0,0,1,0,0,0,0,1
10789,200092,11,4,4051445,Eisenzahnstraße,2019,10,12,3,3,2,6,0,0,1,0,0,0,0,1
10790,200093,11,6,6020301,Alt-Lankwitz,2019,9,12,4,3,2,6,0,0,1,0,0,0,1,1
10791,200094,11,1,1033101,Soldiner Straße,2019,10,12,3,3,5,3,0,1,0,0,0,0,1,1
10792,200095,11,1,1044201,Reinickendorfer Straße,2019,9,15,4,3,2,6,0,0,1,0,1,0,0,1
10793,200096,11,12,12301203,Wittenau Süd,2019,10,11,3,3,2,3,0,0,1,0,0,0,1,1
10794,200097,11,2,2040502,Friedenstraße,2019,9,12,4,3,5,3,0,1,1,0,0,0,0,1
10795,200098,11,9,9051702,Bölschestraße,2019,10,11,3,3,2,6,0,0,1,0,0,0,0,1
10796,200099,11,10,10040828,Kaulsdorf Nord,2019,9,12,4,3,0,1,0,0,0,0,1,0,0,1
10797,200100,11,3,3040818,Pankow Süd,2019,10,11,3,3,6,4,0,0,1,1,0,0,0,1
10798,200101,11,4,4030417,Schloßstraße,2019,10,8,3,2,5,7,0,0,1,0,0,0,0,1
10799,200102,11,7,7060601,Marienfelder Allee Nordwest,2019,9,11,4,3,1,5,0,0,1,0,0,0,0,1
10800,200103,11,3,3071639,Bötzowstraße,2019,9,11,4,3,6,4,0,0,1,1,0,0,0,1
10801,200104,11,3,3030716,Märchenland,2019,10,7,3,3,2,6,0,0,1,0,0,0,1,1
10802,200105,11,9,9010101,Elsenstraße,2019,10,7,3,2,6,4,0,0,1,1,0,0,0,1
10803,200106,11,4,4041134,Bismarckallee,2019,9,11,4,3,0,5,0,1,1,0,0,0,0,0
10804,200107,11,11,11020513,Orankesee,2019,10,11,3,3,5,2,0,0,1,0,0,0,1,1
10805,200108,11,6,6020303,Lankwitz Kirche,2019,9,10,4,3,2,2,0,0,1,0,0,0,0,1
10806,200109,11,3,3020203,Blankenfelde,2019,10,10,3,3,0,2,0,1,1,0,0,0,0,1
10807,200110,11,9,9051702,Bölschestraße,2019,10,7,3,3,5,3,0,1,1,0,0,0,0,1
10808,200111,11,7,7040403,Manteuffelstraße,2019,9,10,4,3,2,2,0,0,1,0,0,0,0,1
10809,200112,11,2,2010102,Mehringplatz,2019,10,10,3,3,6,2,0,0,1,1,0,0,0,1
10810,200113,11,1,1022104,Emdener Straße,2019,10,5,3,3,2,6,2,0,1,0,0,1,0,1
10811,200114,11,4,4030415,Schloßgarten,2019,9,10,4,3,6,4,0,1,0,1,0,0,0,1
10812,200115,11,4,4051447,Ludwigkirchplatz,2019,10,9,3,3,5,3,0,1,1,0,0,0,0,1
10813,200116,11,2,2010104,Wassertorplatz,2019,10,0,3,3,1,6,2,0,1,0,0,1,1,0
10814,200117,11,6,6020409,Königsberger Straße,2019,9,15,4,2,5,3,0,0,1,0,0,1,0,1
10815,200118,11,3,3050923,Weißenseer Spitze,2019,10,9,3,3,5,3,0,1,0,0,0,0,0,1
10816,200119,11,1,1033102,Gesundbrunnen,2019,9,10,4,3,2,6,0,0,1,0,0,0,0,1
10817,200120,11,11,11010206,Wartenberg Süd,2019,9,9,2,3,2,6,0,0,1,0,0,0,0,1
10818,200121,11,8,8020728,Buckow Ost,2019,9,10,4,3,5,3,0,0,1,0,0,0,0,1
10819,200122,11,1,1011301,Charitéviertel,2019,9,16,2,2,1,5,0,0,1,0,1,0,0,1
10820,200123,11,1,1044201,Reinickendorfer Straße,2019,9,15,4,3,0,3,0,0,0,0,1,0,1,1
10821,200124,11,10,10010310,Alt-Marzahn,2019,9,15,2,3,5,2,0,0,1,0,0,0,0,0
10822,200125,11,6,6010205,Südende,2019,9,19,2,3,2,6,1,0,1,0,0,0,0,1
10823,200126,11,9,9020602,Oberspree,2019,9,14,4,3,5,3,0,1,1,0,0,0,0,1
10824,200127,11,1,1044203,Leopoldplatz,2019,9,9,4,3,2,6,0,0,1,0,0,0,0,1
10825,200128,11,6,6020408,Lichterfelde Süd,2019,9,19,2,3,5,3,2,1,1,0,0,0,0,1
10826,200129,11,10,10040931,Mahlsdorf Nord,2019,9,17,2,3,5,2,0,1,1,0,0,0,0,0
10827,200130,11,4,4020311,Reichsstraße,2019,9,14,4,3,3,6,0,0,1,0,0,0,0,1
10828,200131,11,4,4041137,Flinsberger Platz,2019,9,18,2,3,2,6,0,0,1,0,0,0,0,1
10829,200132,11,12,12214528,Tegeler Forst,2019,9,14,4,3,0,7,0,0,0,0,1,0,0,1
10830,200133,11,1,1011204,Leipziger Straße,2019,9,17,2,3,5,3,2,0,1,0,0,0,0,0
10831,200134,11,10,10020414,Helle Mitte,2019,9,13,4,3,6,2,0,0,1,1,0,0,0,0
10832,200135,11,4,4051549,Rathaus Wilmersdorf,2019,9,14,2,3,5,7,0,0,1,0,0,0,0,1
10833,200136,11,4,4051551,Brabanter Platz,2019,9,12,4,3,4,6,0,0,1,0,0,0,0,0
10834,200137,11,4,4030929,Hindemithplatz,2019,10,18,4,3,0,4,1,1,0,1,0,0,0,1
10835,200138,11,1,1011101,Stülerstraße,2019,10,18,4,3,0,3,1,1,1,0,0,0,0,1
10836,200139,11,9,9020502,Oberschöneweide Ost,2019,10,12,4,3,6,4,0,0,1,1,0,0,0,0
10837,200140,11,5,5030730,Zitadellenweg,2019,10,17,4,3,2,6,0,0,1,0,0,0,1,1
10838,200141,11,1,1011302,Oranienburger Straße,2019,10,17,4,3,2,6,0,0,1,0,0,0,0,1
10839,200142,11,1,1011402,Arkonaplatz,2019,10,0,4,2,0,1,2,0,0,0,1,0,0,0
10840,200143,11,7,7020204,Schöneberger Insel,2019,10,11,4,3,5,3,0,1,1,0,0,0,0,1
10841,200144,11,4,4041342,Schlangenbader Straße,2019,10,11,4,2,6,2,0,0,1,1,0,0,0,1
10842,200145,11,3,3061332,Helmholtzplatz,2019,10,11,4,3,2,6,0,0,1,0,1,0,0,1
10843,200146,11,9,9020802,Köllnische Vorstadt,2019,10,9,4,3,5,3,0,1,1,0,0,0,0,1
10844,200147,11,1,1033203,Humboldthain Nordwest,2019,10,9,4,3,5,7,0,0,0,0,1,0,1,1
10845,200148,11,3,3061227,Humannplatz,2019,10,9,4,3,1,5,0,1,0,0,0,1,0,1
10846,200149,11,5,5010314,Carl-Schurz-Straße,2019,10,9,4,3,2,6,0,0,1,0,0,0,1,1
10847,200150,11,3,3061332,Helmholtzplatz,2019,10,9,4,3,5,2,0,1,1,0,0,0,0,1
10848,200151,11,12,12302212,Rollbergesiedlung,2019,10,8,4,3,5,3,0,0,1,0,0,0,0,1
10849,200152,11,1,1011301,Charitéviertel,2019,10,8,4,3,0,7,0,0,1,0,0,0,1,1
10850,200153,11,9,9020701,Adlershof West,2019,10,8,4,3,0,3,0,0,1,0,1,0,0,1
10851,200154,11,4,4051656,Hildegardstraße,2019,10,7,4,3,5,5,0,1,1,0,0,0,0,1
10852,200155,11,3,3030715,Heinersdorf,2019,10,7,4,3,6,4,1,0,0,1,1,0,0,0
10853,200156,11,8,8020622,Parchimer Allee,2019,10,6,4,3,5,2,2,1,1,0,0,0,0,0
10854,200157,11,4,4041238,Kissinger Straße,2019,10,19,4,1,6,4,2,0,1,1,1,0,0,1
10855,200158,11,9,9041501,Altstadt Kietz,2019,10,15,3,3,3,6,0,1,0,0,0,0,0,0
10856,200159,11,2,2020206,Graefekiez,2019,10,18,3,3,0,1,1,0,0,0,1,0,0,0
10857,200160,11,3,3061228,Erich-Weinert-Straße,2019,10,15,3,2,5,3,0,1,1,0,0,0,0,0
10858,200161,11,2,2030302,Lausitzer Platz,2019,10,22,3,3,1,5,2,1,1,0,0,0,1,0
10859,200162,11,1,1011301,Charitéviertel,2019,10,22,3,3,3,6,2,0,1,0,1,0,0,0
10860,200163,11,1,1011105,Nördlicher Landwehrkanal,2019,10,13,4,3,6,2,0,0,1,1,0,0,0,1
10861,200164,11,2,2050802,Boxhagener Platz,2019,10,21,3,3,1,5,2,1,1,0,0,0,0,0
10862,200165,11,4,4031032,Halensee,2019,10,20,3,3,5,7,2,1,1,0,0,0,0,0
10863,200166,11,7,7050505,Hundsteinweg,2019,10,20,3,3,2,6,2,0,1,0,0,0,0,0
10864,200167,11,1,1033102,Gesundbrunnen,2019,10,18,3,3,0,1,1,0,0,0,1,0,0,0
10865,200168,11,5,5010101,Hakenfelde Nord,2019,10,16,3,3,0,4,0,0,0,1,0,0,1,0
10866,200169,11,10,10010310,Alt-Marzahn,2019,10,15,3,3,5,2,0,0,1,0,0,0,1,0
10867,200170,11,9,9052001,Köpenick Nord,2019,10,15,3,3,4,6,0,0,1,0,0,0,0,0
10868,200171,11,1,1011201,Wilhelmstraße,2019,10,11,3,2,0,5,0,0,1,0,1,0,1,0
10869,200172,11,7,7010102,Nollendorfplatz,2019,10,14,3,3,1,5,0,1,0,0,1,0,0,0
10870,200173,11,11,11030721,Rüdigerstraße,2019,10,11,3,2,5,3,0,0,1,1,0,0,0,0
10871,200174,11,6,6030605,Botanischer Garten,2019,10,11,3,3,0,1,0,1,0,0,0,0,0,1
10872,200175,11,9,9020501,Oberschöneweide West,2019,10,11,3,3,5,2,0,1,0,0,0,1,0,0
10873,200176,11,1,1011302,Oranienburger Straße,2019,10,11,3,3,5,2,0,1,0,0,0,0,0,0
10874,200177,11,5,5020626,Adamstraße,2019,10,10,3,3,5,2,0,1,1,0,0,0,0,0
10875,200178,11,4,4041344,Rüdesheimer Platz,2019,10,9,3,3,1,5,0,1,1,0,0,0,0,1
10876,200179,11,1,1011201,Wilhelmstraße,2019,10,8,3,3,5,3,0,1,0,1,0,0,0,0
10877,200180,11,4,4030623,Ernst-Reuter-Platz,2019,10,8,3,3,2,6,0,0,1,0,0,0,0,0
10878,200181,11,1,1011306,Heine-Viertel Ost,2019,10,9,3,3,4,6,0,1,1,0,0,0,0,0
10879,200182,11,3,3071536,Teutoburger Platz,2019,10,14,3,3,6,4,0,1,0,1,0,0,0,0
10880,200183,11,1,1011204,Leipziger Straße,2019,10,8,3,3,2,2,0,1,1,0,0,0,0,0
10881,200184,11,7,7050505,Hundsteinweg,2019,10,14,3,3,6,7,0,0,0,1,0,0,1,0
10882,200185,11,1,1022101,Huttenkiez,2019,10,18,3,3,0,2,1,0,1,0,1,0,0,0
10883,200186,11,1,1011103,Lützowstraße,2019,10,14,3,3,2,6,0,0,1,0,0,0,0,0
10884,200187,11,9,9010401,Johannisthal West,2019,10,8,3,3,0,3,0,0,1,0,1,0,0,0
10885,200188,11,2,2010104,Wassertorplatz,2019,10,7,3,2,2,6,0,0,1,0,1,0,0,0
10886,200189,11,10,10010102,Havemannstraße,2019,10,18,3,3,2,7,1,0,1,0,0,0,0,0
10887,200190,11,5,5030731,Gartenfelder Straße,2019,10,7,3,3,0,6,0,0,1,0,1,0,0,0
10888,200191,11,5,5010312,Kurstraße,2019,10,6,3,3,5,3,1,1,1,0,0,0,0,0
10889,200192,11,5,5010209,An der Kappe,2019,10,17,3,3,5,2,0,1,1,0,0,0,0,0
10890,200193,11,2,2040701,Andreasviertel,2019,10,17,3,3,5,3,0,1,0,0,0,1,0,0
10891,200194,11,8,8010301,Reuterkiez,2019,10,13,3,3,2,6,0,0,1,0,0,0,0,0
10892,200195,11,1,1022103,Westhafen,2019,10,17,3,3,5,2,0,0,1,0,1,0,0,0
10893,200196,11,12,12301205,Waidmannslust,2019,10,12,3,3,6,2,0,0,0,1,0,0,1,0
10894,200197,11,8,8020622,Parchimer Allee,2019,10,15,3,3,2,6,0,0,1,0,0,0,0,0
10895,200198,11,3,3061228,Erich-Weinert-Straße,2019,10,12,3,3,5,2,0,0,0,0,1,0,1,0
10896,200199,11,9,9020601,Schnellerstraße,2019,10,16,3,3,2,6,0,0,0,0,0,0,1,0
10897,200200,11,7,7040405,Rathaus Tempelhof,2019,10,21,2,2,5,3,2,0,1,0,1,0,0,0
10898,200201,11,4,4010101,Jungfernheide,2019,10,21,2,3,6,7,2,0,0,1,0,1,0,0
10899,200202,11,1,1022201,Stephankiez,2019,10,20,2,3,2,6,2,1,1,0,0,0,0,0
10900,200203,11,2,2050802,Boxhagener Platz,2019,10,19,2,3,5,2,2,1,1,0,0,0,0,0
10901,200204,11,3,3061430,Volkspark Prenzlauer Berg,2019,10,18,2,3,2,2,1,1,1,0,0,0,0,0
10902,200205,11,1,1011201,Wilhelmstraße,2019,10,18,2,3,6,4,1,1,0,1,0,0,0,0
10903,200206,11,4,4041136,Hagenplatz,2019,10,18,2,3,5,2,1,1,1,0,0,0,0,0
10904,200207,11,1,1011105,Nördlicher Landwehrkanal,2019,10,17,2,3,5,2,0,1,1,0,0,0,0,0
10905,200208,11,8,8020625,Handwerker-Siedlung,2019,10,17,2,2,1,5,0,0,1,0,0,0,0,0
10906,200209,11,12,12103218,Teichstraße,2019,10,17,2,3,1,5,1,0,1,0,0,0,0,0
10907,200210,11,6,6010101,Fichtenberg,2019,10,16,2,2,0,6,0,0,1,0,0,0,1,0
10908,200211,11,10,10010309,Springpfuhl,2019,10,15,2,3,5,2,0,1,0,0,0,0,1,0
10909,200212,11,3,3071536,Teutoburger Platz,2019,10,15,2,3,5,7,0,0,0,0,0,0,1,0
10910,200213,11,2,2010102,Mehringplatz,2019,10,15,2,2,6,4,0,0,1,1,0,0,0,0
10911,200214,11,2,2020204,Urbanstraße,2019,10,9,2,3,2,2,0,1,1,0,0,0,0,0
10912,200215,11,11,11051330,Karlshorst West,2019,10,15,2,3,5,5,0,0,1,0,0,0,0,0
10913,200216,11,8,8010302,Bouchéstraße,2019,10,15,2,3,0,6,0,1,0,0,0,0,1,0