,object id,city,district,sub district key,street,year,month,hour of day,weekday,category,accident type,accident type 2,light situation,bike involved,car involved,pedestrian involved,motor bike involved,big track involved,other vehicle involved,road condition
10914,200217,11,5,5020625,Borkumer Straße,2019,10,11,2,2,5,3,0,1,0,0,1,0,0,0
10915,200218,11,9,9051702,Bölschestraße,2019,10,11,2,3,0,6,0,1,0,0,0,0,1,0
10916,200219,11,9,9041401,Allende I,2019,10,11,2,2,0,7,0,1,0,0,0,0,0,0
10917,200220,11,1,1033202,Humboldthain Süd,2019,10,15,2,3,2,6,0,0,1,0,1,0,0,0
10918,200221,11,2,2050803,Stralauer Kiez,2019,10,8,2,3,2,6,0,0,1,0,1,0,0,0
10919,200222,11,5,5030731,Gartenfelder Straße,2019,10,14,2,3,2,2,0,0,1,0,0,0,0,0
10920,200223,11,1,1044202,Sparrplatz,2019,10,8,2,3,2,6,0,0,1,0,0,0,0,0
10921,200224,11,12,12214424,Scharnweberstraße,2019,10,7,2,3,5,2,0,0,1,0,0,0,0,0
10922,200225,11,7,7060604,Marienfelde Süd,2019,10,13,2,3,2,3,0,0,1,0,1,0,0,0
10923,200226,11,11,11020412,Hauptstraße,2019,10,10,2,2,6,4,0,0,1,1,0,0,0,0
10924,200227,11,6,6030609,Augustaplatz,2019,10,6,2,3,1,5,1,1,1,0,0,0,0,0
10925,200228,11,4,4031032,Halensee,2019,10,10,2,3,5,2,0,0,1,0,0,0,0,0
10926,200229,11,8,8010118,Silbersteinstraße,2019,10,14,2,3,6,2,0,0,1,1,0,0,0,0
10927,200230,11,3,3061435,Conrad-Blenkle-Straße,2019,10,6,2,3,5,3,2,1,1,0,0,0,0,1
10928,200231,11,9,9010401,Johannisthal West,2019,10,10,2,3,5,5,0,0,1,0,0,0,0,0
10929,200232,11,10,10010309,Springpfuhl,2019,10,13,2,2,0,3,0,0,1,0,1,0,0,0
10930,200233,11,4,4020310,Park Ruhwald,2019,10,10,2,3,5,2,0,0,1,0,1,0,0,0
10931,200234,11,4,4030519,Kaiserin-Augusta-Allee,2019,10,13,2,3,5,3,0,1,1,0,0,0,0,0
10932,200235,11,10,10020622,Kaulsdorf Nord I,2019,10,9,2,3,5,2,0,0,1,0,0,0,0,0
10933,200236,11,2,2010104,Wassertorplatz,2019,10,9,2,3,2,6,0,0,1,0,1,0,0,0
10934,200237,11,3,3061131,Falkplatz,2019,10,12,2,2,5,3,0,1,1,0,0,0,0,0
10935,200238,11,7,7040401,Neu-Tempelhof,2019,10,9,2,3,0,1,0,1,0,0,0,0,0,0
10936,200239,11,2,2010102,Mehringplatz,2019,10,8,2,3,0,7,0,0,0,0,1,0,0,1
10937,200240,11,7,7040401,Neu-Tempelhof,2019,10,12,2,3,2,6,0,0,1,0,0,0,0,0
10938,200241,11,8,8010211,Flughafenstraße,2019,10,16,1,3,5,3,0,1,1,0,0,0,0,0
10939,200242,11,3,3040614,Pankow Zentrum,2019,10,22,1,2,3,6,2,1,0,0,0,0,1,0
10940,200243,11,3,3040614,Pankow Zentrum,2019,10,17,1,3,4,6,0,1,0,0,0,0,0,0
10941,200244,11,9,9041301,Kietzer Feld/Nachtheide,2019,10,16,1,3,2,6,0,0,1,0,0,0,0,1
10942,200245,11,12,12302109,Treuenbrietzener Straße,2019,10,16,1,3,0,1,0,0,0,0,1,0,0,0
10943,200246,11,3,3040512,Wilhelmsruh,2019,10,15,1,3,2,6,0,0,1,0,1,0,0,0
10944,200247,11,1,1011101,Stülerstraße,2019,10,15,1,2,2,6,0,0,1,0,1,0,0,0
10945,200248,11,1,1011105,Nördlicher Landwehrkanal,2019,10,13,1,3,5,3,0,1,0,0,1,0,0,0
10946,200249,11,12,12214424,Scharnweberstraße,2019,10,13,1,3,5,2,0,0,1,0,0,0,1,0
10947,200250,11,4,4051445,Eisenzahnstraße,2019,10,13,1,3,5,5,0,0,1,0,1,0,0,0
10948,200251,11,4,4020313,Königin-Elisabeth-Straße,2019,10,12,1,3,2,6,0,0,1,0,0,0,0,0
10949,200252,11,8,8020727,Buckow Mitte,2019,10,11,1,3,6,2,0,0,1,1,0,0,0,0
10950,200253,11,3,3051022,Hansastraße,2019,10,10,1,3,5,3,0,0,1,0,0,0,0,0
10951,200254,11,11,11010205,Falkenberg West,2019,10,9,1,3,5,7,0,1,1,0,0,0,0,0
10952,200255,11,2,2040701,Andreasviertel,2019,10,7,1,3,6,7,0,0,1,1,0,0,0,0
10953,200256,11,4,4010102,Plötzensee,2019,10,6,1,3,5,7,2,0,1,0,0,0,0,0
10954,200257,11,1,1011306,Heine-Viertel Ost,2019,10,22,1,3,5,3,2,0,1,0,0,0,0,1
10955,200258,11,3,3040614,Pankow Zentrum,2019,10,22,1,2,3,6,2,1,0,0,0,0,1,0
10956,200259,11,2,2030302,Lausitzer Platz,2019,10,20,1,3,5,3,2,0,1,0,1,0,0,1
10957,200260,11,4,4030620,Alt-Lietzow,2019,10,20,1,3,0,1,2,1,0,0,0,0,0,0
10958,200261,11,4,4031032,Halensee,2019,10,16,4,3,5,2,0,0,1,0,1,0,0,1
10959,200262,11,1,1011301,Charitéviertel,2019,10,17,3,3,0,1,1,0,1,0,0,0,1,1
10960,200263,11,4,4041344,Rüdesheimer Platz,2019,10,19,1,3,0,1,2,0,0,0,1,0,0,1
10961,200264,11,11,2050801,Traveplatz,2019,10,19,1,3,0,1,2,0,0,0,1,0,0,1
10962,200265,11,2,2010104,Wassertorplatz,2019,10,18,1,3,0,2,2,1,1,0,0,0,0,1
10963,200266,11,4,4030930,George-Grosz-Platz,2019,10,18,1,3,0,1,1,0,0,0,1,0,0,0
10964,200267,11,7,7050501,Rathausstraße,2019,10,13,7,3,2,2,0,0,1,0,0,0,0,0
10965,200268,11,6,6040810,Dahlem,2019,10,13,7,3,2,2,0,0,1,0,0,0,0,0
10966,200269,11,1,1022103,Westhafen,2019,10,18,7,3,0,5,1,0,1,0,1,0,0,0
10967,200270,11,2,2050803,Stralauer Kiez,2019,10,15,4,2,6,4,0,0,1,1,0,0,0,1
10968,200271,11,6,6030610,Lichterfelde West,2019,10,23,7,2,0,1,2,1,0,0,0,0,0,0
10969,200272,11,3,3061430,Volkspark Prenzlauer Berg,2019,10,23,7,2,2,6,2,0,1,0,1,0,0,0
10970,200273,11,1,1011302,Oranienburger Straße,2019,10,15,4,3,6,4,0,0,0,1,1,0,0,1
10971,200274,11,1,1044101,Rehberge,2019,10,22,7,2,5,2,1,1,1,0,0,0,0,0
10972,200275,11,8,8010406,Treptower Straße Nord,2019,10,21,7,3,5,2,2,0,1,0,0,0,1,0
10973,200276,11,4,4010101,Jungfernheide,2019,10,22,7,3,5,2,2,0,1,0,0,0,1,0
10974,200277,11,1,1011305,Heine-Viertel West,2019,10,22,7,3,6,2,2,0,1,1,0,0,0,0
10975,200278,11,8,8020619,Buschkrugallee Nord,2019,10,19,7,3,0,5,2,0,1,0,0,0,1,0
10976,200279,11,1,1044101,Rehberge,2019,10,18,7,3,1,5,2,0,1,0,0,0,1,0
10977,200280,11,12,12214125,Waldidyll/Flughafensee,2019,10,18,7,3,6,2,2,0,0,1,0,0,1,0
10978,200281,11,12,12301205,Waidmannslust,2019,10,16,7,2,5,3,0,1,1,0,0,0,0,0
10979,200282,11,8,8030830,Gropiusstadt Süd,2019,10,15,7,3,5,3,0,0,1,0,0,0,0,0
10980,200283,11,5,5020625,Borkumer Straße,2019,10,15,7,2,0,6,0,0,1,0,0,0,1,0
10981,200284,11,7,7060604,Marienfelde Süd,2019,10,14,7,3,5,2,0,1,1,0,0,0,0,0
10982,200285,11,7,7010102,Nollendorfplatz,2019,10,14,7,3,5,7,0,0,1,0,1,0,0,0
10983,200286,11,10,10010207,Marzahner Promenade,2019,10,13,7,3,0,6,0,0,1,0,0,0,1,0
10984,200287,11,4,4030827,Karl-August-Platz,2019,10,12,7,3,5,3,0,1,0,0,1,0,0,0
10985,200288,11,10,10020620,Kaulsdorf Nord II,2019,10,12,7,3,5,2,0,0,0,0,0,0,1,0
10986,200289,11,9,9020701,Adlershof West,2019,10,12,7,3,5,3,0,1,1,0,0,0,0,0
10987,200290,11,6,6010102,Schloßstraße,2019,10,12,7,3,5,3,0,0,1,0,0,0,0,0
10988,200291,11,11,11041128,Sewanstraße,2019,10,11,7,3,5,3,0,1,1,0,0,0,0,0
10989,200292,11,11,11030720,Herzbergstraße,2019,10,11,7,3,3,6,0,1,0,0,0,0,1,0
10990,200293,11,11,11030721,Rüdigerstraße,2019,10,10,7,3,3,6,0,1,1,0,0,0,0,0
10991,200294,11,3,3030715,Heinersdorf,2019,10,10,7,3,5,3,0,0,1,0,0,0,0,0
10992,200295,11,11,11010206,Wartenberg Süd,2019,10,10,7,3,0,3,0,0,1,0,1,0,0,0
10993,200296,11,4,4030519,Kaiserin-Augusta-Allee,2019,10,9,7,3,5,7,0,0,1,0,1,0,0,0
10994,200297,11,8,8010301,Reuterkiez,2019,10,1,7,3,5,3,2,0,1,0,1,0,0,0
10995,200298,11,5,5010314,Carl-Schurz-Straße,2019,10,0,7,3,6,4,2,0,1,1,0,0,0,0
10996,200299,11,2,2040502,Friedenstraße,2019,10,19,6,3,0,6,2,0,1,0,1,0,0,0
10997,200300,11,1,1011202,Unter den Linden Nord,2019,10,10,6,2,6,4,0,1,0,1,0,0,0,1
10998,200301,11,11,11051229,Rummelsburg,2019,10,20,6,3,6,4,2,0,1,1,0,0,0,1
10999,200302,11,1,1011306,Heine-Viertel Ost,2019,10,14,6,3,5,7,0,1,0,0,0,0,1,0
11000,200303,11,5,5020626,Adamstraße,2019,10,13,6,3,5,2,0,0,1,0,0,0,0,0
11001,200304,11,8,8010214,Glasower Straße,2019,10,13,6,3,2,6,0,0,1,0,0,0,0,0
11002,200305,11,11,11030618,Fennpfuhl West,2019,10,19,6,2,5,3,2,0,1,0,0,0,1,1
11003,200306,11,1,1022201,Stephankiez,2019,10,10,6,3,0,6,0,1,1,0,0,0,0,0
11004,200307,11,6,6020301,Alt-Lankwitz,2019,10,19,6,3,5,3,2,0,1,0,0,0,0,1
11005,200308,11,3,3071537,Kollwitzplatz,2019,10,19,6,3,1,5,2,1,1,0,0,0,0,1
11006,200309,11,2,2030302,Lausitzer Platz,2019,10,17,6,3,5,2,1,1,1,0,0,0,0,1
11007,200310,11,4,4020310,Park Ruhwald,2019,10,19,6,3,5,2,2,1,1,0,0,0,0,1
11008,200311,11,12,12224230,Heiligensee,2019,10,6,6,3,2,6,1,0,1,0,0,0,0,0
11009,200312,11,2,2050802,Boxhagener Platz,2019,10,12,4,3,0,3,0,1,1,0,0,0,0,1
11010,200313,11,6,6040809,Thielallee,2019,10,18,6,3,5,3,2,0,1,0,0,0,0,1
11011,200314,11,5,5030833,Motardstraße,2019,10,5,6,3,6,4,2,0,0,1,1,0,0,0
11012,200315,11,2,2010104,Wassertorplatz,2019,10,17,6,3,5,3,1,1,1,0,0,0,0,1
11013,200316,11,1,1033102,Gesundbrunnen,2019,10,17,6,3,5,7,1,0,1,0,1,0,0,0
11014,200317,11,7,7060601,Marienfelder Allee Nordwest,2019,10,16,6,3,2,6,0,0,1,0,0,0,0,1
11015,200318,11,6,6030504,Teltower Damm,2019,10,16,6,2,5,5,0,0,1,0,0,0,0,1
11016,200319,11,7,7070703,John-Locke-Straße,2019,10,15,6,3,5,2,0,0,1,0,1,0,0,0
11017,200320,11,11,11020514,Große-Leege-Straße,2019,10,14,6,3,2,6,0,0,1,0,0,0,0,0
11018,200321,11,1,1022102,Beusselkiez,2019,10,14,6,3,0,5,0,0,0,1,0,0,1,0
11019,200322,11,4,4030726,Droysenstraße,2019,10,20,6,3,5,7,2,0,1,0,0,0,0,1
11020,200323,11,8,8020620,Tempelhofer Weg,2019,10,14,4,3,3,6,0,0,1,0,0,0,1,1
11021,200324,11,4,4010101,Jungfernheide,2019,10,15,6,3,2,6,0,0,1,0,0,0,1,0
11022,200325,11,2,2010102,Mehringplatz,2019,10,16,5,3,6,6,0,0,0,1,0,0,1,1
11023,200326,11,1,1011204,Leipziger Straße,2019,10,19,5,3,5,3,2,1,0,0,0,0,0,0
11024,200327,11,8,8010117,Schillerpromenade,2019,10,23,5,3,2,6,2,0,1,0,0,0,0,1
11025,200328,11,1,1044102,Schillerpark,2019,10,22,5,3,2,6,2,0,1,0,0,0,0,1
11026,200329,11,3,3010102,Buch,2019,10,20,5,3,6,4,2,1,0,1,0,0,0,1
11027,200330,11,7,7030301,Friedenau,2019,10,20,5,3,6,4,2,0,1,1,0,0,0,1
11028,200331,11,10,10020415,Hellersdorfer Promenade,2019,10,19,5,2,3,6,2,1,1,0,0,0,0,1
11029,200332,11,5,5010314,Carl-Schurz-Straße,2019,10,19,5,2,6,4,2,0,1,1,0,0,0,0
11030,200333,11,1,1011204,Leipziger Straße,2019,10,17,5,3,5,2,0,0,1,0,0,0,0,1
11031,200334,11,7,7040403,Manteuffelstraße,2019,10,13,4,3,6,7,0,0,0,1,0,1,0,1
11032,200335,11,8,8010117,Schillerpromenade,2019,10,17,5,3,0,3,0,0,1,0,1,0,0,1
11033,200336,11,11,11051330,Karlshorst West,2019,10,14,4,3,3,6,0,1,1,0,0,0,0,1
11034,200337,11,1,1011402,Arkonaplatz,2019,10,9,5,3,0,1,0,1,0,0,0,0,0,1
11035,200338,11,6,6030503,Zehlendorf Mitte,2019,10,9,5,3,3,6,0,1,1,0,0,0,0,0
11036,200339,11,7,7040404,Marienhöhe,2019,10,8,5,3,2,6,0,0,1,0,0,0,0,1
11037,200340,11,2,2040701,Andreasviertel,2019,10,6,5,2,5,3,1,0,1,0,0,0,0,1
11038,200341,11,3,3040512,Wilhelmsruh,2019,10,6,5,3,6,2,2,0,1,1,0,0,0,1
11039,200342,11,3,3051022,Hansastraße,2019,10,13,4,3,5,2,0,1,1,0,0,0,0,1
11040,200343,11,1,1011305,Heine-Viertel West,2019,10,4,5,3,0,1,2,0,0,0,0,0,1,1
11041,200344,11,7,7060603,Marienfelde Nordost,2019,10,16,5,3,5,2,0,1,1,0,0,0,0,0
11042,200345,11,2,2040502,Friedenstraße,2019,10,15,5,3,5,2,0,0,0,0,0,0,1,0
11043,200346,11,2,2050602,Samariterviertel,2019,10,15,5,3,1,5,0,1,0,0,0,0,1,0
11044,200347,11,1,1033101,Soldiner Straße,2019,10,14,5,3,5,2,0,0,1,0,0,0,0,1
11045,200348,11,1,1011202,Unter den Linden Nord,2019,10,12,5,3,5,3,0,0,1,0,1,0,0,0
11046,200349,11,2,2020203,Viktoriapark,2019,10,10,5,3,5,7,0,0,1,0,1,0,0,1
11047,200350,11,5,5010314,Carl-Schurz-Straße,2019,10,21,4,2,9,1,2,0,1,0,0,0,0,0
11048,200351,11,11,11010310,Mühlengrund,2019,10,10,5,3,6,6,0,1,0,1,0,0,0,0
11049,200352,11,5,5010339,Freiheit,2019,10,6,5,3,2,6,1,0,0,0,1,0,1,1
11050,200353,11,1,1011201,Wilhelmstraße,2019,10,23,4,3,5,2,2,0,1,0,0,0,0,1
11051,200354,11,1,1011304,Karl-Marx-Allee,2019,10,23,4,3,0,1,2,1,0,0,0,0,0,1
11052,200355,11,3,3040614,Pankow Zentrum,2019,10,18,4,2,5,2,0,0,1,0,0,0,1,0
11053,200356,11,10,10010205,Marzahn Ost,2019,10,18,4,2,6,4,2,0,1,1,0,0,0,1
11054,200357,11,9,9041401,Allende I,2019,10,17,4,3,5,2,0,0,1,0,0,0,0,0
11055,200358,11,1,1044103,Westliche Müllerstraße,2019,10,16,4,3,1,5,0,1,1,0,0,0,0,0
11056,200359,11,7,7010102,Nollendorfplatz,2019,10,16,4,2,6,4,0,0,1,1,0,0,0,0
11057,200360,11,1,1011302,Oranienburger Straße,2019,10,21,4,3,0,3,2,0,1,0,0,0,1,1
11058,200361,11,4,4030929,Hindemithplatz,2019,10,17,4,3,2,6,0,0,1,0,1,0,0,0
11059,200362,11,11,11010102,Dorf Wartenberg,2019,10,15,4,3,0,6,0,0,1,0,0,0,1,0
11060,200363,11,11,11040926,Weitlingstraße,2019,10,15,4,3,6,4,0,0,0,1,0,0,1,0
11061,200364,11,4,4010102,Plötzensee,2019,10,12,4,3,2,6,0,0,1,0,0,0,0,1
11062,200365,11,2,2030301,Oranienplatz,2019,10,21,4,3,0,4,2,1,0,1,0,0,0,1
11063,200366,11,4,4030931,Breitscheidplatz,2019,10,15,4,3,0,3,0,1,0,0,1,0,0,0
11064,200367,11,11,11030617,Hohenschönhausener Straße,2019,10,12,4,3,6,4,0,1,0,1,0,0,0,1
11065,200368,11,1,1011302,Oranienburger Straße,2019,10,9,4,3,1,1,0,1,1,0,0,0,0,0
11066,200369,11,3,3040614,Pankow Zentrum,2019,10,21,4,3,5,3,2,1,0,0,1,0,0,1
11067,200370,11,6,6030502,Zehlendorf Süd,2019,10,20,4,3,0,2,2,0,1,0,1,0,0,1
11068,200371,11,12,12214527,Alt-Tegel,2019,10,8,4,3,1,5,0,1,1,0,0,0,0,1
11069,200372,11,11,11020412,Hauptstraße,2019,10,7,4,3,1,7,0,0,1,0,0,0,0,1
11070,200373,11,12,12214424,Scharnweberstraße,2019,10,14,4,3,2,6,0,0,1,0,0,0,0,1
11071,200374,11,11,11040925,Victoriastadt,2019,10,12,4,3,2,6,0,0,1,0,0,0,0,1
11072,200375,11,3,3061227,Humannplatz,2019,10,7,4,2,5,2,0,0,1,0,0,0,1,0
11073,200376,11,10,10010102,Havemannstraße,2019,10,20,4,3,0,7,2,0,1,0,1,0,0,1
11074,200377,11,8,8020620,Tempelhofer Weg,2019,10,14,4,3,2,6,0,0,1,0,0,0,0,1
11075,200378,11,3,3061126,Arnimplatz,2019,10,14,4,3,5,2,0,0,1,0,0,0,0,0
11076,200379,11,9,9041601,Müggelheim,2019,10,13,4,3,0,6,0,0,1,0,0,0,1,0
11077,200380,11,7,7030301,Friedenau,2019,10,12,4,3,1,5,0,1,1,0,0,0,0,1
11078,200381,11,1,4030931,Breitscheidplatz,2019,10,19,4,3,0,7,2,0,0,0,0,0,1,1
11079,200382,11,7,7010102,Nollendorfplatz,2019,10,19,4,3,5,2,2,1,1,0,0,0,0,0
11080,200383,11,8,8010301,Reuterkiez,2019,10,5,4,3,0,3,2,1,1,0,0,0,0,1
11081,200384,11,2,2030301,Oranienplatz,2019,10,19,4,3,3,6,2,0,1,0,0,1,0,1
11082,200385,11,6,6040810,Dahlem,2019,10,11,4,2,5,2,0,1,1,0,0,0,0,0
11083,200386,11,3,3040818,Pankow Süd,2019,10,10,4,3,2,6,0,1,1,0,0,0,0,0
11084,200387,11,2,2020204,Urbanstraße,2019,10,22,4,3,5,3,2,0,1,0,0,0,1,1
11085,200388,11,12,12214424,Scharnweberstraße,2019,10,7,4,3,2,6,0,0,1,0,0,0,0,0
11086,200389,11,5,5010312,Kurstraße,2019,10,10,4,3,6,7,0,0,1,1,0,0,0,0
11087,200390,11,1,1011401,Invalidenstraße,2019,10,14,4,3,0,1,0,0,0,0,1,0,0,1
11088,200391,11,3,3020210,Herthaplatz,2019,10,6,4,3,5,3,0,1,0,0,0,0,1,1
11089,200392,11,1,1011306,Heine-Viertel Ost,2019,10,18,4,3,2,6,2,0,1,0,0,0,0,0
11090,200393,11,9,9051702,Bölschestraße,2019,10,6,4,2,5,3,2,1,1,0,0,0,0,1
11091,200394,11,4,4020310,Park Ruhwald,2019,10,18,4,3,2,6,2,0,1,0,0,0,0,0
11092,200395,11,1,1033101,Soldiner Straße,2019,10,6,4,3,6,4,2,1,0,1,0,0,0,1
11093,200396,11,12,12301203,Wittenau Süd,2019,10,6,4,3,5,2,1,0,1,0,0,0,0,1
11094,200397,11,1,1022106,Elberfelder Straße,2019,10,10,3,3,5,2,0,1,1,0,0,0,0,1
11095,200398,11,9,9010301,Baumschulenstraße,2019,10,21,3,3,5,2,2,0,1,0,0,0,0,1
11096,200399,11,2,2020203,Viktoriapark,2019,10,19,4,3,2,6,2,0,1,0,1,0,0,1
11097,200400,11,1,1011302,Oranienburger Straße,2019,10,20,3,3,1,5,2,1,0,0,0,0,1,1
11098,200401,11,3,3071536,Teutoburger Platz,2019,10,18,3,3,2,6,0,0,1,0,1,0,0,1
11099,200402,11,2,2040503,Richard-Sorge-Viertel,2019,10,17,3,3,6,7,0,0,1,1,0,0,0,1
11100,200403,11,4,4041344,Rüdesheimer Platz,2019,10,18,3,2,0,1,2,1,0,0,0,0,0,1
11101,200404,11,12,12103117,Letteplatz,2019,10,19,4,2,6,4,2,0,0,1,1,0,0,1
11102,200405,11,1,1033101,Soldiner Straße,2019,10,20,3,3,6,4,2,0,1,1,0,0,0,1
11103,200406,11,10,10030724,Oberfeldstraße,2019,10,7,5,3,0,3,0,0,0,0,1,0,1,1
11104,200407,11,1,1011303,Alexanderplatzviertel,2019,10,13,5,3,2,2,0,1,1,0,0,0,0,0
11105,200408,11,12,12103218,Teichstraße,2019,10,5,5,3,5,7,2,0,1,0,0,0,1,1
11106,200409,11,5,5030731,Gartenfelder Straße,2019,10,6,5,3,2,2,1,0,1,0,0,0,0,1
11107,200410,11,7,7040406,Germaniagarten,2019,10,13,5,3,1,5,0,0,0,0,0,1,1,0
11108,200411,11,8,8010118,Silbersteinstraße,2019,10,6,5,3,2,2,2,0,1,0,1,0,0,1
11109,200412,11,5,5030833,Motardstraße,2019,10,12,5,3,2,7,0,0,1,0,0,0,0,1
11110,200413,11,7,7060603,Marienfelde Nordost,2019,10,12,5,3,0,1,0,1,0,0,0,0,0,1
11111,200414,11,1,1033101,Soldiner Straße,2019,10,6,5,3,0,1,2,0,0,0,1,0,0,1
11112,200415,11,1,1033102,Gesundbrunnen,2019,10,9,5,3,2,2,0,0,1,0,0,0,0,1
11113,200416,11,1,1033202,Humboldthain Süd,2019,10,6,5,3,2,6,2,0,1,0,0,1,0,1
11114,200417,11,1,1011102,Großer Tiergarten,2019,10,8,5,2,1,5,0,1,0,0,0,0,1,1
11115,200418,11,7,7060603,Marienfelde Nordost,2019,10,10,5,3,2,6,0,0,1,0,0,0,0,1
11116,200419,11,7,7040404,Marienhöhe,2019,10,8,5,3,5,2,0,1,1,0,0,0,0,1
11117,200420,11,1,1033101,Soldiner Straße,2019,10,9,5,3,1,5,0,1,1,0,0,0,0,0
11118,200421,11,3,3030716,Märchenland,2019,10,8,5,3,2,6,0,0,1,0,0,0,0,1
11119,200422,11,12,12103219,Schäfersee,2019,10,8,5,3,2,6,0,0,1,0,0,0,0,1
11120,200423,11,1,1011301,Charitéviertel,2019,10,8,5,3,5,2,0,1,1,0,0,0,0,1
11121,200424,11,4,4020310,Park Ruhwald,2019,10,8,5,2,0,7,0,1,0,0,0,0,0,1
11122,200425,11,6,6030609,Augustaplatz,2019,10,12,4,3,5,3,0,1,1,0,0,0,0,0
11123,200426,11,5,5020626,Adamstraße,2019,10,18,4,3,5,3,2,0,1,0,1,0,0,0
11124,200427,11,3,3071536,Teutoburger Platz,2019,10,9,4,3,5,2,0,1,0,0,0,0,1,0
11125,200428,11,4,4030931,Breitscheidplatz,2019,10,18,4,3,5,3,2,1,1,0,0,0,0,0
11126,200429,11,7,7070703,John-Locke-Straße,2019,10,20,4,3,5,2,2,0,1,0,0,0,0,0
11127,200430,11,4,4030620,Alt-Lietzow,2019,10,10,5,3,5,3,0,1,1,0,0,0,0,0
11128,200431,11,3,3051021,Buschallee,2019,10,20,4,3,5,3,2,1,1,0,0,0,0,0
11129,200432,11,3,3071537,Kollwitzplatz,2019,10,19,4,3,5,3,2,1,1,0,0,0,0,0
11130,200433,11,4,4010103,Paul-Hertz-Siedlung,2019,10,6,5,3,0,6,1,0,1,0,1,0,0,0
11131,200434,11,8,8030830,Gropiusstadt Süd,2019,10,14,5,3,5,7,0,0,1,0,0,0,0,0
11132,200435,11,6,6020411,Schütte-Lanz-Straße,2019,10,16,4,3,5,3,0,0,1,0,0,0,0,0
11133,200436,11,4,4020209,Eichkamp,2019,10,14,4,2,5,3,0,1,0,0,0,0,0,0
11134,200437,11,8,8041035,Blumenviertel,2019,10,14,4,3,5,3,0,1,1,0,0,0,0,0
11135,200438,11,1,1033102,Gesundbrunnen,2019,10,17,4,3,6,4,2,1,0,1,0,0,0,0
11136,200439,11,12,12301204,Wittenau Nord,2019,10,13,4,3,1,5,0,0,1,0,0,0,0,0
11137,200440,11,5,5030730,Zitadellenweg,2019,10,17,4,2,0,1,0,0,0,0,1,0,0,0
11138,200441,11,4,4020311,Reichsstraße,2019,10,13,4,3,6,4,0,0,1,1,0,0,0,0
11139,200442,11,4,4020209,Eichkamp,2019,10,17,4,3,5,2,0,1,1,0,0,0,0,0
11140,200443,11,2,2050601,Hausburgviertel,2019,10,9,5,2,6,4,0,1,0,1,0,0,0,0
11141,200444,11,3,3040818,Pankow Süd,2019,10,17,4,3,1,5,1,1,1,0,0,0,1,1
11142,200445,11,6,6010206,Stadtpark,2019,10,7,5,2,0,4,0,1,0,1,0,0,0,0
11143,200446,11,2,2010102,Mehringplatz,2019,10,14,4,3,6,7,0,0,1,1,0,0,0,0
11144,200447,11,2,2020203,Viktoriapark,2019,10,16,4,3,5,2,0,1,1,0,0,0,0,0
11145,200448,11,9,9010101,Elsenstraße,2019,10,7,4,3,5,2,0,1,0,0,0,0,1,0
11146,200449,11,1,1044101,Rehberge,2019,10,16,4,2,1,5,0,0,1,0,0,0,0,0
11147,200450,11,8,8041037,Alt-Rudow,2019,10,16,4,3,5,7,0,0,1,0,1,0,0,0
11148,200451,11,1,1022207,Hansaviertel,2019,10,16,4,3,3,6,0,1,0,0,0,1,0,0
11149,200452,11,8,8030829,Gropiusstadt Nord,2019,10,15,4,3,2,6,0,0,1,0,0,0,0,0
11150,200453,11,12,12231101,Hermsdorf,2019,10,15,4,3,3,6,0,0,1,0,1,0,0,0
11151,200454,11,6,6020409,Königsberger Straße,2019,10,15,4,3,5,2,0,1,1,0,0,0,0,0
11152,200455,11,11,11040926,Weitlingstraße,2019,10,15,4,3,5,3,0,1,1,0,0,0,0,0
11153,200456,11,2,2020202,Rathaus Yorckstraße,2019,10,8,5,3,0,6,0,0,0,0,1,0,1,0
11154,200457,11,5,5020625,Borkumer Straße,2019,10,12,4,3,6,7,0,0,1,1,0,0,0,0
11155,200458,11,3,3020209,Niederschönhausen,2019,10,10,4,3,5,2,0,1,0,0,0,0,1,0
11156,200459,11,7,7040405,Rathaus Tempelhof,2019,10,7,5,3,2,6,0,0,1,0,0,0,1,1
11157,200460,11,1,1044103,Westliche Müllerstraße,2019,10,10,4,3,5,2,0,1,1,0,0,0,0,0
11158,200461,11,10,10030726,Alt-Biesdorf,2019,10,10,4,3,5,3,0,1,0,0,0,0,0,0
11159,200462,11,1,1011105,Nördlicher Landwehrkanal,2019,10,9,4,3,6,4,0,0,1,1,0,0,0,0
11160,200463,11,3,3040614,Pankow Zentrum,2019,10,8,4,3,5,3,0,1,0,0,0,0,1,0
11161,200464,11,7,7020204,Schöneberger Insel,2019,10,8,4,3,5,2,0,1,0,0,0,0,0,0
11162,200465,11,7,7010101,Wittenbergplatz/Viktoria-Luise-Platz,2019,10,8,4,3,2,6,0,0,1,0,0,0,0,0