,object id,city,district,sub district key,street,year,month,hour of day,weekday,category,accident type,accident type 2,light situation,bike involved,car involved,pedestrian involved,motor bike involved,big track involved,other vehicle involved,road condition
11163,200466,11,2,2030401,Reichenberger Straße,2019,10,13,4,3,1,7,0,1,1,0,0,0,0,0
11164,200467,11,10,10010310,Alt-Marzahn,2019,10,7,4,3,0,7,0,0,1,0,0,0,0,0
11165,200468,11,2,2010104,Wassertorplatz,2019,10,7,4,3,0,6,0,0,1,0,1,0,0,0
11166,200469,11,1,1033202,Humboldthain Süd,2019,10,7,4,3,5,7,0,1,1,0,0,0,0,0
11167,200470,11,7,7020202,Volkspark (Rudolf-Wilde-Park),2019,10,7,4,3,2,7,0,0,1,0,0,0,0,0
11168,200471,11,9,9052001,Köpenick Nord,2019,10,7,4,3,2,6,0,0,1,0,0,0,0,0
11169,200472,11,5,5010206,Gütersloher Weg,2019,10,6,5,3,0,1,2,0,0,0,1,0,0,1
11170,200473,11,8,8010508,Weiße Siedlung,2019,10,13,4,3,0,2,0,0,1,1,0,0,0,0
11171,200474,11,5,5040934,Alt-Gatow,2019,10,7,4,2,6,4,2,0,1,1,0,0,0,0
11172,200475,11,12,12214527,Alt-Tegel,2019,10,13,4,3,5,2,0,1,1,0,0,0,0,0
11173,200476,11,8,8010214,Glasower Straße,2019,10,12,4,3,5,7,0,1,1,0,0,0,0,0
11174,200477,11,9,9030901,Dorf Altglienicke,2019,10,6,4,3,1,5,2,1,1,0,0,0,0,0
11175,200478,11,12,12214423,Mellerbogen,2019,10,5,4,3,1,5,2,0,1,0,0,0,1,1
11176,200479,11,9,9020701,Adlershof West,2019,10,12,4,3,0,7,0,0,1,0,1,0,0,0
11177,200480,11,11,11030619,Fennpfuhl Ost,2019,10,12,4,3,5,2,0,0,1,0,0,0,1,0
11178,200481,11,5,5020626,Adamstraße,2019,10,11,4,3,1,5,0,1,0,0,0,0,1,0
11179,200482,11,1,1044203,Leopoldplatz,2019,10,11,4,3,2,6,0,0,1,0,0,0,0,0
11180,200483,11,6,6040703,Nikolassee,2019,10,1,4,2,9,1,2,0,1,0,0,0,0,0
11181,200484,11,4,4030623,Ernst-Reuter-Platz,2019,10,16,3,3,2,6,0,1,1,0,0,0,0,0
11182,200485,11,1,1011301,Charitéviertel,2019,10,8,5,3,5,2,0,1,1,0,0,0,0,0
11183,200486,11,3,3061429,Greifswalder Straße,2019,10,18,3,3,6,7,1,0,1,1,0,0,0,0
11184,200487,11,4,4051446,Preußenpark,2019,10,19,3,3,2,6,2,0,1,0,1,0,0,0
11185,200488,11,10,10010309,Springpfuhl,2019,10,19,3,3,5,3,2,0,1,0,0,0,0,0
11186,200489,11,8,8020619,Buschkrugallee Nord,2019,10,19,3,3,5,7,2,0,1,0,1,0,0,0
11187,200490,11,2,2030402,Wrangelkiez,2019,10,19,3,3,1,5,2,1,0,0,0,0,1,0
11188,200491,11,11,2050602,Samariterviertel,2019,10,19,3,3,2,6,2,0,1,0,0,0,0,0
11189,200492,11,5,5010209,An der Kappe,2019,10,19,3,2,6,4,2,0,1,1,0,0,0,0
11190,200493,11,11,11020412,Hauptstraße,2019,10,22,3,3,5,2,2,0,1,0,0,0,0,0
11191,200494,11,3,3020209,Niederschönhausen,2019,10,22,3,3,5,2,2,0,1,0,1,0,0,0
11192,200495,11,4,4030623,Ernst-Reuter-Platz,2019,10,15,3,3,0,6,0,1,0,0,0,0,1,0
11193,200496,11,1,1033203,Humboldthain Nordwest,2019,10,13,3,3,2,2,0,1,1,0,0,0,0,0
11194,200497,11,9,9010202,Köpenicker Landstraße,2019,10,12,3,3,5,3,0,0,1,0,0,0,0,0
11195,200498,11,3,3061227,Humannplatz,2019,10,19,5,3,3,6,2,0,1,0,1,0,0,0
11196,200499,11,12,12214424,Scharnweberstraße,2019,10,12,3,3,6,4,0,0,0,1,0,0,1,0
11197,200500,11,5,5010314,Carl-Schurz-Straße,2019,10,10,3,3,0,2,0,0,1,0,0,0,1,0
11198,200501,11,9,9010301,Baumschulenstraße,2019,10,10,3,3,5,2,0,1,1,0,0,0,0,0
11199,200502,11,3,3040818,Pankow Süd,2019,10,22,5,3,1,5,2,0,1,0,0,0,0,0
11200,200503,11,6,6030609,Augustaplatz,2019,10,9,3,3,2,6,0,1,1,0,0,0,0,0
11201,200504,11,7,7060603,Marienfelde Nordost,2019,10,17,3,3,2,2,0,0,1,0,1,0,0,0
11202,200505,11,3,3040818,Pankow Süd,2019,10,17,3,3,6,4,0,0,1,1,0,0,0,0
11203,200506,11,8,8010404,Rixdorf,2019,10,17,3,3,0,7,0,1,0,0,0,0,0,0
11204,200507,11,9,9010202,Köpenicker Landstraße,2019,10,16,3,3,2,6,0,0,1,0,0,0,0,0
11205,200508,11,7,7060603,Marienfelde Nordost,2019,10,8,3,3,2,6,0,0,1,0,0,0,1,0
11206,200509,11,9,9020701,Adlershof West,2019,10,6,3,3,5,3,0,1,1,0,0,0,0,0
11207,200510,11,12,12301203,Wittenau Süd,2019,10,1,3,2,9,1,2,0,1,0,0,0,0,0
11208,200511,11,7,7050502,Fritz-Werner-Straße,2019,10,7,5,3,0,1,0,1,0,0,0,0,0,1
11209,200512,11,5,5030731,Gartenfelder Straße,2019,10,7,3,3,5,3,0,0,1,0,1,0,0,0
11210,200513,11,12,12301206,Lübars,2019,10,16,3,3,1,5,0,0,1,0,1,0,0,0
11211,200514,11,4,4031032,Halensee,2019,10,16,3,3,2,6,0,0,1,0,1,0,0,0
11212,200515,11,1,1022103,Westhafen,2019,10,15,3,3,5,2,0,1,0,0,0,1,0,0
11213,200516,11,2,2020203,Viktoriapark,2019,10,16,3,3,1,5,0,1,1,0,0,0,0,0
11214,200517,11,1,1022204,Thomasiusstraße,2019,10,7,3,3,6,2,1,0,1,1,0,0,0,0
11215,200518,11,5,5020627,Tiefwerder,2019,10,15,3,3,2,6,0,0,1,0,0,0,0,0
11216,200519,11,6,6020305,Gemeindepark Lankwitz,2019,10,15,3,3,6,2,0,0,1,1,0,0,0,0
11217,200520,11,12,12214125,Waldidyll/Flughafensee,2019,10,7,3,3,2,6,0,0,1,0,0,0,0,0
11218,200521,11,6,6010207,Mittelstraße,2019,10,15,3,3,3,6,0,1,1,0,0,0,0,0
11219,200522,11,4,4030725,Amtsgerichtsplatz,2019,10,15,3,3,6,4,0,0,0,1,1,0,0,0
11220,200523,11,5,5030833,Motardstraße,2019,10,15,3,3,5,2,0,1,1,0,0,0,0,0
11221,200524,11,6,6020305,Gemeindepark Lankwitz,2019,10,14,3,3,6,4,0,0,1,1,0,0,0,0
11222,200525,11,2,2040503,Richard-Sorge-Viertel,2019,10,6,3,3,5,3,0,0,1,0,1,0,0,0
11223,200526,11,8,8041036,Zittauer Straße,2019,10,7,3,3,0,3,2,1,1,0,0,0,0,1
11224,200527,11,1,1011105,Nördlicher Landwehrkanal,2019,10,17,2,3,5,3,1,1,1,0,0,0,0,0
11225,200528,11,5,5020627,Tiefwerder,2019,10,17,2,3,2,6,0,0,1,0,0,0,0,0
11226,200529,11,1,1033202,Humboldthain Süd,2019,10,15,2,3,6,2,0,0,1,1,0,0,0,0
11227,200530,11,3,3040513,Schönholz,2019,10,16,2,3,2,2,0,0,1,0,0,0,1,0
11228,200531,11,8,8041038,Waßmannsdorfer Chaussee,2019,10,16,2,3,5,3,0,1,0,0,0,0,1,0
11229,200532,11,3,3030711,Blankenburg,2019,10,16,2,3,5,3,0,0,1,0,0,0,0,0
11230,200533,11,4,4030417,Schloßstraße,2019,10,15,2,3,5,3,0,1,1,0,0,0,0,0
11231,200534,11,8,8041039,Frauenviertel,2019,10,15,2,3,5,2,0,1,1,0,0,0,0,0
11232,200535,11,3,3061131,Falkplatz,2019,10,13,2,3,6,7,0,0,0,1,0,0,1,0
11233,200536,11,6,6040703,Nikolassee,2019,10,19,2,2,5,2,0,0,1,0,0,0,0,0
11234,200537,11,3,3071536,Teutoburger Platz,2019,10,15,2,3,1,5,0,1,0,0,0,0,1,0
11235,200538,11,11,11030824,Frankfurter Allee Süd,2019,10,14,2,2,5,3,0,1,0,0,0,0,1,0
11236,200539,11,5,5010312,Kurstraße,2019,10,14,2,2,5,3,0,1,1,0,0,0,0,0
11237,200540,11,4,4051448,Schaperstraße,2019,10,14,2,3,2,6,0,0,1,0,0,0,0,0
11238,200541,11,7,7040401,Neu-Tempelhof,2019,10,8,5,2,6,4,0,0,0,1,1,0,0,0
11239,200542,11,5,5020523,Maulbeerallee,2019,10,14,2,2,2,6,0,0,1,0,0,0,0,0
11240,200543,11,6,6040805,Fischerhüttenstraße,2019,10,14,2,3,5,3,0,1,0,0,0,0,1,0
11241,200544,11,11,11040926,Weitlingstraße,2019,10,13,2,3,5,3,0,1,1,0,0,0,0,0
11242,200545,11,2,2040701,Andreasviertel,2019,10,19,2,3,5,2,2,1,0,0,0,0,1,0
11243,200546,11,6,6010204,Munsterdamm,2019,10,19,2,3,0,2,2,0,1,0,1,0,0,0
11244,200547,11,8,8010406,Treptower Straße Nord,2019,10,19,2,3,1,5,2,1,1,0,0,0,0,0
11245,200548,11,1,1011305,Heine-Viertel West,2019,10,19,2,3,5,2,2,1,1,0,0,0,0,0
11246,200549,11,9,9010302,Späthsfelde,2019,10,19,2,3,4,6,2,0,1,0,0,0,0,0
11247,200550,11,1,1044102,Schillerpark,2019,10,8,5,3,1,7,0,0,1,0,0,0,0,1
11248,200551,11,2,2030302,Lausitzer Platz,2019,10,19,2,3,1,5,2,1,1,0,0,0,0,0
11249,200552,11,1,1011302,Oranienburger Straße,2019,10,18,2,3,0,1,1,1,0,0,0,0,0,1
11250,200553,11,1,1011203,Unter den Linden Süd,2019,10,8,5,3,5,3,0,0,1,0,0,0,0,0
11251,200554,11,1,1011305,Heine-Viertel West,2019,10,1,2,3,0,1,2,1,0,0,0,0,0,0
11252,200555,11,6,6030608,Schweizer Viertel,2019,10,19,5,2,0,3,2,0,1,0,1,0,0,0
11253,200556,11,5,5030730,Zitadellenweg,2019,10,11,2,3,2,6,0,0,1,0,0,1,0,0
11254,200557,11,3,3030711,Blankenburg,2019,10,12,2,3,2,6,0,0,1,0,0,0,0,0
11255,200558,11,7,7030301,Friedenau,2019,10,12,2,3,5,3,0,0,1,0,0,0,0,0
11256,200559,11,11,11020515,Landsberger Allee,2019,10,10,2,3,1,7,0,0,1,0,0,0,0,0
11257,200560,11,3,3050924,Behaimstraße,2019,10,9,2,3,5,3,0,0,1,0,1,0,0,0
11258,200561,11,4,4051653,Prager Platz,2019,10,8,2,3,2,6,0,0,1,0,0,0,0,0
11259,200562,11,9,9051901,Dammvorstadt,2019,10,8,2,3,0,2,0,1,1,0,0,0,0,0
11260,200563,11,1,2040701,Andreasviertel,2019,10,8,2,3,0,6,0,1,1,0,0,0,0,0
11261,200564,11,11,11030824,Frankfurter Allee Süd,2019,10,6,5,3,5,3,2,1,1,0,0,0,0,1
11262,200565,11,1,1011301,Charitéviertel,2019,10,8,2,3,5,3,0,1,1,0,0,0,0,0
11263,200566,11,10,10020414,Helle Mitte,2019,10,8,2,3,5,3,0,1,1,0,0,0,0,0
11264,200567,11,12,12224230,Heiligensee,2019,10,7,2,3,4,6,1,1,0,0,0,0,0,1
11265,200568,11,2,2050602,Samariterviertel,2019,10,7,2,3,0,1,0,0,1,0,1,0,0,1
11266,200569,11,4,4020310,Park Ruhwald,2019,10,7,5,3,0,6,0,0,0,0,1,0,0,1
11267,200570,11,6,6030504,Teltower Damm,2019,10,7,2,3,0,2,1,1,1,0,0,0,0,1
11268,200571,11,9,9020701,Adlershof West,2019,10,6,2,3,5,2,2,0,1,0,0,0,0,0
11269,200572,11,8,8020728,Buckow Ost,2019,10,15,1,2,2,6,0,0,1,0,0,0,0,0
11270,200573,11,6,6040810,Dahlem,2019,10,10,1,2,1,1,0,0,1,0,0,0,0,0
11271,200574,11,1,1044101,Rehberge,2019,10,21,1,3,5,2,2,0,1,0,0,0,0,0
11272,200575,11,12,12103117,Letteplatz,2019,10,19,1,2,5,2,2,1,1,0,0,0,0,0
11273,200576,11,5,5020419,Magistratsweg,2019,10,17,1,3,5,2,1,0,1,0,0,0,0,0
11274,200577,11,12,12103218,Teichstraße,2019,10,16,1,3,2,6,0,0,1,0,0,0,0,0
11275,200578,11,9,9010402,Johannisthal Ost,2019,10,3,1,2,8,1,2,0,1,0,0,0,0,0
11276,200579,11,8,8010214,Glasower Straße,2019,10,9,1,3,1,5,0,0,1,0,0,0,1,0
11277,200580,11,4,4031032,Halensee,2019,10,12,1,3,2,6,0,0,1,0,0,0,0,0
11278,200581,11,2,2040502,Friedenstraße,2019,10,15,1,3,6,4,0,0,1,1,0,0,0,0
11279,200582,11,2,2020203,Viktoriapark,2019,10,11,7,3,0,7,0,1,1,0,0,0,0,0
11280,200583,11,7,7060604,Marienfelde Süd,2019,10,12,7,3,0,6,0,0,1,0,0,0,0,0
11281,200584,11,9,9010101,Elsenstraße,2019,10,19,7,2,5,2,2,0,1,0,1,0,0,0
11282,200585,11,5,5030730,Zitadellenweg,2019,10,18,7,2,2,7,0,0,1,0,1,0,1,0
11283,200586,11,1,1011303,Alexanderplatzviertel,2019,10,22,7,3,0,1,2,0,0,0,0,0,1,0
11284,200587,11,8,8010508,Weiße Siedlung,2019,10,19,7,3,5,3,2,0,1,0,0,0,0,0
11285,200588,11,6,6020407,Thermometersiedlung,2019,10,17,7,3,5,3,1,0,1,0,0,0,1,0
11286,200589,11,8,8010214,Glasower Straße,2019,10,17,7,2,6,4,1,0,1,1,0,0,0,1
11287,200590,11,6,6010207,Mittelstraße,2019,10,16,7,3,2,2,0,0,1,0,0,0,0,0
11288,200591,11,1,1022106,Elberfelder Straße,2019,10,16,7,3,3,6,0,0,1,0,1,0,0,0
11289,200592,11,5,5030832,Rohrdamm,2019,10,15,7,3,5,2,0,0,1,0,0,0,0,0
11290,200593,11,2,2030301,Oranienplatz,2019,10,15,7,3,5,3,0,1,1,0,0,0,0,0
11291,200594,11,7,7010101,Wittenbergplatz/Viktoria-Luise-Platz,2019,10,16,7,2,0,1,0,0,0,0,0,0,1,1
11292,200595,11,4,4030931,Breitscheidplatz,2019,10,8,5,3,5,2,0,0,1,0,0,0,0,0
11293,200596,11,5,5010101,Hakenfelde Nord,2019,10,14,7,3,6,4,0,0,1,1,0,0,0,0
11294,200597,11,11,11020411,Malchower Weg,2019,10,19,5,3,6,4,2,0,0,1,0,0,1,0
11295,200598,11,1,1011302,Oranienburger Straße,2019,10,14,7,3,1,5,0,1,1,0,0,0,0,0
11296,200599,11,8,8010214,Glasower Straße,2019,10,13,7,3,6,4,0,1,0,1,0,0,0,1
11297,200600,11,11,11010207,Wartenberg Nord,2019,10,11,7,3,6,7,0,0,0,1,0,0,1,0
11298,200601,11,2,2030302,Lausitzer Platz,2019,10,2,7,3,1,5,2,1,1,0,0,0,1,1
11299,200602,11,7,7010102,Nollendorfplatz,2019,10,18,6,3,5,2,2,1,0,0,1,0,0,1
11300,200603,11,7,7010104,Dennewitzplatz,2019,10,3,6,2,0,1,2,1,0,0,0,0,0,1
11301,200604,11,8,8010405,Hertzbergplatz,2019,10,3,6,3,5,2,2,1,0,0,0,0,1,0
11302,200605,11,7,7010102,Nollendorfplatz,2019,10,11,6,3,5,2,0,1,1,0,0,0,0,0
11303,200606,11,7,7010103,Barbarossaplatz,2019,10,11,6,3,1,7,0,0,1,0,1,0,0,0
11304,200607,11,3,3020307,Buchholz,2019,10,8,5,3,5,3,0,1,0,0,0,0,1,1
11305,200608,11,4,4030726,Droysenstraße,2019,10,11,6,3,6,7,0,0,1,1,0,0,0,0
11306,200609,11,4,4030417,Schloßstraße,2019,10,19,5,3,1,5,2,1,1,0,0,0,0,0
11307,200610,11,11,11010205,Falkenberg West,2019,10,11,6,3,5,3,0,0,1,0,0,0,1,0
11308,200611,11,2,2020203,Viktoriapark,2019,10,12,6,3,5,3,0,1,0,0,0,0,0,0
11309,200612,11,2,2040502,Friedenstraße,2019,10,12,6,3,5,2,0,0,0,0,0,1,1,0
11310,200613,11,8,8020622,Parchimer Allee,2019,10,12,6,3,5,2,0,0,0,0,0,1,1,0
11311,200614,11,11,11010205,Falkenberg West,2019,10,10,6,3,0,4,0,0,0,1,0,0,1,1
11312,200615,11,4,4020314,Messegelände,2019,10,10,6,3,3,2,0,0,1,0,0,1,0,0
11313,200616,11,1,1022206,Lüneburger Straße,2019,10,10,6,3,2,6,0,1,1,0,0,0,0,1
11314,200617,11,4,4051448,Schaperstraße,2019,10,9,6,3,0,1,0,0,0,0,1,0,0,1
11315,200618,11,1,1033202,Humboldthain Süd,2019,10,9,6,2,5,3,0,1,1,0,0,0,0,1
11316,200619,11,2,2010101,Askanischer Platz,2019,10,5,5,3,9,1,1,0,1,0,0,0,0,0
11317,200620,11,2,2040701,Andreasviertel,2019,10,8,6,3,1,5,0,1,1,0,0,0,0,0
11318,200621,11,5,5020419,Magistratsweg,2019,10,7,5,3,2,6,0,0,1,0,0,0,1,0
11319,200622,11,7,7040405,Rathaus Tempelhof,2019,10,8,6,3,5,2,0,0,1,0,0,1,0,1
11320,200623,11,4,4051655,Babelsberger Straße,2019,10,8,6,3,2,7,0,0,0,0,1,1,0,1
11321,200624,11,11,11030721,Rüdigerstraße,2019,10,7,5,3,2,7,0,0,1,0,0,1,0,1
11322,200625,11,4,4030930,George-Grosz-Platz,2019,10,7,6,3,5,3,0,1,1,0,0,0,0,1
11323,200626,11,11,11020515,Landsberger Allee,2019,10,6,6,3,5,3,1,0,1,0,0,0,1,1
11324,200627,11,1,1044101,Rehberge,2019,10,6,6,3,2,7,2,0,1,0,0,0,0,1
11325,200628,11,11,11040926,Weitlingstraße,2019,10,11,5,3,5,3,0,0,1,0,0,0,0,1
11326,200629,11,12,12302107,Schorfheidestraße,2019,10,0,6,2,6,4,2,0,1,1,0,0,0,1
11327,200630,11,1,1011304,Karl-Marx-Allee,2019,10,19,6,3,6,4,2,1,0,1,0,0,0,1
11328,200631,11,3,3040818,Pankow Süd,2019,10,19,6,3,5,3,2,1,1,0,0,0,0,1
11329,200632,11,6,6040806,Fischtal,2019,10,19,6,3,5,3,2,0,1,0,0,0,0,1
11330,200633,11,3,3061429,Greifswalder Straße,2019,10,17,6,3,5,3,1,1,1,0,0,0,0,0
11331,200634,11,11,11030720,Herzbergstraße,2019,10,17,6,3,6,4,0,0,1,1,0,0,0,0
11332,200635,11,2,2040701,Andreasviertel,2019,10,22,6,3,5,2,2,1,1,0,0,0,0,1
11333,200636,11,5,5020626,Adamstraße,2019,10,2,5,2,6,4,2,0,0,1,0,0,1,1
11334,200637,11,2,2020206,Graefekiez,2019,10,21,6,3,0,2,2,0,1,0,1,0,0,1
11335,200638,11,1,1033102,Gesundbrunnen,2019,10,16,6,2,6,4,0,0,1,1,0,0,0,0
11336,200639,11,2,7040401,Neu-Tempelhof,2019,10,13,5,3,2,6,0,0,1,0,1,0,0,0
11337,200640,11,6,6020303,Lankwitz Kirche,2019,10,16,6,3,0,7,0,0,0,0,1,0,1,1
11338,200641,11,3,3071536,Teutoburger Platz,2019,10,16,6,3,5,2,0,1,1,0,1,0,0,0
11339,200642,11,2,2040703,Wriezener Bahnhof/Entwicklungsgebiet,2019,10,20,6,3,5,2,2,1,1,0,0,0,0,1
11340,200643,11,12,12224230,Heiligensee,2019,10,11,5,3,5,7,0,1,1,0,0,0,0,1
11341,200644,11,1,1033101,Soldiner Straße,2019,10,15,6,3,2,6,0,0,1,0,0,0,0,0
11342,200645,11,10,10030727,Biesdorf Süd,2019,10,14,6,3,5,3,0,0,1,0,1,0,0,0
11343,200646,11,6,6010102,Schloßstraße,2019,10,20,6,3,2,6,2,0,1,0,0,0,0,1
11344,200647,11,1,1011105,Nördlicher Landwehrkanal,2019,10,10,5,3,1,5,0,1,1,0,0,0,1,0
11345,200648,11,9,9052001,Köpenick Nord,2019,10,20,6,3,0,1,2,1,0,0,0,0,0,1
11346,200649,11,2,2050802,Boxhagener Platz,2019,10,19,6,2,0,1,2,0,0,0,1,0,1,1
11347,200650,11,11,11041128,Sewanstraße,2019,10,14,6,3,6,2,0,0,1,1,0,0,0,0
11348,200651,11,6,6010102,Schloßstraße,2019,10,18,5,3,5,3,1,0,1,0,0,0,0,1
11349,200652,11,6,6020303,Lankwitz Kirche,2019,10,14,6,3,5,3,0,1,1,0,0,0,0,0
11350,200653,11,10,10020416,Böhlener Straße,2019,10,14,6,3,5,3,0,1,1,0,0,0,0,0
11351,200654,11,6,6030610,Lichterfelde West,2019,10,9,4,1,6,4,0,0,0,1,0,1,0,1
11352,200655,11,8,8030831,Gropiusstadt Ost,2019,10,19,6,3,2,3,2,1,1,0,0,0,0,1
11353,200656,11,9,9031101,Grünau,2019,10,15,4,3,5,3,0,0,1,0,0,0,0,1
11354,200657,11,12,12231101,Hermsdorf,2019,10,6,4,3,3,6,1,1,1,0,0,0,0,1
11355,200658,11,3,3061228,Erich-Weinert-Straße,2019,10,9,6,3,2,6,0,0,1,0,0,0,0,0
11356,200659,11,6,6020410,Oberhofer Platz,2019,10,18,5,3,5,3,0,0,1,0,0,0,1,0
11357,200660,11,1,1011305,Heine-Viertel West,2019,10,13,5,3,1,5,0,1,1,0,0,0,0,0
11358,200661,11,1,1022202,Heidestraße,2019,10,17,4,3,5,2,0,1,1,0,0,0,0,0
11359,200662,11,2,2050601,Hausburgviertel,2019,10,9,5,3,5,2,0,1,0,0,0,1,0,0
11360,200663,11,12,12214423,Mellerbogen,2019,10,16,4,3,5,3,0,0,1,0,0,0,0,1
11361,200664,11,8,8010404,Rixdorf,2019,10,6,5,2,8,1,1,0,1,0,0,0,0,1
11362,200665,11,10,10010204,Wuhletalstraße,2019,10,1,5,2,5,2,2,1,0,0,0,0,1,1
11363,200666,11,1,1011204,Leipziger Straße,2019,10,22,5,3,5,2,2,0,1,0,0,0,1,0
11364,200667,11,4,4020311,Reichsstraße,2019,10,16,4,3,5,3,0,0,1,0,0,0,0,1
11365,200668,11,10,10010308,Marzahner Chaussee,2019,10,21,5,2,6,4,2,0,1,1,0,0,0,0
11366,200669,11,1,1011304,Karl-Marx-Allee,2019,10,20,5,3,0,2,2,1,1,0,0,0,0,0
11367,200670,11,4,4051448,Schaperstraße,2019,10,20,5,3,1,5,2,1,1,0,0,0,0,0
11368,200671,11,4,4051445,Eisenzahnstraße,2019,10,19,5,3,5,2,2,1,1,0,0,0,0,0
11369,200672,11,4,4030623,Ernst-Reuter-Platz,2019,10,15,5,3,2,6,0,0,1,0,1,0,0,0
11370,200673,11,2,2050803,Stralauer Kiez,2019,10,14,5,3,3,6,0,0,1,0,1,0,0,0
11371,200674,11,4,4030931,Breitscheidplatz,2019,10,12,5,3,5,7,0,1,1,0,0,0,0,0
11372,200675,11,8,8010212,Rollberg,2019,10,14,5,3,6,7,0,0,1,1,0,0,0,0
11373,200676,11,11,11051331,Karlshorst Nord,2019,10,7,5,3,5,3,0,1,0,0,0,0,0,1
11374,200677,11,1,1011103,Lützowstraße,2019,10,18,5,3,6,4,2,0,1,1,0,0,0,0
11375,200678,11,5,5020625,Borkumer Straße,2019,10,7,5,3,3,5,0,0,1,0,0,1,0,0
11376,200679,11,7,7010104,Dennewitzplatz,2019,10,18,5,2,5,2,2,1,1,0,0,0,0,0
11377,200680,11,4,4051654,Wilhelmsaue,2019,10,17,5,3,5,2,0,1,1,0,0,0,0,0
11378,200681,11,2,2020204,Urbanstraße,2019,10,21,5,2,3,6,2,1,1,0,0,0,0,1
11379,200682,11,1,1011306,Heine-Viertel Ost,2019,10,14,5,2,6,4,0,0,1,1,0,0,0,0
11380,200683,11,1,1011306,Heine-Viertel Ost,2019,10,17,5,3,5,2,0,1,1,0,0,0,0,0
11381,200684,11,7,7060604,Marienfelde Süd,2019,10,13,5,3,0,4,0,0,0,1,0,0,1,0
11382,200685,11,11,11030721,Rüdigerstraße,2019,10,16,5,2,5,7,0,0,1,0,0,0,1,0
11383,200686,11,6,6040810,Dahlem,2019,10,16,5,3,5,2,0,0,1,0,0,0,0,0
11384,200687,11,4,4030623,Ernst-Reuter-Platz,2019,10,15,5,2,5,3,0,1,1,0,0,0,0,0
11385,200688,11,11,11040925,Victoriastadt,2019,10,16,4,3,4,5,1,0,1,0,0,1,0,1
11386,200689,11,9,9030902,Wohngebiet II,2019,10,15,5,2,6,4,0,1,0,1,0,0,0,0
11387,200690,11,3,3030406,Alt-Karow,2019,10,13,5,3,5,3,0,1,1,0,0,0,0,0
11388,200691,11,9,9010201,Am Treptower Park Süd,2019,10,15,5,2,6,7,0,0,1,1,0,0,0,0
11389,200692,11,4,4030828,Savignyplatz,2019,10,15,5,2,3,6,0,1,1,0,0,0,0,0
11390,200693,11,10,10010308,Marzahner Chaussee,2019,10,10,5,3,3,6,0,0,1,0,0,1,0,0
11391,200694,11,4,4041137,Flinsberger Platz,2019,10,16,4,3,5,2,0,1,1,0,0,0,0,1
11392,200695,11,9,9010202,Köpenicker Landstraße,2019,10,6,5,3,5,7,2,0,1,0,0,0,0,1
11393,200696,11,4,4030623,Ernst-Reuter-Platz,2019,10,8,2,3,6,4,0,0,1,1,0,0,0,0
11394,200697,11,1,1044102,Schillerpark,2019,10,23,5,3,1,5,2,0,1,0,0,1,0,0
11395,200698,11,12,12103218,Teichstraße,2019,11,15,7,3,5,7,0,0,1,0,0,0,0,1
11396,200699,11,12,12301203,Wittenau Süd,2019,10,21,7,2,4,6,2,0,1,0,0,0,0,0
11397,200700,11,2,2020203,Viktoriapark,2019,10,0,3,3,0,3,2,1,0,0,1,0,0,1
11398,200701,11,3,3050924,Behaimstraße,2019,11,10,6,3,5,7,0,1,1,0,0,0,0,0
11399,200702,11,2,2020203,Viktoriapark,2019,10,14,6,3,1,5,0,0,1,0,1,0,0,0
11400,200703,11,12,12302211,Lübarser Straße,2019,10,17,2,2,6,2,2,0,1,1,0,0,0,1
11401,200704,11,1,1011102,Großer Tiergarten,2019,10,12,5,3,3,6,0,0,1,0,1,0,0,0
11402,200705,11,2,2010103,Moritzplatz,2019,10,1,1,2,5,3,2,0,1,0,0,0,0,0
11403,200706,11,4,4051448,Schaperstraße,2019,10,16,4,3,1,1,0,1,1,0,0,0,0,1
11404,200707,11,3,3020307,Buchholz,2019,11,18,6,3,5,2,2,1,1,0,0,0,0,0
11405,200708,11,3,3071639,Bötzowstraße,2019,10,0,7,2,0,1,2,0,0,0,0,0,1,0
11406,200709,11,7,7050505,Hundsteinweg,2019,10,10,3,3,2,6,0,0,1,0,0,0,0,0
11407,200710,11,6,6040806,Fischtal,2019,11,16,6,3,0,6,1,0,0,0,0,0,1,1
11408,200711,11,4,4030930,George-Grosz-Platz,2019,10,19,6,3,5,7,2,0,1,0,0,0,0,0
11409,200712,11,4,4030417,Schloßstraße,2019,10,11,3,3,5,2,0,0,1,0,1,0,0,0
11410,200713,11,5,5020626,Adamstraße,2019,11,9,6,3,2,6,0,0,1,0,1,0,0,0
11411,200714,11,4,4030828,Savignyplatz,2019,10,23,6,3,1,5,2,1,1,0,0,0,1,0