,object id,city,district,sub district key,street,year,month,hour of day,weekday,category,accident type,accident type 2,light situation,bike involved,car involved,pedestrian involved,motor bike involved,big track involved,other vehicle involved,road condition
11412,200715,11,4,4030622,Richard-Wagner-Straße,2019,10,16,2,3,2,6,1,0,1,0,0,0,0,1
11413,200716,11,4,4020310,Park Ruhwald,2019,10,10,5,3,5,2,0,0,1,0,0,0,0,0
11414,200717,11,12,12103218,Teichstraße,2019,10,18,1,3,1,5,2,0,1,0,0,0,0,0
11415,200718,11,4,4020311,Reichsstraße,2019,10,13,4,3,5,3,0,0,1,0,1,0,0,0
11416,200719,11,1,1022104,Emdener Straße,2019,11,20,6,2,6,4,2,0,1,1,0,0,0,1
11417,200720,11,2,2010102,Mehringplatz,2019,10,13,7,2,1,5,0,1,1,0,0,0,0,0
11418,200721,11,2,2020203,Viktoriapark,2019,10,7,3,3,0,7,1,0,0,0,1,0,0,1
11419,200722,11,8,8010510,Gewerbegebiet Köllnische Heide,2019,10,10,6,3,2,6,0,0,1,0,0,1,0,0
11420,200723,11,10,10040830,Kaulsdorf Süd,2019,10,18,5,3,5,3,2,1,0,0,0,0,1,1
11421,200724,11,1,1044102,Schillerpark,2019,10,12,6,3,0,2,0,1,1,0,0,0,0,0
11422,200725,11,4,4020209,Eichkamp,2019,10,7,2,3,2,6,0,1,1,0,0,0,0,0
11423,200726,11,10,10010309,Springpfuhl,2019,10,18,5,3,6,4,2,0,1,1,0,0,0,0
11424,200727,11,8,8041039,Frauenviertel,2019,11,21,7,3,6,2,2,0,1,1,0,0,0,1
11425,200728,11,1,1011302,Oranienburger Straße,2019,10,16,7,3,6,4,0,1,0,1,0,0,0,0
11426,200729,11,1,1044103,Westliche Müllerstraße,2019,10,18,2,2,0,1,2,0,0,0,1,0,0,1
11427,200730,11,8,2020206,Graefekiez,2019,10,19,5,3,6,4,2,0,1,1,0,0,0,0
11428,200731,11,11,11030720,Herzbergstraße,2019,11,8,7,2,3,6,0,0,0,0,1,0,1,1
11429,200732,11,3,3010102,Buch,2019,10,17,7,3,2,4,2,0,1,1,0,0,0,0
11430,200733,11,1,1033101,Soldiner Straße,2019,10,10,4,3,2,2,0,0,1,0,0,0,0,0
11431,200734,11,12,12301204,Wittenau Nord,2019,10,8,4,2,5,2,0,0,1,0,0,0,0,0
11432,200735,11,1,1011201,Wilhelmstraße,2019,11,17,6,2,5,3,2,1,1,0,0,0,0,1
11433,200736,11,2,2010102,Mehringplatz,2019,10,18,6,3,1,5,2,1,1,0,0,0,0,0
11434,200737,11,9,9051901,Dammvorstadt,2019,10,11,3,2,6,4,0,0,0,1,0,1,0,0
11435,200738,11,1,1044201,Reinickendorfer Straße,2019,10,15,5,3,6,7,0,0,1,1,0,0,0,0
11436,200739,11,3,3020209,Niederschönhausen,2019,10,12,6,3,2,6,0,0,1,0,0,0,0,0
11437,200740,11,11,11040926,Weitlingstraße,2019,10,8,2,3,6,4,0,0,1,1,0,0,0,0
11438,200741,11,8,8010212,Rollberg,2019,10,10,5,2,5,5,0,0,1,0,1,0,0,0
11439,200742,11,3,3020203,Blankenfelde,2019,11,16,7,2,5,3,2,0,1,0,0,0,1,1
11440,200743,11,9,9020502,Oberschöneweide Ost,2019,10,15,7,3,0,6,0,0,0,0,1,0,1,0
11441,200744,11,7,7040405,Rathaus Tempelhof,2019,10,16,3,3,3,6,2,0,1,0,1,0,0,0
11442,200745,11,1,1011204,Leipziger Straße,2019,11,12,6,3,2,2,0,0,1,0,0,0,0,0
11443,200746,11,2,2010101,Askanischer Platz,2019,10,15,6,2,5,2,0,0,1,0,1,0,0,0
11444,200747,11,2,2020204,Urbanstraße,2019,10,18,2,3,2,6,2,0,1,0,0,0,0,1
11445,200748,11,4,4041134,Bismarckallee,2019,10,7,4,3,1,6,0,0,1,0,0,0,1,0
11446,200749,11,9,9020501,Oberschöneweide West,2019,10,19,3,3,5,3,2,1,1,0,0,0,0,0
11447,200750,11,2,2010102,Mehringplatz,2019,11,14,6,3,5,3,0,1,1,0,0,0,0,0
11448,200751,11,8,8010508,Weiße Siedlung,2019,10,16,6,3,5,2,0,1,1,0,0,0,0,0
11449,200752,11,6,6020410,Oberhofer Platz,2019,10,13,2,3,0,2,0,1,1,0,0,0,0,1
11450,200753,11,8,8010303,Donaustraße,2019,10,13,5,3,1,5,0,1,1,0,0,0,1,0
11451,200754,11,1,1022206,Lüneburger Straße,2019,10,12,6,3,2,2,0,0,1,0,0,0,0,0
11452,200755,11,4,4061757,Forst Grunewald,2019,10,20,2,1,0,7,2,0,1,0,0,0,0,1
11453,200756,11,8,8010213,Körnerpark,2019,10,14,5,1,6,7,0,0,0,1,0,1,0,0
11454,200757,11,5,5020626,Adamstraße,2019,11,14,7,3,1,5,0,0,1,0,0,0,0,1
11455,200758,11,1,1033102,Gesundbrunnen,2019,10,21,7,3,1,5,2,0,1,0,0,0,1,0
11456,200759,11,2,2020206,Graefekiez,2019,10,12,3,3,5,2,0,1,1,0,0,0,0,0
11457,200760,11,11,11041128,Sewanstraße,2019,11,10,6,3,6,2,0,0,1,1,0,0,0,0
11458,200761,11,2,2030302,Lausitzer Platz,2019,10,14,6,3,1,5,0,0,1,0,0,0,0,0
11459,200762,11,8,8010508,Weiße Siedlung,2019,10,17,2,3,2,6,2,0,1,0,0,0,0,1
11460,200763,11,12,12103115,Breitkopfbecken,2019,10,7,5,3,2,6,0,0,1,0,0,0,0,0
11461,200764,11,2,2030402,Wrangelkiez,2019,10,4,1,3,1,5,2,0,1,0,0,0,0,0
11462,200765,11,1,1011202,Unter den Linden Nord,2019,10,14,4,3,3,6,0,0,1,0,0,0,0,0
11463,200766,11,2,2020202,Rathaus Yorckstraße,2019,10,12,5,3,0,5,0,1,1,0,0,0,0,0
11464,200767,11,1,1011305,Heine-Viertel West,2019,10,11,6,3,0,5,0,1,1,0,0,0,0,0
11465,200768,11,9,9010401,Johannisthal West,2019,10,13,1,3,5,3,0,1,1,0,0,0,0,0
11466,200769,11,1,1011101,Stülerstraße,2019,10,17,4,3,5,2,2,1,1,0,0,0,0,0
11467,200770,11,4,4051448,Schaperstraße,2019,11,19,6,3,5,2,2,1,1,0,0,0,0,1
11468,200771,11,4,4051652,Nikolsburger Platz,2019,10,19,7,3,6,4,2,0,0,1,0,0,1,0
11469,200772,11,5,5020625,Borkumer Straße,2019,10,10,3,3,5,3,0,0,1,0,1,0,0,0
11470,200773,11,12,12103219,Schäfersee,2019,11,8,6,3,0,6,0,0,1,0,0,0,1,0
11471,200774,11,3,3061429,Greifswalder Straße,2019,10,13,6,3,5,3,0,0,1,0,0,0,1,0
11472,200775,11,10,10010102,Havemannstraße,2019,10,16,2,2,6,4,0,0,1,1,0,0,0,0
11473,200776,11,8,8020726,Buckow West,2019,10,10,5,3,0,1,0,1,0,0,0,0,0,0
11474,200777,11,12,12214421,Reinickes Hof,2019,10,14,7,3,5,3,0,0,1,0,0,0,0,0
11475,200778,11,11,11030720,Herzbergstraße,2019,10,11,4,3,1,5,0,0,1,0,0,0,0,0
11476,200779,11,4,4030519,Kaiserin-Augusta-Allee,2019,10,17,4,2,4,7,2,1,0,0,0,0,1,0
11477,200780,11,9,9041301,Kietzer Feld/Nachtheide,2019,11,18,6,2,5,2,2,0,1,0,1,0,0,0
11478,200781,11,8,8020622,Parchimer Allee,2019,10,12,7,3,5,3,0,0,1,0,0,0,0,0
11479,200782,11,3,3040818,Pankow Süd,2019,10,17,3,2,0,7,2,1,0,0,0,0,0,0
11480,200783,11,4,4051446,Preußenpark,2019,11,18,6,3,5,3,2,1,1,0,0,0,0,1
11481,200784,11,2,2050801,Traveplatz,2019,10,1,7,3,5,3,2,1,1,0,0,0,0,0
11482,200785,11,5,5030730,Zitadellenweg,2019,10,6,3,3,5,2,1,1,1,0,0,0,0,0
11483,200786,11,3,3050919,Gustav-Adolf-Straße,2019,10,9,5,3,0,3,0,0,1,0,1,0,0,0
11484,200787,11,4,4051652,Nikolsburger Platz,2019,10,13,6,3,5,2,0,0,1,0,1,0,0,0
11485,200788,11,7,7050502,Fritz-Werner-Straße,2019,10,11,2,2,5,3,0,0,1,0,1,0,0,0
11486,200789,11,7,7020204,Schöneberger Insel,2019,10,19,5,3,6,4,2,1,0,1,0,0,0,0
11487,200790,11,8,8041038,Waßmannsdorfer Chaussee,2019,11,8,7,3,5,3,0,0,1,0,1,0,0,1
11488,200791,11,2,2050602,Samariterviertel,2019,10,17,7,3,5,2,2,1,1,0,0,0,0,0
11489,200792,11,1,1011202,Unter den Linden Nord,2019,10,8,4,3,2,6,0,1,1,0,0,0,0,0
11490,200793,11,4,4051656,Hildegardstraße,2019,10,18,4,1,5,5,2,0,1,0,1,0,0,0
11491,200794,11,7,7030301,Friedenau,2019,11,16,6,3,5,3,2,1,1,0,0,0,0,0
11492,200795,11,10,10010308,Marzahner Chaussee,2019,10,17,6,3,0,3,1,0,1,0,0,0,1,0
11493,200796,11,12,12301206,Lübars,2019,10,14,3,3,6,2,0,0,1,1,0,0,0,0
11494,200797,11,1,1011302,Oranienburger Straße,2019,10,15,5,3,3,6,0,1,1,0,0,0,0,0
11495,200798,11,4,4020310,Park Ruhwald,2019,10,11,6,3,5,7,0,0,1,0,0,0,0,0
11496,200799,11,6,6030501,Berlepschstraße,2019,10,8,2,3,5,3,0,1,1,0,0,0,0,0
11497,200800,11,4,4041342,Schlangenbader Straße,2019,10,9,5,3,6,2,0,0,0,1,1,0,0,0
11498,200801,11,4,4031032,Halensee,2019,10,17,5,3,1,5,1,1,1,0,0,0,0,0
11499,200802,11,12,12214424,Scharnweberstraße,2019,10,9,6,3,6,2,0,0,1,1,0,0,0,0
11500,200803,11,11,11040925,Victoriastadt,2019,10,9,2,3,5,2,0,1,1,0,0,0,0,0
11501,200804,11,6,6030504,Teltower Damm,2019,10,16,5,2,6,4,2,0,1,1,0,0,0,1
11502,200805,11,6,6020303,Lankwitz Kirche,2019,11,22,7,3,5,3,2,1,1,0,0,0,0,1
11503,200806,11,5,5010206,Gütersloher Weg,2019,10,16,7,3,2,6,0,1,1,0,0,0,0,0
11504,200807,11,3,3010101,Bucher Forst,2019,10,5,4,3,6,6,2,0,1,1,0,0,0,0
11505,200808,11,8,8010509,Schulenburgpark,2019,10,17,3,3,6,4,2,0,0,1,1,0,0,0
11506,200809,11,12,12103219,Schäfersee,2019,11,14,6,3,6,4,0,0,1,1,0,0,0,0
11507,200810,11,4,4020313,Königin-Elisabeth-Straße,2019,10,16,6,3,5,2,0,1,0,0,0,0,1,0
11508,200811,11,12,12103115,Breitkopfbecken,2019,10,17,2,2,2,6,2,0,1,0,0,0,0,0
11509,200812,11,1,1022106,Elberfelder Straße,2019,10,13,5,3,0,1,0,0,0,0,1,0,0,0
11510,200813,11,6,6020305,Gemeindepark Lankwitz,2019,10,8,6,3,2,6,0,0,1,0,0,0,0,0
11511,200814,11,12,12214527,Alt-Tegel,2019,10,17,1,3,2,6,2,0,1,0,0,0,0,0
11512,200815,11,4,4041343,Binger Straße,2019,10,19,4,3,6,2,2,0,1,1,0,0,0,0
11513,200816,11,12,12301203,Wittenau Süd,2019,11,17,6,3,5,3,1,0,1,0,0,0,0,1
11514,200817,11,4,4051447,Ludwigkirchplatz,2019,10,14,7,3,0,7,0,0,0,0,0,0,1,0
11515,200818,11,10,10020413,Gut Hellersdorf,2019,10,11,3,3,9,7,0,0,0,0,0,0,1,0
11516,200819,11,2,2050803,Stralauer Kiez,2019,11,10,6,3,2,2,0,0,1,0,0,0,0,0
11517,200820,11,2,2040701,Andreasviertel,2019,10,22,6,2,5,3,2,0,1,0,0,0,1,0
11518,200821,11,7,7070704,Nahariyastraße,2019,11,15,7,3,6,2,0,0,0,1,0,0,1,1
11519,200822,11,9,9052001,Köpenick Nord,2019,10,14,7,3,5,3,0,0,1,0,0,0,0,0
11520,200823,11,7,7040404,Marienhöhe,2019,10,14,3,3,2,6,0,0,1,0,0,0,0,0
11521,200824,11,8,8020619,Buschkrugallee Nord,2019,11,10,6,2,2,6,0,0,1,0,1,0,0,0
11522,200825,11,11,11030619,Fennpfuhl Ost,2019,10,15,6,3,0,2,0,0,1,0,0,0,1,0
11523,200826,11,4,4020313,Königin-Elisabeth-Straße,2019,10,18,2,3,5,3,2,0,1,0,0,0,0,1
11524,200827,11,2,2050802,Boxhagener Platz,2019,10,12,5,3,2,6,0,0,1,0,0,0,0,0
11525,200828,11,2,2050803,Stralauer Kiez,2019,10,2,1,3,5,3,2,0,1,0,0,0,0,0
11526,200829,11,7,7030303,Grazer Platz,2019,10,16,4,3,5,2,0,0,1,0,1,0,0,0
11527,200830,11,12,12302110,Dannenwalder Weg,2019,11,18,6,3,6,2,2,0,1,1,0,0,0,1
11528,200831,11,4,4020311,Reichsstraße,2019,10,11,7,3,5,3,0,0,1,0,0,0,0,0
11529,200832,11,9,9020701,Adlershof West,2019,10,10,3,3,1,5,0,1,1,0,0,0,1,0
11530,200833,11,2,2030402,Wrangelkiez,2019,11,1,6,2,5,5,2,0,1,0,0,0,0,0
11531,200834,11,2,2030402,Wrangelkiez,2019,10,19,6,3,5,7,2,1,1,0,0,0,0,0
11532,200835,11,1,1011302,Oranienburger Straße,2019,10,23,2,2,4,6,2,1,1,0,0,0,0,1
11533,200836,11,8,8030830,Gropiusstadt Süd,2019,10,22,5,3,1,5,2,0,1,0,0,0,0,0
11534,200837,11,6,6030610,Lichterfelde West,2019,10,17,2,3,5,3,2,0,1,0,0,0,0,1
11535,200838,11,3,3061227,Humannplatz,2019,10,4,5,3,5,2,2,0,1,0,1,0,0,0
11536,200839,11,4,4051445,Eisenzahnstraße,2019,10,19,1,3,6,2,2,0,1,1,0,0,0,0
11537,200840,11,12,12103115,Breitkopfbecken,2019,10,13,4,3,2,6,0,0,1,0,0,0,0,0
11538,200841,11,9,9051901,Dammvorstadt,2019,11,21,6,2,0,1,2,1,0,0,0,0,0,1
11539,200842,11,6,6020409,Königsberger Straße,2019,10,13,7,3,0,1,0,1,0,0,0,0,0,0
11540,200843,11,3,3071537,Kollwitzplatz,2019,10,8,3,3,5,2,0,1,1,0,0,0,0,0
11541,200844,11,1,1011202,Unter den Linden Nord,2019,10,17,5,3,5,3,2,1,1,0,0,0,0,0
11542,200845,11,5,5020625,Borkumer Straße,2019,10,10,2,3,5,2,0,1,1,0,0,0,0,0
11543,200846,11,5,5020419,Magistratsweg,2019,10,18,5,3,6,4,2,0,1,1,0,0,0,0
11544,200847,11,1,1044103,Westliche Müllerstraße,2019,11,0,7,3,2,6,2,0,1,0,0,0,0,1
11545,200848,11,4,4051448,Schaperstraße,2019,10,17,7,3,5,3,1,1,1,0,0,0,0,0
11546,200849,11,4,4030519,Kaiserin-Augusta-Allee,2019,10,8,4,3,2,6,0,0,1,0,0,0,1,0
11547,200850,11,12,12214125,Waldidyll/Flughafensee,2019,10,19,3,3,5,2,2,1,1,0,0,0,0,0
11548,200851,11,12,12103218,Teichstraße,2019,11,16,6,3,1,5,0,0,1,0,0,0,0,0
11549,200852,11,9,9052001,Köpenick Nord,2019,10,14,6,3,0,6,0,1,0,0,0,0,0,0
11550,200853,11,6,6020408,Lichterfelde Süd,2019,11,9,7,3,2,2,0,0,1,0,0,0,0,1
11551,200854,11,5,5020417,Staakener Straße,2019,10,17,7,3,0,7,1,1,1,0,0,0,0,0
11552,200855,11,6,6010210,Bismarckstraße,2019,10,10,4,3,5,3,0,0,1,0,0,0,0,0
11553,200856,11,1,1022206,Lüneburger Straße,2019,10,13,4,2,2,6,0,0,0,0,1,1,0,0
11554,200857,11,2,2040701,Andreasviertel,2019,11,21,6,3,5,3,2,1,1,0,0,0,0,1
11555,200858,11,1,1011202,Unter den Linden Nord,2019,10,19,6,3,5,2,2,1,1,0,0,0,0,0
11556,200859,11,7,7040403,Manteuffelstraße,2019,10,12,3,2,5,3,0,1,0,0,1,0,0,0
11557,200860,11,11,11030619,Fennpfuhl Ost,2019,10,15,5,3,0,2,1,0,1,0,0,0,1,0
11558,200861,11,4,4030519,Kaiserin-Augusta-Allee,2019,10,8,6,3,6,4,0,0,1,1,0,0,0,0
11559,200862,11,1,1033203,Humboldthain Nordwest,2019,10,8,2,3,5,3,0,1,1,0,0,0,0,0
11560,200863,11,1,1011302,Oranienburger Straße,2019,10,14,5,2,5,3,0,1,1,0,0,0,0,0
11561,200864,11,1,1044202,Sparrplatz,2019,11,17,7,3,2,2,2,0,1,0,0,0,0,1
11562,200865,11,1,1044101,Rehberge,2019,10,15,7,3,2,6,0,0,1,0,0,0,0,0
11563,200866,11,11,11020516,Weiße Taube,2019,10,16,3,3,5,2,1,1,0,0,0,0,1,0
11564,200867,11,4,4051446,Preußenpark,2019,11,13,6,3,5,3,0,1,1,0,0,0,0,0
11565,200868,11,8,8030829,Gropiusstadt Nord,2019,10,15,6,2,5,3,0,0,1,0,1,0,0,0
11566,200869,11,1,1011203,Unter den Linden Süd,2019,10,18,2,3,1,5,2,1,1,0,0,0,0,1
11567,200870,11,9,9020501,Oberschöneweide West,2019,10,8,5,3,5,2,0,1,1,0,0,0,0,0
11568,200871,11,4,4041136,Hagenplatz,2019,10,8,6,3,5,2,0,1,1,0,0,0,0,0
11569,200872,11,11,11040925,Victoriastadt,2019,10,13,1,3,2,6,0,1,1,0,0,0,0,0
11570,200873,11,3,3030406,Alt-Karow,2019,10,6,2,3,5,2,0,1,1,0,0,0,0,0
11571,200874,11,3,3010102,Buch,2019,10,10,5,3,0,1,0,0,1,0,0,0,0,0
11572,200875,11,7,7040401,Neu-Tempelhof,2019,10,7,6,3,6,2,0,0,1,1,0,0,0,0
11573,200876,11,5,5020625,Borkumer Straße,2019,10,5,2,3,2,6,1,0,1,0,0,0,0,0
11574,200877,11,2,2010102,Mehringplatz,2019,10,19,5,3,1,5,2,1,0,0,0,0,1,0
11575,200878,11,7,7020204,Schöneberger Insel,2019,11,15,7,3,6,4,0,0,1,1,0,0,0,1
11576,200879,11,7,7010101,Wittenbergplatz/Viktoria-Luise-Platz,2019,10,14,7,3,0,5,0,1,0,0,1,0,0,0
11577,200880,11,3,3020307,Buchholz,2019,10,13,3,3,2,6,0,0,1,0,0,0,0,0
11578,200881,11,6,6010101,Fichtenberg,2019,11,10,6,3,2,6,0,0,1,0,0,0,0,0
11579,200882,11,5,5010314,Carl-Schurz-Straße,2019,10,15,6,2,0,2,0,0,1,0,0,0,1,0
11580,200883,11,3,3071536,Teutoburger Platz,2019,10,17,2,3,5,3,2,0,1,0,0,0,0,1
11581,200884,11,6,6010209,Feuerbachstraße,2019,10,7,5,3,2,6,0,0,1,0,0,0,0,1
11582,200885,11,2,2010102,Mehringplatz,2019,10,1,1,3,5,2,2,0,1,0,0,0,0,0
11583,200886,11,9,9020701,Adlershof West,2019,10,15,4,3,5,2,0,0,1,0,0,0,0,0
11584,200887,11,7,7010103,Barbarossaplatz,2019,11,18,6,3,2,2,2,1,1,0,0,0,0,1
11585,200888,11,4,4041134,Bismarckallee,2019,10,0,7,2,1,5,2,1,1,0,0,0,0,0
11586,200889,11,4,4030726,Droysenstraße,2019,10,20,4,3,5,3,1,0,1,0,0,0,0,0
11587,200890,11,1,1033203,Humboldthain Nordwest,2019,11,20,6,3,5,3,2,0,1,0,0,0,0,1
11588,200891,11,7,7040404,Marienhöhe,2019,10,20,7,3,1,7,2,0,1,0,0,0,0,0
11589,200892,11,8,8020727,Buckow Mitte,2019,10,16,3,3,0,3,0,0,0,0,1,0,1,1
11590,200893,11,7,7020203,Kaiser-Wilhelm-Platz,2019,11,9,6,3,2,2,0,0,1,0,0,0,0,0
11591,200894,11,12,12214424,Scharnweberstraße,2019,10,14,6,3,5,7,0,0,1,0,1,0,0,0
11592,200895,11,8,8010117,Schillerpromenade,2019,10,16,2,3,3,6,0,0,1,0,1,0,0,0
11593,200896,11,9,9010301,Baumschulenstraße,2019,10,10,5,3,3,6,0,0,1,0,0,0,0,0
11594,200897,11,8,8020625,Handwerker-Siedlung,2019,10,12,7,3,5,3,0,1,1,0,0,0,0,0
11595,200898,11,1,1011302,Oranienburger Straße,2019,10,12,4,3,6,4,0,0,1,1,0,0,0,0
11596,200899,11,9,9031101,Grünau,2019,10,17,4,2,0,6,2,0,0,0,1,0,1,0
11597,200900,11,2,2010104,Wassertorplatz,2019,11,23,6,3,2,6,2,0,1,0,0,0,0,1
11598,200901,11,10,10020517,Adele-Sandrock-Straße,2019,10,12,7,3,0,5,0,0,1,0,1,0,0,0
11599,200902,11,6,6040804,Krumme Lanke,2019,10,8,3,3,5,3,0,1,1,0,0,0,0,1
11600,200903,11,4,4031032,Halensee,2019,10,17,5,3,6,4,2,0,1,1,0,0,0,0
11601,200904,11,3,3030405,Karow Nord,2019,10,7,6,3,7,7,1,0,0,0,1,0,0,0
11602,200905,11,10,10030727,Biesdorf Süd,2019,10,9,2,3,5,2,0,0,1,0,1,0,0,0
11603,200906,11,1,1011204,Leipziger Straße,2019,10,9,3,3,5,2,0,1,0,0,0,0,0,0
11604,200907,11,4,4030828,Savignyplatz,2019,10,9,5,3,1,5,0,1,1,0,0,0,0,0
11605,200908,11,10,10040933,Mahlsdorf Süd,2019,10,16,6,3,0,1,0,1,0,0,0,0,0,0
11606,200909,11,8,8010510,Gewerbegebiet Köllnische Heide,2019,10,11,2,3,3,6,0,0,1,0,0,0,0,0
11607,200910,11,10,10020414,Helle Mitte,2019,10,19,5,3,6,4,2,0,1,1,0,0,0,0
11608,200911,11,3,3061228,Erich-Weinert-Straße,2019,11,8,7,3,5,2,1,1,1,0,0,0,0,1
11609,200912,11,3,3050920,Weißer See,2019,10,17,7,3,1,5,0,1,1,0,0,0,0,0
11610,200913,11,9,9010302,Späthsfelde,2019,10,10,4,3,4,7,0,0,1,0,0,0,1,0
11611,200914,11,7,7030303,Grazer Platz,2019,10,8,4,3,6,2,0,0,1,1,0,0,0,0
11612,200915,11,11,11020411,Malchower Weg,2019,11,22,6,2,5,3,2,0,1,0,1,0,0,1
11613,200916,11,10,10020517,Adele-Sandrock-Straße,2019,10,18,6,3,2,6,1,0,1,0,0,0,0,0
11614,200917,11,6,6030607,Goerzwerke,2019,10,8,3,2,5,3,0,0,1,0,0,0,1,0
11615,200918,11,6,6020306,Lankwitz Süd,2019,10,15,5,3,5,3,0,0,1,0,0,0,0,0
11616,200919,11,7,7020202,Volkspark (Rudolf-Wilde-Park),2019,10,7,6,3,2,6,0,0,1,0,0,0,0,0
11617,200920,11,12,12302110,Dannenwalder Weg,2019,10,8,2,3,2,6,0,0,1,0,0,0,0,0
11618,200921,11,10,10010310,Alt-Marzahn,2019,10,1,5,2,2,3,2,0,1,0,0,0,0,0
11619,200922,11,1,1022206,Lüneburger Straße,2019,11,16,7,3,5,3,0,0,1,0,0,0,1,1
11620,200923,11,1,1022106,Elberfelder Straße,2019,10,15,7,2,6,2,0,0,1,1,0,0,0,0
11621,200924,11,10,10020413,Gut Hellersdorf,2019,10,14,3,3,6,6,0,1,0,1,0,0,0,0
11622,200925,11,8,8010117,Schillerpromenade,2019,10,19,5,2,5,5,2,0,1,0,1,0,0,0
11623,200926,11,4,4030828,Savignyplatz,2019,11,20,7,3,2,6,2,0,1,0,0,0,0,1
11624,200927,11,7,7010102,Nollendorfplatz,2019,10,16,7,3,6,7,0,1,0,1,0,0,0,0
11625,200928,11,3,3030716,Märchenland,2019,10,7,4,3,2,6,0,0,1,0,0,0,0,1
11626,200929,11,11,11040926,Weitlingstraße,2019,10,18,3,3,0,1,2,0,0,0,1,0,0,0
11627,200930,11,1,1011102,Großer Tiergarten,2019,10,9,6,3,5,7,0,0,1,0,1,0,0,0
11628,200931,11,7,7040403,Manteuffelstraße,2019,11,15,6,3,5,3,0,1,1,0,0,0,0,0
11629,200932,11,9,9030903,Kölner Viertel,2019,10,16,6,3,6,4,0,0,0,1,0,0,1,0
11630,200933,11,4,4020310,Park Ruhwald,2019,10,20,2,3,5,3,2,0,1,0,0,0,0,1
11631,200934,11,6,6030606,Hindenburgdamm,2019,10,13,5,3,5,3,0,1,1,0,0,0,0,0
11632,200935,11,5,5040936,Jägerallee,2019,10,3,6,3,9,1,2,0,1,0,0,0,0,1
11633,200936,11,7,7010102,Nollendorfplatz,2019,10,18,1,3,2,2,2,0,1,0,0,0,0,0
11634,200937,11,9,9041301,Kietzer Feld/Nachtheide,2019,10,6,4,3,5,3,2,1,1,0,0,0,0,0
11635,200938,11,2,2040502,Friedenstraße,2019,10,9,6,3,2,6,0,1,1,0,0,0,0,0
11636,200939,11,2,2050802,Boxhagener Platz,2019,11,12,7,3,5,3,0,0,1,0,0,0,0,1
11637,200940,11,4,4030725,Amtsgerichtsplatz,2019,10,21,7,3,0,1,2,0,0,0,0,0,1,0
11638,200941,11,1,1011202,Unter den Linden Nord,2019,10,11,3,3,5,3,0,1,0,0,1,0,0,0
11639,200942,11,2,2040701,Andreasviertel,2019,11,10,6,3,2,2,0,1,1,0,0,0,0,0
11640,200943,11,2,2030302,Lausitzer Platz,2019,10,14,6,3,2,7,0,1,1,0,0,0,0,0
11641,200944,11,7,7050501,Rathausstraße,2019,10,17,2,3,0,5,2,1,1,0,0,0,0,1
11642,200945,11,3,3061429,Greifswalder Straße,2019,10,7,5,3,2,6,0,0,1,0,0,0,0,0
11643,200946,11,5,5010208,Germersheimer Platz,2019,10,15,6,3,2,6,0,0,1,0,0,0,0,0
11644,200947,11,12,12214125,Waldidyll/Flughafensee,2019,11,11,6,3,2,6,0,0,0,0,0,0,1,0
11645,200948,11,4,4030930,George-Grosz-Platz,2019,10,15,6,3,5,3,0,1,1,0,0,0,0,0
11646,200949,11,2,2010101,Askanischer Platz,2019,10,18,2,3,2,6,2,0,1,0,0,0,0,1
11647,200950,11,3,3050919,Gustav-Adolf-Straße,2019,10,7,5,3,5,3,0,1,1,0,0,0,0,0
11648,200951,11,4,4010101,Jungfernheide,2019,10,0,6,3,5,2,2,0,1,0,0,0,0,0
11649,200952,11,1,1011401,Invalidenstraße,2019,10,11,1,3,0,1,0,0,0,0,1,0,0,1
11650,200953,11,4,4030931,Breitscheidplatz,2019,10,16,4,3,5,7,1,0,1,0,0,0,0,0
11651,200954,11,10,10020414,Helle Mitte,2019,10,17,5,2,1,4,1,1,1,1,0,0,0,0
11652,200955,11,1,1044203,Leopoldplatz,2019,11,19,6,3,2,6,2,0,1,0,0,0,0,1
11653,200956,11,4,4051551,Brabanter Platz,2019,10,12,7,3,5,7,0,0,1,0,0,0,0,0
11654,200957,11,4,4020311,Reichsstraße,2019,10,10,3,3,5,2,0,1,1,0,0,0,0,1
11655,200958,11,10,10040828,Kaulsdorf Nord,2019,10,21,5,3,5,3,2,0,1,0,0,0,0,0
11656,200959,11,3,3061441,Eldenaer Straße,2019,11,7,6,3,5,2,1,1,1,0,0,0,0,0
11657,200960,11,1,1011203,Unter den Linden Süd,2019,10,21,6,3,8,1,2,0,0,0,0,0,1,0