,object id,city,district,sub district key,street,year,month,hour of day,weekday,category,accident type,accident type 2,light situation,bike involved,car involved,pedestrian involved,motor bike involved,big track involved,other vehicle involved,road condition
11658,200961,11,4,4030929,Hindemithplatz,2019,10,15,2,3,5,5,0,0,1,0,0,0,1,0
11659,200962,11,2,2010102,Mehringplatz,2019,10,7,5,3,5,2,0,1,1,0,0,0,0,0
11660,200963,11,9,9020701,Adlershof West,2019,10,18,5,3,5,2,0,1,1,0,0,0,0,0
11661,200964,11,8,8010118,Silbersteinstraße,2019,10,17,7,3,0,6,1,0,1,0,1,0,0,0
11662,200965,11,1,1033101,Soldiner Straße,2019,10,11,4,3,5,3,0,1,1,0,0,0,0,0
11663,200966,11,10,10030724,Oberfeldstraße,2019,10,18,5,2,5,2,2,1,1,0,0,0,0,1
11664,200967,11,5,5010208,Germersheimer Platz,2019,10,13,4,2,5,2,0,1,1,0,0,0,0,0
11665,200968,11,1,1011203,Unter den Linden Süd,2019,10,16,5,3,1,5,0,1,1,0,0,0,0,0
11666,200969,11,3,3040614,Pankow Zentrum,2019,10,16,5,2,3,5,0,1,1,0,0,0,0,0
11667,200970,11,2,2040502,Friedenstraße,2019,10,20,1,3,5,3,2,0,1,0,0,0,0,0
11668,200971,11,12,12231101,Hermsdorf,2019,10,14,4,3,2,6,0,0,1,0,0,0,0,0
11669,200972,11,12,12224230,Heiligensee,2019,10,16,5,3,2,6,0,0,1,0,0,0,1,0
11670,200973,11,9,9051901,Dammvorstadt,2019,10,15,5,3,3,6,0,0,0,0,0,0,1,0
11671,200974,11,4,4020310,Park Ruhwald,2019,11,17,6,3,3,6,2,0,1,0,0,0,0,1
11672,200975,11,8,8020625,Handwerker-Siedlung,2019,10,13,7,3,2,2,0,0,1,0,1,0,0,0
11673,200976,11,8,8041035,Blumenviertel,2019,10,7,3,3,5,3,0,1,1,0,0,0,0,1
11674,200977,11,9,9030903,Kölner Viertel,2019,10,15,5,3,5,3,0,0,1,0,0,0,0,0
11675,200978,11,7,7030302,Ceciliengärten,2019,10,7,5,3,5,2,0,1,1,1,0,0,0,0
11676,200979,11,8,8010214,Glasower Straße,2019,10,13,6,3,5,3,0,0,1,0,1,0,0,0
11677,200980,11,3,3030715,Heinersdorf,2019,10,10,2,3,6,4,0,1,0,1,0,0,0,0
11678,200981,11,6,6010206,Stadtpark,2019,10,18,5,3,1,5,2,1,1,0,0,0,0,0
11679,200982,11,4,4051551,Brabanter Platz,2019,11,5,7,3,0,1,2,0,1,0,0,0,0,1
11680,200983,11,3,3020209,Niederschönhausen,2019,10,17,7,3,5,7,0,0,1,0,0,0,1,0
11681,200984,11,11,11040926,Weitlingstraße,2019,10,8,4,3,2,6,0,1,1,0,0,0,0,0
11682,200985,11,8,8010303,Donaustraße,2019,10,22,3,3,5,7,2,0,1,0,0,0,0,0
11683,200986,11,4,4030828,Savignyplatz,2019,11,16,6,3,5,3,1,0,1,0,0,0,0,0
11684,200987,11,11,11010310,Mühlengrund,2019,10,17,6,3,2,6,0,0,1,0,0,0,0,0
11685,200988,11,7,7020204,Schöneberger Insel,2019,10,17,3,3,0,7,1,0,0,1,0,0,1,0
11686,200989,11,1,1011303,Alexanderplatzviertel,2019,10,14,5,3,5,5,0,1,1,0,0,0,0,0
11687,200990,11,8,8020625,Handwerker-Siedlung,2019,10,11,6,3,6,4,0,0,1,1,0,0,0,0
11688,200991,11,4,4051654,Wilhelmsaue,2019,11,16,7,3,6,4,0,0,1,1,0,0,0,0
11689,200992,11,8,8010214,Glasower Straße,2019,11,20,6,3,8,1,2,0,1,0,0,0,0,1
11690,200993,11,6,6040807,Zehlendorf Eiche,2019,10,12,7,3,0,2,0,1,1,0,0,0,0,0
11691,200994,11,8,8010214,Glasower Straße,2019,11,22,7,3,5,3,2,0,1,0,0,0,0,1
11692,200995,11,10,10020623,Rotes Viertel,2019,10,13,3,2,6,2,0,0,1,1,0,0,0,0
11693,200996,11,4,4051551,Brabanter Platz,2019,11,22,7,3,5,2,2,0,1,0,0,0,0,1
11694,200997,11,11,11051330,Karlshorst West,2019,10,16,5,3,2,6,2,0,1,0,0,0,0,0
11695,200998,11,3,3030406,Alt-Karow,2019,10,10,6,3,5,3,0,0,1,0,0,0,1,0
11696,200999,11,8,8020622,Parchimer Allee,2019,11,12,7,3,3,6,0,0,1,0,0,0,1,1
11697,201000,11,11,11041128,Sewanstraße,2019,11,12,7,3,5,3,0,1,1,0,0,0,0,0
11698,201001,11,2,2050802,Boxhagener Platz,2019,10,8,2,3,5,3,0,0,1,0,1,0,0,0
11699,201002,11,7,7060603,Marienfelde Nordost,2019,10,16,5,2,5,3,0,1,1,0,0,0,0,0
11700,201003,11,12,12103218,Teichstraße,2019,11,11,7,2,5,7,0,0,1,0,1,0,0,1
11701,201004,11,9,9051901,Dammvorstadt,2019,11,11,7,2,3,2,0,0,1,0,0,0,1,0
11702,201005,11,12,12304313,Borsigwalde,2019,11,17,7,3,6,4,2,0,1,1,0,0,0,1
11703,201006,11,4,4030930,George-Grosz-Platz,2019,10,16,7,3,1,5,0,1,1,0,0,0,0,0
11704,201007,11,8,8041037,Alt-Rudow,2019,10,6,4,3,5,3,2,1,1,0,0,0,0,1
11705,201008,11,7,7010104,Dennewitzplatz,2019,11,11,7,3,0,2,0,0,1,0,1,0,0,1
11706,201009,11,12,12103117,Letteplatz,2019,10,17,3,3,0,3,2,0,1,0,1,0,1,0
11707,201010,11,3,3061131,Falkplatz,2019,11,11,7,3,0,2,0,1,1,0,0,0,0,1
11708,201011,11,11,11030720,Herzbergstraße,2019,10,17,5,3,6,4,0,0,1,1,0,0,0,0
11709,201012,11,6,6030609,Augustaplatz,2019,11,14,6,3,1,5,0,1,1,0,0,0,0,0
11710,201013,11,5,5010101,Hakenfelde Nord,2019,10,16,6,3,0,4,0,0,0,1,0,0,1,0
11711,201014,11,10,10020414,Helle Mitte,2019,11,10,7,3,5,3,0,0,1,0,0,0,0,1
11712,201015,11,3,3040508,Rosenthal,2019,10,19,2,3,5,3,2,1,1,0,0,0,0,0
11713,201016,11,11,11030721,Rüdigerstraße,2019,10,8,5,3,1,5,0,1,1,0,0,0,0,0
11714,201017,11,2,2030302,Lausitzer Platz,2019,10,10,6,3,1,5,0,0,1,0,0,0,0,0
11715,201018,11,12,12302109,Treuenbrietzener Straße,2019,11,10,7,3,5,3,0,0,1,0,0,0,0,1
11716,201019,11,9,9020701,Adlershof West,2019,11,10,7,3,5,2,0,0,1,0,0,0,0,1
11717,201020,11,6,6040702,Düppel,2019,10,16,1,3,0,3,0,1,1,0,0,0,0,1
11718,201021,11,6,6040804,Krumme Lanke,2019,10,18,4,3,5,2,2,0,1,0,0,0,0,1
11719,201022,11,6,6040810,Dahlem,2019,11,10,7,3,0,3,0,0,0,0,1,0,1,1
11720,201023,11,1,1011301,Charitéviertel,2019,10,15,5,3,1,5,0,1,1,0,0,0,0,0
11721,201024,11,1,1011201,Wilhelmstraße,2019,11,15,6,3,5,2,1,1,0,0,0,0,1,0
11722,201025,11,4,4041344,Rüdesheimer Platz,2019,10,20,7,3,0,7,1,0,1,0,0,0,0,0
11723,201026,11,2,2010102,Mehringplatz,2019,11,7,3,3,6,4,0,1,0,1,0,0,0,0
11724,201027,11,7,7040405,Rathaus Tempelhof,2019,11,6,3,2,1,7,1,0,1,0,0,0,1,0
11725,201028,11,6,6030504,Teltower Damm,2019,11,14,3,2,1,5,0,0,1,0,0,0,0,0
11726,201029,11,12,12214528,Tegeler Forst,2019,11,13,3,3,3,6,0,1,1,0,0,0,0,0
11727,201030,11,1,1011104,Körnerstraße,2019,11,13,3,3,0,2,0,1,1,0,0,0,0,0
11728,201031,11,1,1044102,Schillerpark,2019,11,11,3,3,5,7,0,0,1,0,0,0,0,0
11729,201032,11,1,1011204,Leipziger Straße,2019,11,9,3,3,5,2,0,1,1,0,0,0,0,0
11730,201033,11,12,12103218,Teichstraße,2019,11,18,3,3,5,2,2,0,1,0,1,0,0,0
11731,201034,11,12,12214125,Waldidyll/Flughafensee,2019,11,18,3,3,2,6,2,0,1,0,0,0,1,0
11732,201035,11,10,10040830,Kaulsdorf Süd,2019,11,18,3,3,5,2,2,1,1,0,0,0,0,0
11733,201036,11,9,9041601,Müggelheim,2019,11,17,3,3,6,2,2,0,1,1,0,0,0,0
11734,201037,11,4,4010102,Plötzensee,2019,11,17,3,3,0,6,2,0,1,0,0,0,1,0
11735,201038,11,7,7070703,John-Locke-Straße,2019,11,16,3,3,5,2,2,0,1,0,0,0,0,0
11736,201039,11,1,1011204,Leipziger Straße,2019,11,16,3,3,5,3,2,1,1,0,0,0,0,0
11737,201040,11,11,11020412,Hauptstraße,2019,11,15,3,3,2,6,0,0,1,0,0,0,0,0
11738,201041,11,1,1011301,Charitéviertel,2019,11,15,2,3,2,6,0,1,1,0,0,0,0,0
11739,201042,11,9,9020802,Köllnische Vorstadt,2019,11,15,2,3,0,6,0,1,0,1,0,0,0,0
11740,201043,11,3,3040614,Pankow Zentrum,2019,11,7,2,2,5,2,2,1,1,0,0,0,0,0
11741,201044,11,1,1011102,Großer Tiergarten,2019,11,6,2,2,6,2,1,0,1,1,0,0,0,0
11742,201045,11,8,8020620,Tempelhofer Weg,2019,11,6,2,3,5,3,1,1,0,0,0,0,1,1
11743,201046,11,1,1022104,Emdener Straße,2019,11,12,2,2,3,6,0,1,1,0,0,0,0,0
11744,201047,11,7,7060604,Marienfelde Süd,2019,11,12,2,3,0,3,0,1,0,0,0,0,1,0
11745,201048,11,1,1011303,Alexanderplatzviertel,2019,11,11,2,3,2,6,0,0,1,0,0,0,0,0
11746,201049,11,12,12231102,Frohnau,2019,11,11,2,3,5,2,0,0,1,0,0,0,1,0
11747,201050,11,12,12224230,Heiligensee,2019,11,10,2,3,5,7,0,1,1,0,0,0,0,0
11748,201051,11,3,3071537,Kollwitzplatz,2019,11,10,2,3,5,2,0,1,0,0,0,1,0,0
11749,201052,11,6,6040809,Thielallee,2019,11,9,2,2,5,2,0,1,0,0,0,1,0,0
11750,201053,11,1,1011102,Großer Tiergarten,2019,11,19,2,3,2,6,2,0,1,0,1,0,0,0
11751,201054,11,11,11030619,Fennpfuhl Ost,2019,11,9,2,3,5,2,0,0,1,0,0,1,0,0
11752,201055,11,7,7020201,Bayerischer Platz,2019,11,18,2,3,2,3,2,0,1,0,0,0,0,0
11753,201056,11,2,2040502,Friedenstraße,2019,11,18,2,3,3,3,2,0,1,0,0,0,0,0
11754,201057,11,3,3030711,Blankenburg,2019,11,17,2,3,5,3,2,1,1,0,0,0,0,0
11755,201058,11,3,3050920,Weißer See,2019,11,17,2,3,3,6,2,0,1,0,0,0,1,0
11756,201059,11,3,3040818,Pankow Süd,2019,11,15,2,3,5,3,0,0,1,0,0,0,0,0
11757,201060,11,6,6010207,Mittelstraße,2019,11,15,2,3,0,6,1,0,1,0,0,0,1,0
11758,201061,11,9,9010302,Späthsfelde,2019,11,15,2,3,5,3,0,0,1,0,0,0,0,0
11759,201062,11,1,1022103,Westhafen,2019,11,15,2,3,5,2,0,1,1,0,0,0,0,0
11760,201063,11,10,10030725,Buckower Ring,2019,11,15,2,3,5,3,0,1,1,0,0,0,0,0
11761,201064,11,3,3061228,Erich-Weinert-Straße,2019,11,15,2,3,5,2,0,1,1,0,0,0,0,0
11762,201065,11,10,10040932,Alt-Mahlsdorf,2019,11,13,2,3,2,2,0,0,1,0,1,0,0,0
11763,201066,11,9,9020802,Köllnische Vorstadt,2019,11,13,2,3,2,6,0,0,1,0,0,0,0,0
11764,201067,11,5,5030833,Motardstraße,2019,11,12,2,3,5,3,0,0,1,0,0,0,0,0
11765,201068,11,6,6010205,Südende,2019,11,21,1,3,5,3,2,0,1,0,0,0,0,1
11766,201069,11,1,1033102,Gesundbrunnen,2019,11,20,1,3,2,6,2,0,1,0,0,0,0,0
11767,201070,11,7,7020201,Bayerischer Platz,2019,11,19,1,2,0,7,2,0,0,1,0,0,1,0
11768,201071,11,6,6020411,Schütte-Lanz-Straße,2019,11,17,1,3,5,2,2,0,1,0,1,0,0,0
11769,201072,11,8,8020625,Handwerker-Siedlung,2019,11,17,1,3,6,2,2,0,1,1,0,0,0,1
11770,201073,11,5,5010206,Gütersloher Weg,2019,11,14,1,3,5,2,0,1,1,0,0,0,0,0
11771,201074,11,12,12301203,Wittenau Süd,2019,11,13,1,3,3,6,0,1,0,0,0,0,0,0
11772,201075,11,1,1011105,Nördlicher Landwehrkanal,2019,11,14,1,3,2,6,0,0,1,0,1,0,0,0
11773,201076,11,3,3040513,Schönholz,2019,11,13,1,3,2,6,0,0,1,0,0,0,1,0
11774,201077,11,5,5010103,Amorbacher Weg,2019,11,13,1,2,0,2,0,0,1,0,0,0,1,0
11775,201078,11,2,2040703,Wriezener Bahnhof/Entwicklungsgebiet,2019,11,11,1,2,6,4,0,0,1,1,0,0,0,0
11776,201079,11,3,3050925,Komponistenviertel Weißensee,2019,11,11,1,3,5,3,0,0,1,0,0,0,0,0
11777,201080,11,11,11010309,Zingster Straße West,2019,11,10,1,2,0,1,0,0,0,0,1,0,0,1
11778,201081,11,1,1022104,Emdener Straße,2019,11,7,1,3,2,6,0,0,1,0,0,0,0,0
11779,201082,11,7,7060601,Marienfelder Allee Nordwest,2019,11,5,1,3,6,7,2,0,1,1,1,0,0,1
11780,201083,11,3,3061131,Falkplatz,2019,11,0,1,3,0,5,2,0,0,0,1,0,1,1
11781,201084,11,11,11030721,Rüdigerstraße,2019,11,18,7,2,5,3,2,0,1,0,1,0,0,1
11782,201085,11,4,4051549,Rathaus Wilmersdorf,2019,11,15,7,3,5,3,0,0,1,1,0,0,0,0
11783,201086,11,1,1011103,Lützowstraße,2019,11,17,7,3,1,5,2,1,1,0,0,0,0,1
11784,201087,11,5,5030730,Zitadellenweg,2019,11,17,7,3,2,7,2,0,1,0,0,0,0,1
11785,201088,11,1,1033101,Soldiner Straße,2019,11,17,7,3,2,2,2,0,1,0,0,0,0,1
11786,201089,11,8,8010404,Rixdorf,2019,11,16,7,3,5,2,2,1,1,0,0,0,0,1
11787,201090,11,4,4010101,Jungfernheide,2019,11,15,7,2,5,2,0,0,1,0,0,0,0,1
11788,201091,11,11,11020412,Hauptstraße,2019,11,20,7,3,9,1,2,0,1,0,0,0,0,1
11789,201092,11,9,9020501,Oberschöneweide West,2019,11,14,7,3,5,2,0,0,1,0,0,0,0,1
11790,201093,11,8,8010214,Glasower Straße,2019,11,14,7,3,5,2,0,0,1,0,0,0,0,1
11791,201094,11,1,1011402,Arkonaplatz,2019,11,14,7,3,6,2,0,0,1,1,0,0,0,1
11792,201095,11,6,6030610,Lichterfelde West,2019,11,14,7,3,5,3,0,0,1,0,0,0,0,1
11793,201096,11,5,5010310,Eckschanze,2019,11,19,7,2,0,1,2,0,0,0,1,0,0,1
11794,201097,11,1,1011101,Stülerstraße,2019,11,14,7,3,0,1,0,0,0,0,1,0,0,1
11795,201098,11,8,8010211,Flughafenstraße,2019,11,14,7,3,6,2,0,0,1,1,0,0,0,1
11796,201099,11,1,1044201,Reinickendorfer Straße,2019,11,14,7,3,2,6,0,0,1,0,0,0,1,1
11797,201100,11,1,1011303,Alexanderplatzviertel,2019,11,18,7,2,1,5,2,0,1,0,0,0,0,0
11798,201101,11,12,12214424,Scharnweberstraße,2019,11,18,7,3,5,7,2,0,1,0,0,0,0,1
11799,201102,11,1,1011302,Oranienburger Straße,2019,11,13,7,3,5,3,0,1,1,0,0,0,0,1
11800,201103,11,7,7030302,Ceciliengärten,2019,11,18,7,3,0,6,2,0,0,0,1,0,1,1
11801,201104,11,7,7040404,Marienhöhe,2019,11,13,7,3,4,7,0,0,1,0,0,0,0,1
11802,201105,11,8,8010301,Reuterkiez,2019,11,12,7,3,3,6,0,0,1,0,1,0,0,1
11803,201106,11,9,9020502,Oberschöneweide Ost,2019,11,12,7,3,5,2,0,0,1,0,0,0,0,1
11804,201107,11,8,8020622,Parchimer Allee,2019,11,11,7,3,2,6,0,0,1,0,0,0,0,1
11805,201108,11,8,8010118,Silbersteinstraße,2019,11,11,7,3,2,6,0,0,1,0,0,0,0,1
11806,201109,11,5,5030731,Gartenfelder Straße,2019,11,0,7,3,1,1,2,0,1,0,0,0,1,1
11807,201110,11,2,2040703,Wriezener Bahnhof/Entwicklungsgebiet,2019,11,0,7,3,0,1,2,1,0,0,0,0,0,1
11808,201111,11,6,6030610,Lichterfelde West,2019,11,23,7,3,5,2,2,0,1,0,0,0,0,1
11809,201112,11,1,1011306,Heine-Viertel Ost,2019,11,23,7,3,1,5,2,1,1,0,0,0,1,0
11810,201113,11,2,2050803,Stralauer Kiez,2019,11,22,7,3,5,2,2,1,1,0,0,0,0,1
11811,201114,11,12,12214125,Waldidyll/Flughafensee,2019,11,22,7,3,2,6,2,0,1,0,0,0,0,0
11812,201115,11,1,1033201,Brunnenstraße,2019,11,21,7,2,6,2,2,0,1,1,0,0,0,0
11813,201116,11,5,5020626,Adamstraße,2019,11,21,7,2,2,6,2,0,1,0,0,0,0,1
11814,201117,11,2,2020206,Graefekiez,2019,11,21,7,3,2,6,2,0,1,0,0,0,0,1
11815,201118,11,1,1022206,Lüneburger Straße,2019,11,18,7,3,0,1,2,1,0,0,0,0,0,1
11816,201119,11,1,1033203,Humboldthain Nordwest,2019,11,11,6,3,5,2,0,1,1,0,0,0,0,0
11817,201120,11,10,10020517,Adele-Sandrock-Straße,2019,11,23,6,3,1,5,2,0,1,0,0,1,0,1
11818,201121,11,4,4030930,George-Grosz-Platz,2019,11,23,6,3,5,3,2,0,1,0,0,0,0,1
11819,201122,11,2,2010104,Wassertorplatz,2019,11,22,6,3,2,6,2,0,1,0,0,0,0,1
11820,201123,11,10,10040933,Mahlsdorf Süd,2019,11,22,6,2,4,6,2,0,1,0,0,0,0,1
11821,201124,11,5,5020521,Döberitzer Weg,2019,11,21,6,3,5,2,2,0,1,0,0,0,0,1
11822,201125,11,9,9010202,Köpenicker Landstraße,2019,11,20,6,3,5,2,2,0,1,0,0,0,0,1
11823,201126,11,2,2020206,Graefekiez,2019,11,20,6,3,6,2,2,0,1,1,0,0,0,1
11824,201127,11,1,1033203,Humboldthain Nordwest,2019,11,19,6,2,6,4,2,0,1,1,0,0,0,1
11825,201128,11,5,5020625,Borkumer Straße,2019,11,19,6,3,5,2,2,0,1,0,1,0,0,1
11826,201129,11,6,6010205,Südende,2019,11,18,6,3,5,3,2,0,1,0,0,0,0,1
11827,201130,11,12,12301203,Wittenau Süd,2019,11,18,6,3,5,3,2,0,1,0,1,0,0,0
11828,201131,11,12,12214424,Scharnweberstraße,2019,11,18,6,2,6,7,1,0,1,1,0,0,0,0
11829,201132,11,3,3040818,Pankow Süd,2019,11,10,6,3,5,2,0,0,1,0,1,0,0,0
11830,201133,11,2,2020204,Urbanstraße,2019,11,9,6,3,3,6,0,0,1,0,0,0,0,0
11831,201134,11,11,11020515,Landsberger Allee,2019,11,14,6,2,6,4,0,0,0,1,0,1,0,0
11832,201135,11,5,5020523,Maulbeerallee,2019,11,9,6,3,5,5,0,0,1,0,0,0,0,0
11833,201136,11,3,3040512,Wilhelmsruh,2019,11,14,6,3,5,3,0,0,1,0,0,0,0,0
11834,201137,11,8,8010117,Schillerpromenade,2019,11,13,6,3,5,2,0,1,1,0,0,0,0,0
11835,201138,11,12,12214422,Klixstraße,2019,11,8,6,3,1,5,0,0,1,0,0,0,0,0
11836,201139,11,8,8010212,Rollberg,2019,11,11,6,3,1,7,0,0,1,0,0,0,0,0
11837,201140,11,4,4030519,Kaiserin-Augusta-Allee,2019,11,11,6,3,5,3,0,0,1,0,1,0,0,0
11838,201141,11,2,2020206,Graefekiez,2019,11,11,6,3,2,6,0,0,1,0,0,0,0,0
11839,201142,11,2,2040502,Friedenstraße,2019,11,8,6,3,5,3,0,1,0,0,1,0,0,0
11840,201143,11,7,7070702,Alt-Lichtenrade/Töpchiner Weg,2019,11,7,6,3,5,3,0,1,1,0,0,0,0,0
11841,201144,11,7,7060604,Marienfelde Süd,2019,11,6,6,3,0,2,1,1,1,0,0,0,0,0
11842,201145,11,5,5010314,Carl-Schurz-Straße,2019,11,6,6,3,9,1,2,0,1,0,0,0,0,0
11843,201146,11,11,11030618,Fennpfuhl West,2019,11,17,6,2,6,4,2,0,1,1,0,0,0,0
11844,201147,11,4,4030725,Amtsgerichtsplatz,2019,11,17,6,3,1,5,2,1,1,0,0,0,0,1
11845,201148,11,4,4020314,Messegelände,2019,11,17,6,3,3,2,2,0,1,0,0,1,0,1
11846,201149,11,8,8010303,Donaustraße,2019,11,17,6,3,6,4,2,0,0,1,0,0,1,0
11847,201150,11,12,12304314,Ziekowstraße/Freie Scholle,2019,11,16,6,3,5,2,1,1,1,0,0,0,0,1
11848,201151,11,8,8010118,Silbersteinstraße,2019,11,16,6,3,1,5,2,1,1,0,0,0,0,0
11849,201152,11,8,8041036,Zittauer Straße,2019,11,13,6,3,6,4,0,0,1,1,0,0,0,0
11850,201153,11,1,1033101,Soldiner Straße,2019,11,16,6,3,6,4,1,0,1,1,0,0,0,1
11851,201154,11,5,5010314,Carl-Schurz-Straße,2019,11,15,6,3,2,7,1,1,1,0,0,0,0,1
11852,201155,11,5,5020524,Weinmeisterhornweg,2019,11,16,6,3,6,2,1,0,1,1,0,0,0,1
11853,201156,11,2,2030302,Lausitzer Platz,2019,11,9,6,3,3,5,0,1,1,0,0,0,0,0
11854,201157,11,3,3020209,Niederschönhausen,2019,11,15,6,3,1,5,0,1,1,0,0,0,0,0
11855,201158,11,4,4031032,Halensee,2019,11,15,6,3,5,2,1,0,1,0,0,0,0,0
11856,201159,11,3,3061131,Falkplatz,2019,11,15,6,3,5,3,0,1,1,0,0,0,0,0
11857,201160,11,9,9051801,Rahnsdorf/Hessenwinkel,2019,11,15,6,3,5,3,0,1,1,0,0,0,0,0
11858,201161,11,1,1022106,Elberfelder Straße,2019,11,15,6,3,2,6,0,1,1,0,0,0,0,2
11859,201162,11,4,4030930,George-Grosz-Platz,2019,11,15,6,3,5,2,0,1,0,0,1,0,0,0
11860,201163,11,2,2040701,Andreasviertel,2019,11,16,5,3,6,4,1,0,1,1,0,0,0,1
11861,201164,11,1,1011105,Nördlicher Landwehrkanal,2019,11,8,5,3,0,5,1,1,1,0,0,0,0,0
11862,201165,11,2,2010104,Wassertorplatz,2019,11,20,5,3,2,2,2,0,1,0,0,0,0,0
11863,201166,11,10,10010311,Landsberger Tor,2019,11,20,5,3,9,1,2,0,1,0,0,0,0,0
11864,201167,11,12,12302107,Schorfheidestraße,2019,11,19,5,3,6,2,2,0,1,1,0,0,0,0
11865,201168,11,8,8010212,Rollberg,2019,11,17,5,3,0,6,2,0,1,0,0,0,1,0
11866,201169,11,11,10010203,Gewerbegebiet Bitterfelder Straße,2019,11,17,5,3,2,6,2,0,1,0,0,0,0,0
11867,201170,11,1,1033203,Humboldthain Nordwest,2019,11,17,5,3,6,2,2,0,1,1,0,0,0,0
11868,201171,11,6,6010102,Schloßstraße,2019,11,17,5,3,3,2,1,1,1,0,0,0,0,0
11869,201172,11,11,11051332,Karlshorst Süd,2019,11,16,5,3,0,2,2,0,1,0,0,0,1,0
11870,201173,11,2,2030301,Oranienplatz,2019,11,18,5,3,3,5,2,1,1,0,0,0,0,0
11871,201174,11,1,1011203,Unter den Linden Süd,2019,11,15,5,3,2,2,0,1,1,0,0,0,0,0
11872,201175,11,1,1044202,Sparrplatz,2019,11,15,5,3,2,2,0,0,1,0,0,0,0,0
11873,201176,11,9,9020501,Oberschöneweide West,2019,11,14,5,3,2,6,0,0,1,0,0,0,0,0
11874,201177,11,7,7010102,Nollendorfplatz,2019,11,17,5,3,5,2,2,0,1,0,1,0,0,0
11875,201178,11,9,9031101,Grünau,2019,11,17,5,3,5,2,2,0,1,0,0,0,1,0
11876,201179,11,3,3020209,Niederschönhausen,2019,11,13,5,2,5,3,0,0,1,0,0,0,0,2
11877,201180,11,6,6040804,Krumme Lanke,2019,11,17,5,2,1,5,2,1,1,0,0,0,0,1
11878,201181,11,12,12304314,Ziekowstraße/Freie Scholle,2019,11,12,5,3,2,6,0,0,1,0,0,0,0,0
11879,201182,11,2,2040502,Friedenstraße,2019,11,12,5,3,4,6,0,1,0,0,0,0,1,0
11880,201183,11,4,4030519,Kaiserin-Augusta-Allee,2019,11,8,5,3,6,7,0,0,0,1,0,0,1,0
11881,201184,11,11,11030720,Herzbergstraße,2019,11,8,5,3,0,2,0,1,1,0,0,0,0,0
11882,201185,11,1,1011102,Großer Tiergarten,2019,11,8,5,3,1,5,0,1,1,0,0,0,1,1
11883,201186,11,4,4041344,Rüdesheimer Platz,2019,11,7,5,3,5,3,0,1,1,0,0,0,0,0
11884,201187,11,3,3040513,Schönholz,2019,11,7,5,3,2,1,0,0,1,0,0,0,0,1
11885,201188,11,7,7040403,Manteuffelstraße,2019,11,7,5,3,5,2,0,1,1,0,0,0,0,0
11886,201189,11,5,5010206,Gütersloher Weg,2019,11,5,5,3,6,4,2,0,0,1,0,0,1,1
11887,201190,11,6,6030501,Berlepschstraße,2019,11,14,4,3,6,4,0,0,1,1,0,0,0,0
11888,201191,11,1,1011204,Leipziger Straße,2019,11,8,4,3,5,3,0,1,1,0,0,0,0,1
11889,201192,11,7,7050501,Rathausstraße,2019,11,8,4,2,0,5,0,0,1,0,0,0,1,1
11890,201193,11,1,1022207,Hansaviertel,2019,11,9,4,3,5,2,0,1,1,0,0,0,0,1
11891,201194,11,11,11020513,Orankesee,2019,11,8,4,3,6,4,0,0,1,1,0,0,0,1
11892,201195,11,8,8010117,Schillerpromenade,2019,11,8,4,3,3,6,0,0,1,0,0,1,0,1
11893,201196,11,10,10020415,Hellersdorfer Promenade,2019,11,8,4,3,5,2,0,0,1,0,0,0,"812083,7893",Hellersdorfer Promenade
11894,201197,11,10,10030724,Oberfeldstraße,2019,11,7,4,3,6,2,1,0,1,1,0,0,0,1
11895,201198,11,3,3050920,Weißer See,2019,11,6,4,3,0,3,0,0,1,0,1,0,0,1
11896,201199,11,11,11020412,Hauptstraße,2019,11,6,4,3,5,2,2,1,1,0,0,0,0,1
11897,201200,11,4,4051551,Brabanter Platz,2019,11,1,4,3,5,2,2,0,1,0,0,0,1,1
11898,201201,11,6,6020409,Königsberger Straße,2019,11,23,4,3,8,1,2,0,1,0,0,0,0,0
11899,201202,11,7,7050505,Hundsteinweg,2019,11,18,4,3,0,2,2,0,1,0,1,0,0,1
11900,201203,11,4,4030725,Amtsgerichtsplatz,2019,11,20,4,3,0,5,2,0,1,0,1,0,0,1
11901,201204,11,1,1033202,Humboldthain Süd,2019,11,6,4,3,0,5,2,0,1,0,0,0,1,1
11902,201205,11,9,9020802,Köllnische Vorstadt,2019,11,17,4,3,5,2,2,1,1,0,0,0,0,1
11903,201206,11,2,2030301,Oranienplatz,2019,11,16,4,3,0,5,1,1,1,0,0,0,0,1