,object id,city,district,sub district key,street,year,month,hour of day,weekday,category,accident type,accident type 2,light situation,bike involved,car involved,pedestrian involved,motor bike involved,big track involved,other vehicle involved,road condition
11904,201207,11,1,1022201,Stephankiez,2019,11,18,4,3,6,7,2,0,0,1,0,0,1,1
11905,201208,11,3,3051017,Rennbahnstraße,2019,11,16,4,2,6,2,2,0,1,1,0,0,0,1
11906,201209,11,3,3040818,Pankow Süd,2019,11,16,4,2,5,3,2,0,1,0,0,0,0,1
11907,201210,11,1,1033202,Humboldthain Süd,2019,11,15,4,2,5,3,1,1,1,0,0,0,0,1
11908,201211,11,11,11041128,Sewanstraße,2019,11,15,4,3,5,3,0,1,1,0,0,0,0,1
11909,201212,11,1,1011305,Heine-Viertel West,2019,11,19,4,3,5,2,2,0,1,0,0,0,1,1
11910,201213,11,1,1044203,Leopoldplatz,2019,11,15,4,3,2,6,0,0,1,0,0,0,0,1
11911,201214,11,12,12214424,Scharnweberstraße,2019,11,15,4,3,5,3,0,0,1,0,0,0,0,1
11912,201215,11,11,11040925,Victoriastadt,2019,11,14,4,3,5,3,0,1,1,0,0,0,0,1
11913,201216,11,2,2050802,Boxhagener Platz,2019,11,14,4,2,6,4,0,0,1,1,0,0,0,1
11914,201217,11,9,9020702,Adlershof Ost,2019,11,13,4,3,3,6,0,1,0,0,0,0,1,1
11915,201218,11,7,7040401,Neu-Tempelhof,2019,11,13,4,3,1,5,0,1,1,0,0,0,0,1
11916,201219,11,3,3040512,Wilhelmsruh,2019,11,13,4,3,5,3,0,0,1,0,0,0,0,1
11917,201220,11,11,11051330,Karlshorst West,2019,11,11,4,3,5,3,0,0,1,0,1,0,0,1
11918,201221,11,8,8010405,Hertzbergplatz,2019,11,11,4,3,5,3,0,1,1,0,0,0,0,1
11919,201222,11,6,6030605,Botanischer Garten,2019,11,10,4,3,2,6,0,0,1,0,1,0,0,1
11920,201223,11,10,10040830,Kaulsdorf Süd,2019,11,9,4,2,5,3,0,0,1,0,0,0,0,1
11921,201224,11,1,1011304,Karl-Marx-Allee,2019,11,8,4,3,5,2,0,1,1,0,0,0,0,1
11922,201225,11,1,1011301,Charitéviertel,2019,11,16,4,3,0,1,2,0,0,0,1,0,0,1
11923,201226,11,6,6010210,Bismarckstraße,2019,11,9,3,3,6,7,0,0,1,1,0,0,0,0
11924,201227,11,2,2050801,Traveplatz,2019,11,17,3,3,0,7,2,0,0,0,1,0,0,1
11925,201228,11,1,1022104,Emdener Straße,2019,11,21,3,3,1,5,2,1,1,0,0,0,0,0
11926,201229,11,7,7030303,Grazer Platz,2019,11,20,3,3,1,6,2,0,1,0,0,0,0,0
11927,201230,11,1,1011105,Nördlicher Landwehrkanal,2019,11,18,3,3,5,2,2,0,1,0,1,0,0,1
11928,201231,11,2,2030301,Oranienplatz,2019,11,19,3,2,6,4,2,0,1,1,0,0,0,1
11929,201232,11,11,11030619,Fennpfuhl Ost,2019,11,19,3,3,2,6,2,0,1,0,0,0,0,1
11930,201233,11,7,7040403,Manteuffelstraße,2019,11,22,3,3,5,2,2,0,1,0,1,0,0,0
11931,201234,11,12,12103117,Letteplatz,2019,11,21,3,3,6,2,2,0,1,1,0,0,0,1
11932,201235,11,8,8010404,Rixdorf,2019,11,0,3,3,6,2,2,0,1,1,0,0,0,0
11933,201236,11,1,1011204,Leipziger Straße,2019,11,11,3,3,6,7,0,0,1,1,0,0,0,1
11934,201237,11,6,6020302,Komponistenviertel Lankwitz,2019,11,10,3,3,2,2,0,0,1,0,0,0,1,0
11935,201238,11,3,3010101,Bucher Forst,2019,11,10,3,3,0,3,0,0,1,0,1,0,0,1
11936,201239,11,8,8010301,Reuterkiez,2019,11,10,3,3,1,5,0,1,1,0,0,0,0,0
11937,201240,11,1,1011102,Großer Tiergarten,2019,11,9,3,3,6,4,0,1,0,1,0,0,0,1
11938,201241,11,3,3030406,Alt-Karow,2019,11,9,3,2,0,2,0,0,1,0,0,0,1,0
11939,201242,11,3,3050923,Weißenseer Spitze,2019,11,9,3,3,0,1,0,0,0,0,1,0,0,0
11940,201243,11,8,8030831,Gropiusstadt Ost,2019,11,8,3,3,5,3,0,0,1,0,0,0,0,1
11941,201244,11,3,3050923,Weißenseer Spitze,2019,11,8,3,2,0,3,0,1,1,0,0,0,0,1
11942,201245,11,6,6010206,Stadtpark,2019,11,8,3,2,6,4,0,0,1,1,0,0,0,1
11943,201246,11,7,7020203,Kaiser-Wilhelm-Platz,2019,11,7,3,3,6,4,0,0,1,1,0,0,0,0
11944,201247,11,1,1044201,Reinickendorfer Straße,2019,11,8,3,3,0,4,0,0,0,1,1,0,0,1
11945,201248,11,2,2020203,Viktoriapark,2019,11,7,3,3,1,5,0,0,1,0,0,0,0,0
11946,201249,11,11,11010310,Mühlengrund,2019,11,7,3,3,5,2,0,1,0,0,0,0,1,0
11947,201250,11,11,11030618,Fennpfuhl West,2019,11,7,3,3,0,1,0,1,0,0,0,0,0,1
11948,201251,11,11,11030618,Fennpfuhl West,2019,11,6,3,3,5,2,1,1,0,0,0,0,0,0
11949,201252,11,3,3040614,Pankow Zentrum,2019,11,2,3,3,8,1,2,0,1,0,0,0,0,1
11950,201253,11,4,4010102,Plötzensee,2019,11,18,3,3,0,1,2,1,0,0,0,0,0,0
11951,201254,11,3,3040614,Pankow Zentrum,2019,11,17,3,3,0,1,1,0,0,0,1,0,0,1
11952,201255,11,7,7020204,Schöneberger Insel,2019,11,17,3,3,0,1,2,0,0,0,1,0,0,1
11953,201256,11,12,12214125,Waldidyll/Flughafensee,2019,11,16,3,3,5,3,2,1,1,0,0,0,0,1
11954,201257,11,7,7020204,Schöneberger Insel,2019,11,16,3,3,3,6,0,0,1,0,1,0,0,1
11955,201258,11,11,11030721,Rüdigerstraße,2019,11,17,3,3,5,7,2,0,1,0,1,0,0,1
11956,201259,11,1,1011302,Oranienburger Straße,2019,11,15,3,3,0,4,1,1,0,1,0,0,0,1
11957,201260,11,2,2040502,Friedenstraße,2019,11,15,3,3,5,2,1,1,1,0,0,0,0,1
11958,201261,11,4,4041238,Kissinger Straße,2019,11,15,3,3,5,2,0,1,1,0,0,0,0,1
11959,201262,11,7,7050501,Rathausstraße,2019,11,15,3,3,1,5,0,0,1,0,0,0,0,0
11960,201263,11,2,2030301,Oranienplatz,2019,11,14,3,3,5,3,0,1,1,0,0,0,0,1
11961,201264,11,2,2020203,Viktoriapark,2019,11,14,3,2,5,2,0,1,1,0,0,0,0,1
11962,201265,11,9,9010401,Johannisthal West,2019,11,16,3,3,2,6,2,0,1,0,0,0,0,0
11963,201266,11,1,1011203,Unter den Linden Süd,2019,11,13,3,3,5,2,0,1,1,0,0,0,0,1
11964,201267,11,1,1033201,Brunnenstraße,2019,11,12,3,3,5,3,0,0,1,0,1,0,0,0
11965,201268,11,6,6040810,Dahlem,2019,11,12,3,3,5,3,0,1,1,0,0,0,0,0
11966,201269,11,7,7010102,Nollendorfplatz,2019,11,12,3,3,0,1,0,0,0,0,1,0,0,1
11967,201270,11,3,3040614,Pankow Zentrum,2019,11,12,3,3,5,3,0,1,0,0,0,0,0,0
11968,201271,11,1,1022104,Emdener Straße,2019,11,11,3,3,3,6,0,1,1,0,0,0,0,1
11969,201272,11,4,4041238,Kissinger Straße,2019,11,5,3,3,1,5,2,1,1,0,0,0,0,0
11970,201273,11,1,1022201,Stephankiez,2019,11,22,2,3,0,1,2,0,0,0,1,0,0,1
11971,201274,11,1,1011305,Heine-Viertel West,2019,11,21,2,3,2,2,2,0,1,0,1,0,0,1
11972,201275,11,1,1022207,Hansaviertel,2019,11,20,2,3,2,6,2,0,1,0,0,0,1,1
11973,201276,11,1,1044103,Westliche Müllerstraße,2019,11,18,2,3,7,7,1,1,0,0,0,0,0,1
11974,201277,11,4,4030828,Savignyplatz,2019,11,19,2,3,6,4,2,0,1,1,0,0,0,1
11975,201278,11,1,1044202,Sparrplatz,2019,11,17,2,3,1,5,2,0,1,0,0,0,1,1
11976,201279,11,7,7050503,Eisenacher Straße,2019,11,13,2,3,2,6,0,0,1,0,0,0,0,1
11977,201280,11,7,7010102,Nollendorfplatz,2019,11,14,2,3,6,4,0,0,1,1,0,0,0,0
11978,201281,11,12,12301205,Waidmannslust,2019,11,14,2,3,5,7,0,0,1,0,0,0,0,1
11979,201282,11,12,12103218,Teichstraße,2019,11,18,2,3,5,2,1,1,1,0,0,0,0,1
11980,201283,11,9,9051901,Dammvorstadt,2019,11,14,2,3,5,7,0,0,1,0,0,0,1,0
11981,201284,11,3,3050920,Weißer See,2019,11,14,2,3,6,4,0,0,1,1,0,0,0,1
11982,201285,11,12,12302107,Schorfheidestraße,2019,11,18,2,3,5,3,1,0,1,0,0,0,0,1
11983,201286,11,4,4051448,Schaperstraße,2019,11,18,2,3,5,2,2,0,1,0,1,0,0,1
11984,201287,11,7,7050503,Eisenacher Straße,2019,11,14,2,3,6,4,0,0,1,1,0,0,0,0
11985,201288,11,6,6030609,Augustaplatz,2019,11,18,2,3,5,2,2,1,1,0,0,0,0,1
11986,201289,11,5,5030730,Zitadellenweg,2019,11,18,2,3,2,6,2,0,1,0,0,0,0,1
11987,201290,11,2,2020203,Viktoriapark,2019,11,13,2,3,2,6,1,0,1,0,0,0,0,1
11988,201291,11,9,9010201,Am Treptower Park Süd,2019,11,17,2,3,6,2,2,0,1,1,0,0,0,1
11989,201292,11,1,1044203,Leopoldplatz,2019,11,13,2,3,0,3,0,0,1,0,1,0,0,1
11990,201293,11,7,7060603,Marienfelde Nordost,2019,11,13,2,3,1,5,0,0,1,0,0,0,0,0
11991,201294,11,3,3030406,Alt-Karow,2019,11,13,2,3,5,3,0,0,1,0,0,0,1,1
11992,201295,11,4,4051445,Eisenzahnstraße,2019,11,13,2,3,5,3,0,0,1,0,0,0,0,1
11993,201296,11,6,6020305,Gemeindepark Lankwitz,2019,11,12,2,2,5,3,0,1,1,0,0,0,0,1
11994,201297,11,10,10040931,Mahlsdorf Nord,2019,11,12,2,3,0,3,0,0,1,0,0,0,0,1
11995,201298,11,1,1044203,Leopoldplatz,2019,11,16,2,3,6,4,2,0,1,1,0,0,0,1
11996,201299,11,4,4020311,Reichsstraße,2019,11,15,4,2,6,7,0,0,1,1,0,0,0,0
11997,201300,11,1,1022106,Elberfelder Straße,2019,11,15,4,2,5,2,0,1,1,0,0,0,0,0
11998,201301,11,12,12103218,Teichstraße,2019,11,16,2,3,1,5,1,1,0,0,0,0,1,0
11999,201302,11,8,8010508,Weiße Siedlung,2019,11,10,2,2,5,2,0,1,0,0,0,1,0,1
12000,201303,11,6,6030605,Botanischer Garten,2019,11,15,2,3,5,2,0,0,0,0,1,1,0,0
12001,201304,11,8,8010213,Körnerpark,2019,11,15,4,3,6,4,0,0,1,1,0,0,0,0
12002,201305,11,5,5030833,Motardstraße,2019,11,10,2,3,4,6,0,0,1,0,0,0,0,1
12003,201306,11,4,4030724,Lietzensee,2019,11,10,4,3,2,6,0,1,1,0,0,0,0,0
12004,201307,11,9,9020801,Spindlersfeld,2019,11,9,2,3,3,6,0,0,1,0,0,0,0,1
12005,201308,11,1,1022104,Emdener Straße,2019,11,6,2,3,6,2,1,0,1,1,0,0,0,0
12006,201309,11,8,8010510,Gewerbegebiet Köllnische Heide,2019,11,8,4,3,0,3,0,0,1,0,0,0,1,0
12007,201310,11,8,8041036,Zittauer Straße,2019,11,8,2,3,5,3,0,1,1,0,0,0,0,1
12008,201311,11,6,6040810,Dahlem,2019,11,7,2,3,5,2,0,1,1,0,0,0,0,1
12009,201312,11,9,9010302,Späthsfelde,2019,11,7,2,3,2,6,0,0,1,0,0,0,0,1
12010,201313,11,12,12103117,Letteplatz,2019,11,8,4,3,5,2,0,0,1,0,0,0,0,0
12011,201314,11,11,11041128,Sewanstraße,2019,11,6,2,3,5,2,1,0,1,0,1,0,0,1
12012,201315,11,1,1033203,Humboldthain Nordwest,2019,11,7,2,3,0,6,1,1,1,0,0,0,0,1
12013,201316,11,11,11051330,Karlshorst West,2019,11,7,4,3,5,3,0,1,1,0,0,0,0,0
12014,201317,11,5,5020627,Tiefwerder,2019,11,7,2,3,5,2,0,0,1,0,0,0,1,1
12015,201318,11,10,10020622,Kaulsdorf Nord I,2019,11,6,4,2,5,2,2,0,1,0,1,0,0,0
12016,201319,11,7,7040402,Lindenhofsiedlung,2019,11,6,2,3,6,2,1,0,1,1,0,0,0,1
12017,201320,11,11,11040925,Victoriastadt,2019,11,6,2,3,6,4,2,0,0,1,1,0,0,1
12018,201321,11,1,1011102,Großer Tiergarten,2019,11,8,4,3,2,3,0,1,0,0,0,0,0,0
12019,201322,11,3,3061430,Volkspark Prenzlauer Berg,2019,11,16,4,3,5,2,2,1,0,0,0,0,1,0
12020,201323,11,12,12304314,Ziekowstraße/Freie Scholle,2019,11,13,1,3,0,7,0,0,0,0,1,0,0,1
12021,201324,11,12,12302109,Treuenbrietzener Straße,2019,11,5,1,2,1,5,2,0,1,0,0,0,0,1
12022,201325,11,9,9010402,Johannisthal Ost,2019,11,11,3,3,5,7,0,0,0,0,0,0,1,0
12023,201326,11,1,1022106,Elberfelder Straße,2019,11,10,3,3,2,2,0,0,1,0,0,0,0,0
12024,201327,11,2,2050802,Boxhagener Platz,2019,11,3,1,3,0,1,2,1,0,1,0,0,0,1
12025,201328,11,3,3020210,Herthaplatz,2019,11,1,1,3,2,6,2,0,1,0,1,0,0,1
12026,201329,11,8,8020622,Parchimer Allee,2019,11,17,1,3,2,7,2,0,1,0,0,0,0,1
12027,201330,11,2,2050801,Traveplatz,2019,11,10,3,3,5,2,0,1,0,0,0,0,1,0
12028,201331,11,9,9041501,Altstadt Kietz,2019,11,17,1,3,0,1,2,1,0,0,0,0,0,1
12029,201332,11,1,1033202,Humboldthain Süd,2019,11,8,3,3,5,2,0,1,1,0,0,0,0,0
12030,201333,11,1,1033102,Gesundbrunnen,2019,11,15,1,3,5,3,0,1,1,0,0,0,0,1
12031,201334,11,1,1044201,Reinickendorfer Straße,2019,11,15,1,3,2,6,0,0,1,0,0,0,0,0
12032,201335,11,11,11051331,Karlshorst Nord,2019,11,8,3,3,5,3,0,0,1,0,0,0,1,0
12033,201336,11,3,3040513,Schönholz,2019,11,15,1,3,5,3,0,1,1,0,0,0,0,1
12034,201337,11,5,5030833,Motardstraße,2019,11,14,1,3,0,7,0,0,0,0,1,0,0,1
12035,201338,11,1,1033101,Soldiner Straße,2019,11,15,1,3,5,3,0,0,1,0,0,0,0,0
12036,201339,11,5,5010339,Freiheit,2019,11,8,3,3,5,7,0,0,1,0,0,0,0,0
12037,201340,11,2,2040502,Friedenstraße,2019,11,8,3,3,2,6,0,0,1,0,0,0,0,0
12038,201341,11,3,3051017,Rennbahnstraße,2019,11,14,1,3,0,1,0,1,0,0,0,0,0,1
12039,201342,11,2,2050802,Boxhagener Platz,2019,11,6,1,3,1,5,2,0,1,0,0,0,0,1
12040,201343,11,1,1011301,Charitéviertel,2019,11,8,3,2,5,2,0,1,1,0,0,0,0,0
12041,201344,11,6,6040807,Zehlendorf Eiche,2019,11,21,1,3,2,7,2,0,1,0,0,0,0,1
12042,201345,11,4,4030726,Droysenstraße,2019,11,19,5,3,6,2,2,0,1,1,0,0,0,1
12043,201346,11,5,5020523,Maulbeerallee,2019,11,18,5,3,5,3,2,0,0,0,1,0,0,1
12044,201347,11,12,12214424,Scharnweberstraße,2019,11,18,5,3,6,4,2,0,1,1,0,0,0,1
12045,201348,11,9,9010302,Späthsfelde,2019,11,7,5,3,2,6,0,0,1,0,0,1,0,0
12046,201349,11,8,8020727,Buckow Mitte,2019,11,6,5,3,6,4,1,0,1,1,0,0,0,0
12047,201350,11,3,3061126,Arnimplatz,2019,11,5,5,3,6,4,2,0,1,1,0,0,0,1
12048,201351,11,5,5010314,Carl-Schurz-Straße,2019,11,7,5,3,5,2,0,0,1,0,0,0,1,0
12049,201352,11,3,3020307,Buchholz,2019,11,8,4,3,0,2,0,1,1,0,0,0,0,1
12050,201353,11,2,2040701,Andreasviertel,2019,11,21,4,3,5,3,2,0,1,0,0,0,0,1
12051,201354,11,11,11010310,Mühlengrund,2019,11,19,4,3,6,4,2,0,1,1,0,0,0,0
12052,201355,11,3,3030406,Alt-Karow,2019,11,19,4,3,5,3,2,0,1,0,0,0,0,1
12053,201356,11,2,2020206,Graefekiez,2019,11,17,4,3,4,7,2,1,0,0,0,0,0,1
12054,201357,11,1,1033202,Humboldthain Süd,2019,11,17,4,3,5,3,2,1,1,0,0,0,0,1
12055,201358,11,10,10040828,Kaulsdorf Nord,2019,11,17,4,3,5,3,2,0,1,0,0,1,0,1
12056,201359,11,10,10010309,Springpfuhl,2019,11,17,4,3,5,2,2,1,1,0,0,0,0,1
12057,201360,11,5,5030731,Gartenfelder Straße,2019,11,16,4,3,5,3,2,0,1,0,0,0,0,0
12058,201361,11,9,9010301,Baumschulenstraße,2019,11,22,4,3,0,1,2,0,0,0,0,0,1,0
12059,201362,11,8,8010118,Silbersteinstraße,2019,11,22,4,3,0,7,2,0,1,0,1,0,0,0
12060,201363,11,2,2020203,Viktoriapark,2019,11,19,4,3,0,2,2,0,1,0,1,0,0,1
12061,201364,11,4,4051445,Eisenzahnstraße,2019,11,21,4,3,5,3,2,0,1,0,0,0,0,0
12062,201365,11,9,9020701,Adlershof West,2019,11,12,4,3,5,3,0,0,1,0,0,0,0,1
12063,201366,11,7,7060604,Marienfelde Süd,2019,11,11,4,3,9,1,0,0,1,0,0,0,0,1
12064,201367,11,8,8010404,Rixdorf,2019,11,10,4,3,2,6,0,1,1,0,0,0,0,1
12065,201368,11,1,1011202,Unter den Linden Nord,2019,11,10,4,2,2,6,0,1,1,0,0,0,0,1
12066,201369,11,2,2050802,Boxhagener Platz,2019,11,10,4,3,5,7,0,1,1,0,0,0,0,1
12067,201370,11,8,8010301,Reuterkiez,2019,11,10,4,3,0,6,0,0,1,0,1,0,0,1
12068,201371,11,7,7050505,Hundsteinweg,2019,11,9,4,3,4,7,0,1,0,0,0,0,0,0
12069,201372,11,11,11020514,Große-Leege-Straße,2019,11,9,4,3,6,4,0,0,1,1,0,0,0,1
12070,201373,11,5,5010101,Hakenfelde Nord,2019,11,8,4,3,0,1,0,0,0,0,1,0,0,1
12071,201374,11,4,4020313,Königin-Elisabeth-Straße,2019,11,8,4,2,6,4,0,0,0,1,1,0,0,1
12072,201375,11,4,4051446,Preußenpark,2019,11,8,4,2,6,2,0,0,0,1,0,1,0,1
12073,201376,11,4,4030827,Karl-August-Platz,2019,11,8,4,3,2,6,0,0,1,0,0,0,0,1
12074,201377,11,4,4030621,Spreestadt,2019,11,6,4,3,6,4,1,0,1,1,0,0,0,1
12075,201378,11,6,6030610,Lichterfelde West,2019,11,7,4,2,5,2,0,1,1,0,0,0,0,1
12076,201379,11,7,7060604,Marienfelde Süd,2019,11,7,4,3,3,6,2,0,1,0,0,1,0,1
12077,201380,11,4,4030518,Tegeler Weg,2019,11,7,4,3,5,2,0,0,1,0,0,0,1,1
12078,201381,11,9,9010302,Späthsfelde,2019,11,16,4,2,5,3,2,1,1,0,0,0,0,0
12079,201382,11,4,4030931,Breitscheidplatz,2019,11,15,4,3,6,4,1,1,0,1,0,0,0,0
12080,201383,11,12,12214527,Alt-Tegel,2019,11,14,4,3,0,1,0,0,1,0,1,0,0,1
12081,201384,11,11,11020514,Große-Leege-Straße,2019,11,14,4,3,6,4,0,0,0,1,0,0,1,1
12082,201385,11,8,8020727,Buckow Mitte,2019,11,13,4,3,4,6,0,0,1,0,0,0,0,1
12083,201386,11,5,5020523,Maulbeerallee,2019,11,7,4,3,5,2,0,0,1,0,1,0,0,1
12084,201387,11,4,4030931,Breitscheidplatz,2019,11,7,4,3,0,3,1,1,1,0,0,0,0,1
12085,201388,11,4,4030415,Schloßgarten,2019,11,6,4,3,6,2,2,0,1,1,0,0,0,1
12086,201389,11,1,1011302,Oranienburger Straße,2019,11,9,4,3,3,6,0,1,1,0,0,0,0,1
12087,201390,11,5,5030731,Gartenfelder Straße,2019,11,6,4,3,7,7,2,1,0,0,0,0,0,1
12088,201391,11,1,1033203,Humboldthain Nordwest,2019,11,5,4,2,5,2,2,1,1,0,0,0,0,1
12089,201392,11,1,1011402,Arkonaplatz,2019,11,4,4,3,0,1,2,0,0,0,0,0,1,1
12090,201393,11,3,3071537,Kollwitzplatz,2019,11,13,3,3,6,4,0,0,1,1,0,0,0,1
12091,201394,11,1,1033102,Gesundbrunnen,2019,11,22,3,3,5,2,2,0,1,0,0,0,1,1
12092,201395,11,1,1011302,Oranienburger Straße,2019,11,22,3,2,6,4,2,0,0,1,1,0,0,1
12093,201396,11,4,4030518,Tegeler Weg,2019,11,23,3,3,2,6,2,0,1,0,0,0,0,1
12094,201397,11,11,11010103,Dorf Falkenberg,2019,11,21,3,3,5,3,2,1,1,0,0,0,0,1
12095,201398,11,7,7040406,Germaniagarten,2019,11,19,3,3,1,5,2,0,1,0,0,0,1,0
12096,201399,11,1,1011202,Unter den Linden Nord,2019,11,19,3,3,6,7,2,0,1,1,0,0,0,1
12097,201400,11,5,5010206,Gütersloher Weg,2019,11,19,3,3,6,2,2,0,1,1,0,0,0,1
12098,201401,11,7,7020203,Kaiser-Wilhelm-Platz,2019,11,20,3,2,6,2,2,0,1,1,0,0,0,1
12099,201402,11,3,3061126,Arnimplatz,2019,11,18,3,3,6,4,2,0,1,1,0,0,0,1
12100,201403,11,10,10010204,Wuhletalstraße,2019,11,17,3,3,2,6,2,0,1,0,0,0,0,0
12101,201404,11,7,7040403,Manteuffelstraße,2019,11,17,3,3,6,2,2,0,1,1,0,0,0,0
12102,201405,11,8,8020622,Parchimer Allee,2019,11,17,3,2,6,4,1,0,1,1,0,0,0,0
12103,201406,11,8,8020620,Tempelhofer Weg,2019,11,16,3,3,2,6,2,0,1,0,0,1,0,0
12104,201407,11,11,11041022,Rosenfelder Ring,2019,11,16,3,3,5,2,2,1,1,0,0,0,0,0
12105,201408,11,4,4020310,Park Ruhwald,2019,11,15,3,3,5,2,0,0,1,0,0,0,1,0
12106,201409,11,4,4030623,Ernst-Reuter-Platz,2019,11,14,3,3,5,3,0,1,1,0,0,0,0,0
12107,201410,11,5,5010314,Carl-Schurz-Straße,2019,11,15,3,2,0,4,1,0,0,1,1,0,0,0
12108,201411,11,7,7070704,Nahariyastraße,2019,11,19,3,2,1,7,2,0,1,0,0,0,0,0
12109,201412,11,7,7020203,Kaiser-Wilhelm-Platz,2019,11,14,3,3,5,7,0,0,1,0,0,0,0,0
12110,201413,11,9,9041401,Allende I,2019,11,14,3,3,2,6,0,0,1,0,0,0,0,0
12111,201414,11,4,4010102,Plötzensee,2019,11,14,3,3,5,2,0,0,1,0,0,0,0,0
12112,201415,11,4,4010101,Jungfernheide,2019,11,15,3,3,2,6,0,0,1,0,0,0,0,0
12113,201416,11,1,1033203,Humboldthain Nordwest,2019,11,11,3,3,1,5,0,0,1,0,0,0,0,0
12114,201417,11,11,11030720,Herzbergstraße,2019,11,11,3,3,2,6,0,0,1,0,0,0,0,0
12115,201418,11,7,7040403,Manteuffelstraße,2019,11,9,3,3,1,5,0,1,1,0,0,0,0,0
12116,201419,11,9,9020802,Köllnische Vorstadt,2019,11,10,3,2,6,7,0,0,1,1,0,0,0,0
12117,201420,11,2,2050601,Hausburgviertel,2019,11,6,3,3,5,2,2,1,1,0,0,0,0,0
12118,201421,11,8,8010510,Gewerbegebiet Köllnische Heide,2019,11,9,3,3,5,3,0,0,1,0,0,0,1,0
12119,201422,11,8,8010404,Rixdorf,2019,11,9,3,3,0,7,0,0,1,0,0,0,0,0
12120,201423,11,4,4051446,Preußenpark,2019,11,8,3,3,5,2,0,1,1,0,0,0,0,0
12121,201424,11,1,1011402,Arkonaplatz,2019,11,8,3,3,5,3,0,1,1,0,0,0,0,0
12122,201425,11,7,7040405,Rathaus Tempelhof,2019,11,8,3,3,5,3,0,0,1,0,0,0,0,0
12123,201426,11,9,9010401,Johannisthal West,2019,11,7,3,3,2,2,0,1,1,0,0,0,0,1
12124,201427,11,2,2030402,Wrangelkiez,2019,11,7,3,3,8,1,1,1,0,0,0,0,0,1
12125,201428,11,3,3030715,Heinersdorf,2019,11,7,3,2,6,2,0,0,0,1,0,1,0,0
12126,201429,11,5,5010314,Carl-Schurz-Straße,2019,11,8,2,3,5,2,0,1,1,0,0,0,0,0
12127,201430,11,8,8020625,Handwerker-Siedlung,2019,11,17,2,3,6,2,2,0,1,1,0,0,0,1
12128,201431,11,9,9031001,Bohnsdorf,2019,11,18,2,3,5,2,2,1,0,0,0,1,0,1
12129,201432,11,4,4051655,Babelsberger Straße,2019,11,18,2,3,2,7,2,0,1,0,0,0,0,1
12130,201433,11,1,1022206,Lüneburger Straße,2019,11,17,2,3,0,1,2,1,0,0,0,0,0,1
12131,201434,11,6,6040810,Dahlem,2019,11,16,2,3,5,3,2,0,1,0,0,0,0,1
12132,201435,11,3,3061126,Arnimplatz,2019,11,17,2,3,5,2,2,1,1,0,0,0,0,1
12133,201436,11,2,2050802,Boxhagener Platz,2019,11,18,2,3,0,7,2,1,0,0,0,0,0,0
12134,201437,11,1,1011301,Charitéviertel,2019,11,16,2,3,6,2,1,0,1,1,0,0,0,1
12135,201438,11,12,12103117,Letteplatz,2019,11,16,2,3,6,6,2,0,1,1,0,0,0,1
12136,201439,11,11,11030618,Fennpfuhl West,2019,11,16,2,3,0,3,2,0,1,0,0,0,1,1
12137,201440,11,4,4051448,Schaperstraße,2019,11,17,2,3,5,3,2,0,1,0,0,0,0,1
12138,201441,11,9,9030901,Dorf Altglienicke,2019,11,17,2,2,6,4,2,0,1,1,0,0,0,1
12139,201442,11,10,10010309,Springpfuhl,2019,11,15,2,3,5,2,0,1,1,0,0,0,0,1
12140,201443,11,1,1011202,Unter den Linden Nord,2019,11,17,2,3,6,4,2,1,0,1,0,0,0,1
12141,201444,11,2,2040701,Andreasviertel,2019,11,15,2,3,5,3,0,1,0,0,0,0,1,1
12142,201445,11,3,3020209,Niederschönhausen,2019,11,13,2,2,5,3,1,1,1,0,0,0,0,1
12143,201446,11,7,7040401,Neu-Tempelhof,2019,11,17,2,2,6,2,2,0,1,1,0,0,0,1
12144,201447,11,12,12304314,Ziekowstraße/Freie Scholle,2019,11,13,2,3,5,3,0,0,1,0,0,0,0,1
12145,201448,11,4,4051551,Brabanter Platz,2019,11,13,2,3,2,3,0,1,1,0,0,0,0,1
12146,201449,11,5,5020627,Tiefwerder,2019,11,17,2,3,2,6,2,0,1,0,0,0,1,1
12147,201450,11,12,12302211,Lübarser Straße,2019,11,17,2,3,6,2,2,0,0,1,0,0,1,1
12148,201451,11,12,12214422,Klixstraße,2019,11,12,2,2,5,2,0,1,0,0,0,1,0,0
12149,201452,11,10,10040931,Mahlsdorf Nord,2019,11,19,2,3,1,5,2,0,1,0,1,0,0,1
12150,201453,11,1,1022106,Elberfelder Straße,2019,11,12,2,2,5,2,0,0,1,0,1,0,0,1
12151,201454,11,1,1011302,Oranienburger Straße,2019,11,19,2,3,2,6,2,0,1,0,1,0,0,1