,object id,city,district,sub district key,street,year,month,hour of day,weekday,category,accident type,accident type 2,light situation,bike involved,car involved,pedestrian involved,motor bike involved,big track involved,other vehicle involved,road condition
12152,201455,11,4,4010101,Jungfernheide,2019,11,10,2,3,5,2,0,0,1,0,0,0,1,1
12153,201456,11,5,5020521,Döberitzer Weg,2019,11,9,2,2,5,2,0,0,1,0,0,0,0,0
12154,201457,11,6,6010207,Mittelstraße,2019,11,9,2,3,2,2,0,0,1,0,0,0,0,1
12155,201458,11,3,3040614,Pankow Zentrum,2019,11,9,2,3,6,4,0,0,1,1,0,0,0,0
12156,201459,11,9,9020601,Schnellerstraße,2019,11,8,2,2,6,4,0,0,1,1,0,0,0,1
12157,201460,11,9,9051901,Dammvorstadt,2019,11,8,2,3,5,2,0,1,1,0,0,0,0,1
12158,201461,11,1,1022104,Emdener Straße,2019,11,8,2,3,5,2,0,1,0,0,0,0,1,0
12159,201462,11,1,1011301,Charitéviertel,2019,11,8,2,3,0,1,0,1,0,0,0,0,0,1
12160,201463,11,7,7050501,Rathausstraße,2019,11,7,2,3,2,6,0,0,1,0,1,0,0,1
12161,201464,11,8,8010301,Reuterkiez,2019,11,7,2,3,1,5,0,1,1,0,0,0,1,1
12162,201465,11,6,6020409,Königsberger Straße,2019,11,7,2,3,6,4,0,0,1,1,0,0,0,1
12163,201466,11,12,12214125,Waldidyll/Flughafensee,2019,11,6,2,2,5,2,2,0,1,0,0,0,1,1
12164,201467,11,2,2040703,Wriezener Bahnhof/Entwicklungsgebiet,2019,11,16,1,2,6,4,2,0,1,1,0,0,0,1
12165,201468,11,12,12103219,Schäfersee,2019,11,15,1,3,0,3,0,0,1,0,1,0,0,1
12166,201469,11,3,3050925,Komponistenviertel Weißensee,2019,11,15,1,3,5,3,0,1,1,0,0,0,0,1
12167,201470,11,9,9020802,Köllnische Vorstadt,2019,11,14,1,3,1,7,0,1,0,0,0,0,1,1
12168,201471,11,9,9051801,Rahnsdorf/Hessenwinkel,2019,11,13,1,3,0,7,0,0,0,0,1,0,0,1
12169,201472,11,2,2010101,Askanischer Platz,2019,11,10,1,3,5,3,0,0,1,0,0,0,0,1
12170,201473,11,6,6030504,Teltower Damm,2019,11,9,1,3,5,3,0,0,1,0,0,0,0,1
12171,201474,11,12,12231101,Hermsdorf,2019,11,8,1,3,5,3,0,0,1,0,1,0,0,1
12172,201475,11,8,8010118,Silbersteinstraße,2019,11,17,1,2,6,4,2,0,1,1,0,0,0,1
12173,201476,11,2,2020203,Viktoriapark,2019,11,2,1,3,1,5,2,1,1,0,0,0,0,0
12174,201477,11,1,1033102,Gesundbrunnen,2019,11,23,1,3,5,3,2,0,1,0,0,0,0,1
12175,201478,11,12,12301203,Wittenau Süd,2019,11,6,1,3,8,1,2,0,1,0,0,0,0,1
12176,201479,11,11,11040925,Victoriastadt,2019,11,21,1,3,4,1,2,0,1,0,0,0,0,1
12177,201480,11,3,3061228,Erich-Weinert-Straße,2019,11,20,1,3,5,2,2,1,1,0,0,0,0,1
12178,201481,11,8,8020726,Buckow West,2019,11,20,1,2,6,3,2,0,1,1,0,0,0,1
12179,201482,11,8,8010117,Schillerpromenade,2019,11,17,1,3,6,4,2,0,1,1,0,0,0,1
12180,201483,11,9,9010301,Baumschulenstraße,2019,11,17,1,2,5,2,2,0,1,0,0,0,0,1
12181,201484,11,7,7020203,Kaiser-Wilhelm-Platz,2019,11,15,1,3,1,7,1,0,1,0,0,0,1,1
12182,201485,11,12,12301206,Lübars,2019,11,7,1,3,9,1,2,0,1,0,0,0,0,1
12183,201486,11,2,2010102,Mehringplatz,2019,11,5,7,3,5,3,2,0,1,0,0,0,0,1
12184,201487,11,10,10020412,Alte Hellersdorfer Straße,2019,11,14,7,3,5,2,0,0,1,0,0,0,0,0
12185,201488,11,8,8010117,Schillerpromenade,2019,11,22,7,3,2,6,2,0,1,0,0,0,0,0
12186,201489,11,6,6030608,Schweizer Viertel,2019,11,19,7,3,6,2,2,0,1,1,0,0,0,0
12187,201490,11,2,2010103,Moritzplatz,2019,11,18,7,3,2,6,2,0,1,0,0,0,0,0
12188,201491,11,1,1033203,Humboldthain Nordwest,2019,11,18,7,3,2,6,2,0,1,0,0,0,0,0
12189,201492,11,1,1044103,Westliche Müllerstraße,2019,11,14,7,3,5,2,0,0,1,0,0,0,0,1
12190,201493,11,1,1011301,Charitéviertel,2019,11,0,7,2,1,5,2,0,1,0,0,0,1,0
12191,201494,11,5,5020419,Magistratsweg,2019,11,9,7,3,5,2,0,0,1,0,0,0,0,1
12192,201495,11,10,10010308,Marzahner Chaussee,2019,11,7,7,3,0,1,2,0,0,0,1,0,0,1
12193,201496,11,6,6020409,Königsberger Straße,2019,11,6,7,3,5,3,2,1,1,0,0,0,0,1
12194,201497,11,7,7030303,Grazer Platz,2019,11,20,7,3,2,6,2,0,1,0,0,0,0,0
12195,201498,11,6,6040809,Thielallee,2019,11,5,7,2,9,1,2,0,1,1,0,0,0,0
12196,201499,11,2,2020203,Viktoriapark,2019,11,20,7,3,5,2,2,0,1,0,0,0,0,0
12197,201500,11,3,3040614,Pankow Zentrum,2019,11,19,7,3,0,3,2,0,1,0,1,0,0,0
12198,201501,11,2,2040703,Wriezener Bahnhof/Entwicklungsgebiet,2019,11,18,7,3,2,6,2,0,1,0,0,0,0,0
12199,201502,11,9,9010202,Köpenicker Landstraße,2019,11,13,7,3,5,2,0,0,1,0,0,0,0,0
12200,201503,11,4,4051655,Babelsberger Straße,2019,11,13,7,3,5,7,0,0,1,0,0,0,0,0
12201,201504,11,4,4041238,Kissinger Straße,2019,11,12,7,3,6,7,0,0,1,1,0,0,0,0
12202,201505,11,1,1011303,Alexanderplatzviertel,2019,11,2,7,3,0,2,2,0,1,0,0,0,0,0
12203,201506,11,11,11030619,Fennpfuhl Ost,2019,11,12,7,3,2,6,0,0,1,0,0,0,0,1
12204,201507,11,1,1044103,Westliche Müllerstraße,2019,11,10,7,2,0,5,0,0,1,0,1,0,0,1
12205,201508,11,1,1022104,Emdener Straße,2019,11,11,6,3,6,4,0,0,1,1,0,0,0,0
12206,201509,11,2,2020206,Graefekiez,2019,11,22,6,3,0,3,2,1,1,0,0,0,0,0
12207,201510,11,11,11020515,Landsberger Allee,2019,11,7,6,3,6,4,2,0,1,1,0,0,0,1
12208,201511,11,7,7030301,Friedenau,2019,11,19,6,3,5,2,2,1,1,0,0,0,0,0
12209,201512,11,4,4051448,Schaperstraße,2019,11,17,6,3,0,5,2,1,1,0,0,0,0,0
12210,201513,11,12,12214424,Scharnweberstraße,2019,11,17,6,3,2,6,2,0,1,0,0,0,0,0
12211,201514,11,1,1011201,Wilhelmstraße,2019,11,13,1,3,5,3,0,0,1,0,1,0,0,0
12212,201515,11,11,11041027,Tierpark,2019,11,12,1,3,5,3,0,1,1,0,0,0,0,0
12213,201516,11,7,7040401,Neu-Tempelhof,2019,11,17,6,3,3,6,2,0,1,0,0,1,0,0
12214,201517,11,4,4020313,Königin-Elisabeth-Straße,2019,11,12,1,3,3,6,0,0,1,0,0,0,1,0
12215,201518,11,4,4020310,Park Ruhwald,2019,11,16,6,3,2,6,0,0,1,0,0,0,1,0
12216,201519,11,7,7020203,Kaiser-Wilhelm-Platz,2019,11,11,1,3,0,5,0,1,1,0,0,0,0,0
12217,201520,11,3,3030406,Alt-Karow,2019,11,10,1,3,5,3,0,0,1,0,0,0,0,0
12218,201521,11,1,1033202,Humboldthain Süd,2019,11,16,6,3,0,1,0,1,0,0,0,0,0,1
12219,201522,11,4,4010101,Jungfernheide,2019,11,1,1,3,1,1,2,0,1,0,0,0,0,0
12220,201523,11,4,4041241,Breite Straße,2019,11,16,1,3,6,2,2,0,1,1,0,0,0,0
12221,201524,11,9,9020802,Köllnische Vorstadt,2019,11,2,1,3,0,1,2,1,0,0,0,0,0,1
12222,201525,11,2,2040701,Andreasviertel,2019,11,14,6,3,5,3,0,1,1,0,0,0,0,0
12223,201526,11,3,3050919,Gustav-Adolf-Straße,2019,11,14,6,3,5,3,0,1,1,0,0,0,0,0
12224,201527,11,7,7050501,Rathausstraße,2019,11,19,1,2,6,4,2,0,1,1,0,0,0,0
12225,201528,11,1,1022204,Thomasiusstraße,2019,11,17,1,3,0,1,2,0,0,0,0,0,1,0
12226,201529,11,10,10030724,Oberfeldstraße,2019,11,15,6,2,5,3,0,1,1,0,0,0,0,0
12227,201530,11,11,11030720,Herzbergstraße,2019,11,17,7,3,2,6,2,0,1,0,0,0,0,0
12228,201531,11,1,1011301,Charitéviertel,2019,11,17,7,2,0,1,2,1,0,0,0,0,0,0
12229,201532,11,7,7060604,Marienfelde Süd,2019,11,15,6,3,5,3,1,0,1,0,0,0,0,0
12230,201533,11,4,4030724,Lietzensee,2019,11,14,6,3,5,3,0,0,1,0,0,0,0,0
12231,201534,11,1,1044103,Westliche Müllerstraße,2019,11,15,7,3,6,4,0,0,1,1,0,0,0,0
12232,201535,11,11,11030619,Fennpfuhl Ost,2019,11,13,7,3,2,6,0,0,1,0,0,0,0,0
12233,201536,11,3,3061227,Humannplatz,2019,11,14,6,3,2,6,0,0,1,0,0,0,0,0
12234,201537,11,2,2040703,Wriezener Bahnhof/Entwicklungsgebiet,2019,11,14,6,3,2,2,0,0,0,0,1,0,1,0
12235,201538,11,3,3050925,Komponistenviertel Weißensee,2019,11,12,7,3,0,5,0,0,1,0,0,0,0,0
12236,201539,11,7,7060604,Marienfelde Süd,2019,11,12,7,3,3,6,0,1,1,0,0,0,0,0
12237,201540,11,11,11030721,Rüdigerstraße,2019,11,22,7,3,0,2,2,1,1,0,0,0,0,0
12238,201541,11,7,7040401,Neu-Tempelhof,2019,11,12,6,3,6,7,0,0,1,1,0,0,0,0
12239,201542,11,10,10010311,Landsberger Tor,2019,11,20,7,2,6,4,2,0,1,1,0,0,0,0
12240,201543,11,4,4030620,Alt-Lietzow,2019,11,14,6,3,0,7,0,1,1,0,0,0,0,0
12241,201544,11,1,1033101,Soldiner Straße,2019,11,19,7,3,0,5,2,0,1,0,0,0,0,0
12242,201545,11,6,6020409,Königsberger Straße,2019,11,20,7,2,4,6,2,0,1,0,0,0,0,0
12243,201546,11,1,1022102,Beusselkiez,2019,11,13,6,2,0,6,0,0,1,0,1,0,0,0
12244,201547,11,10,10020413,Gut Hellersdorf,2019,11,19,7,3,0,1,2,0,0,0,1,0,0,0
12245,201548,11,12,12301203,Wittenau Süd,2019,11,10,7,3,2,6,0,0,1,0,0,0,0,0
12246,201549,11,4,4030415,Schloßgarten,2019,11,10,7,3,5,2,0,0,1,0,0,0,0,0
12247,201550,11,11,11020411,Malchower Weg,2019,11,13,6,3,6,7,0,0,1,1,0,0,0,0
12248,201551,11,1,1011303,Alexanderplatzviertel,2019,11,13,6,2,0,2,0,1,1,0,0,0,0,0
12249,201552,11,8,8010211,Flughafenstraße,2019,11,7,7,3,0,1,2,1,0,0,0,0,0,0
12250,201553,11,11,11020412,Hauptstraße,2019,11,2,7,3,9,1,2,0,1,0,0,0,0,1
12251,201554,11,1,1033101,Soldiner Straße,2019,11,12,6,3,0,2,0,1,1,0,0,0,0,0
12252,201555,11,4,4041241,Breite Straße,2019,11,12,6,3,1,5,0,1,1,0,0,0,0,0
12253,201556,11,12,12302110,Dannenwalder Weg,2019,11,9,6,3,5,3,0,1,1,0,0,0,0,1
12254,201557,11,8,8020622,Parchimer Allee,2019,11,17,6,3,6,2,2,0,1,1,0,0,0,0
12255,201558,11,1,1033203,Humboldthain Nordwest,2019,11,12,6,3,3,6,0,0,1,0,1,0,0,0
12256,201559,11,12,12214527,Alt-Tegel,2019,11,21,6,3,5,3,2,0,1,0,0,0,0,0
12257,201560,11,1,1033102,Gesundbrunnen,2019,11,20,6,3,6,7,2,0,1,1,0,0,0,0
12258,201561,11,1,1011305,Heine-Viertel West,2019,11,10,6,3,5,5,0,1,0,0,0,0,1,0
12259,201562,11,5,5010339,Freiheit,2019,11,10,6,3,5,7,0,0,1,0,1,0,0,0
12260,201563,11,8,8020619,Buschkrugallee Nord,2019,11,19,6,3,5,2,2,0,1,0,0,0,0,0
12261,201564,11,2,2020205,Chamissokiez,2019,11,23,6,3,0,7,2,1,0,0,0,0,0,0
12262,201565,11,6,6040809,Thielallee,2019,11,19,6,2,1,7,2,0,1,0,0,0,0,1
12263,201566,11,3,3071536,Teutoburger Platz,2019,11,9,6,3,1,5,0,1,1,0,0,0,0,0
12264,201567,11,4,4041137,Flinsberger Platz,2019,11,19,6,3,3,5,2,0,1,0,1,0,0,1
12265,201568,11,5,5020417,Staakener Straße,2019,11,10,6,2,0,7,0,0,1,0,0,0,1,0
12266,201569,11,1,1011202,Unter den Linden Nord,2019,11,18,6,3,5,2,2,1,1,0,0,0,0,0
12267,201570,11,2,2040701,Andreasviertel,2019,11,18,6,3,1,5,2,1,1,0,0,0,1,1
12268,201571,11,9,9010301,Baumschulenstraße,2019,11,8,6,3,2,6,0,0,1,0,0,0,0,0
12269,201572,11,1,1022206,Lüneburger Straße,2019,11,8,6,3,5,2,0,0,1,0,0,0,0,0
12270,201573,11,3,3050925,Komponistenviertel Weißensee,2019,11,18,6,3,0,5,2,0,1,0,0,0,0,0
12271,201574,11,11,11030618,Fennpfuhl West,2019,11,6,6,3,0,6,1,0,1,0,1,0,0,0
12272,201575,11,3,3061131,Falkplatz,2019,11,17,6,3,2,6,2,0,1,0,0,0,0,0
12273,201576,11,3,3061126,Arnimplatz,2019,11,17,6,3,1,5,2,1,1,0,0,0,0,0
12274,201577,11,3,3050924,Behaimstraße,2019,11,8,6,3,6,7,0,1,0,1,0,0,0,0
12275,201578,11,5,5010339,Freiheit,2019,11,6,6,2,6,4,2,0,1,1,0,0,0,0
12276,201579,11,8,8041035,Blumenviertel,2019,11,17,6,3,2,6,2,0,1,0,0,0,0,1
12277,201580,11,5,5020625,Borkumer Straße,2019,11,17,6,2,0,1,2,1,0,0,0,0,0,0
12278,201581,11,1,1022103,Westhafen,2019,11,8,6,3,3,6,0,0,1,0,0,1,0,0
12279,201582,11,5,5020522,Pillnitzer Weg,2019,11,5,6,2,6,4,2,0,0,1,0,0,1,0
12280,201583,11,9,9010402,Johannisthal Ost,2019,11,17,6,3,0,7,2,1,0,0,0,0,0,0
12281,201584,11,9,9020702,Adlershof Ost,2019,11,17,6,3,6,7,2,0,1,1,0,0,0,0
12282,201585,11,10,10020413,Gut Hellersdorf,2019,11,7,6,2,5,3,1,1,1,0,0,0,0,0
12283,201586,11,10,10030724,Oberfeldstraße,2019,11,17,6,3,0,5,2,0,1,0,0,0,0,0
12284,201587,11,7,7060604,Marienfelde Süd,2019,11,16,5,3,6,2,1,0,0,1,0,0,1,0
12285,201588,11,6,6020411,Schütte-Lanz-Straße,2019,11,11,6,3,5,3,0,0,1,0,0,0,0,1
12286,201589,11,9,9030901,Dorf Altglienicke,2019,11,10,6,3,8,7,0,0,1,0,0,0,0,1
12287,201590,11,4,4030931,Breitscheidplatz,2019,11,19,5,3,6,7,2,0,0,1,0,0,1,0
12288,201591,11,12,12103117,Letteplatz,2019,11,7,5,3,3,6,2,0,1,0,0,0,0,0
12289,201592,11,2,2030401,Reichenberger Straße,2019,11,16,6,3,1,5,1,1,1,0,0,0,0,0
12290,201593,11,10,10040932,Alt-Mahlsdorf,2019,11,15,6,3,1,5,1,0,1,0,0,0,0,0
12291,201594,11,12,12231102,Frohnau,2019,11,7,5,3,5,3,0,1,1,0,0,0,0,0
12292,201595,11,6,6020410,Oberhofer Platz,2019,11,9,5,3,6,2,0,0,1,1,0,0,0,0
12293,201596,11,4,4030620,Alt-Lietzow,2019,11,15,6,3,5,2,0,0,1,0,0,0,1,0
12294,201597,11,7,7040401,Neu-Tempelhof,2019,11,13,6,3,0,6,0,1,1,0,0,0,0,0
12295,201598,11,4,4030518,Tegeler Weg,2019,11,1,5,3,5,2,2,0,1,0,0,1,0,0
12296,201599,11,9,9020802,Köllnische Vorstadt,2019,11,19,5,3,4,6,2,0,1,0,0,0,0,0
12297,201600,11,11,11010310,Mühlengrund,2019,11,13,6,3,6,4,0,0,1,1,0,0,0,0
12298,201601,11,2,2050602,Samariterviertel,2019,11,9,6,3,5,2,0,1,1,0,0,0,0,1
12299,201602,11,11,11020412,Hauptstraße,2019,11,9,6,3,5,2,0,0,1,0,0,0,0,0
12300,201603,11,10,10020517,Adele-Sandrock-Straße,2019,11,19,5,2,1,5,2,0,1,0,0,0,1,0
12301,201604,11,11,11010310,Mühlengrund,2019,11,18,5,2,6,4,2,0,0,1,0,0,1,0
12302,201605,11,3,3061227,Humannplatz,2019,11,9,6,3,5,3,0,0,1,0,0,0,0,0
12303,201606,11,10,10040931,Mahlsdorf Nord,2019,11,13,6,3,5,3,0,0,1,0,0,0,0,0
12304,201607,11,1,1044201,Reinickendorfer Straße,2019,11,17,5,3,2,6,2,0,1,0,0,0,0,0
12305,201608,11,10,10020413,Gut Hellersdorf,2019,11,15,5,3,5,3,0,1,1,0,0,0,0,0
12306,201609,11,1,1033203,Humboldthain Nordwest,2019,11,8,6,3,2,6,0,0,1,0,1,0,0,1
12307,201610,11,2,2050804,Stralauer Halbinsel,2019,11,7,6,3,0,6,1,0,1,0,1,0,0,1
12308,201611,11,7,7040403,Manteuffelstraße,2019,11,15,5,3,5,2,0,1,1,0,0,0,0,0
12309,201612,11,3,3061227,Humannplatz,2019,11,12,6,3,5,3,0,0,1,0,0,0,0,0
12310,201613,11,8,8041037,Alt-Rudow,2019,11,12,5,2,5,2,0,1,1,0,0,0,0,0
12311,201614,11,1,1044201,Reinickendorfer Straße,2019,11,6,6,3,2,6,2,0,1,0,0,0,0,1
12312,201615,11,10,10020414,Helle Mitte,2019,11,7,6,2,6,2,2,0,1,1,0,0,0,1
12313,201616,11,7,7070701,Kettinger Straße/Schillerstraße,2019,11,12,5,2,1,7,0,0,1,0,0,0,0,0
12314,201617,11,4,4030929,Hindemithplatz,2019,11,12,5,3,2,6,0,0,1,0,0,0,0,0
12315,201618,11,1,1022103,Westhafen,2019,11,5,6,3,5,2,2,1,0,0,0,1,0,1
12316,201619,11,8,8010404,Rixdorf,2019,11,5,6,3,6,2,2,0,1,1,0,0,0,1
12317,201620,11,10,10010207,Marzahner Promenade,2019,11,11,5,3,3,6,0,0,1,0,0,0,1,0
12318,201621,11,1,1011304,Karl-Marx-Allee,2019,11,10,5,3,5,7,0,1,1,0,0,0,0,0
12319,201622,11,9,9041301,Kietzer Feld/Nachtheide,2019,11,12,6,2,4,6,0,0,1,0,0,0,0,1
12320,201623,11,9,9041501,Altstadt Kietz,2019,11,11,6,3,2,6,0,0,1,0,0,0,0,1
12321,201624,11,6,6030609,Augustaplatz,2019,11,15,5,3,2,6,0,0,1,0,1,0,0,0
12322,201625,11,5,5020417,Staakener Straße,2019,11,11,6,3,1,5,0,1,0,0,0,0,1,1
12323,201626,11,1,1022201,Stephankiez,2019,11,14,5,3,5,2,0,1,1,0,0,0,0,0
12324,201627,11,11,11030721,Rüdigerstraße,2019,11,13,5,3,5,2,0,1,1,0,0,0,0,0
12325,201628,11,1,1011305,Heine-Viertel West,2019,11,11,6,3,3,5,0,1,1,0,0,0,0,0
12326,201629,11,11,11010308,Zingster Straße Ost,2019,11,13,5,3,6,4,0,0,1,1,0,0,0,0
12327,201630,11,7,7030303,Grazer Platz,2019,11,19,6,3,0,7,2,0,0,0,0,0,1,1
12328,201631,11,1,1033203,Humboldthain Nordwest,2019,11,22,5,3,5,2,2,0,1,0,1,0,0,0
12329,201632,11,11,11030720,Herzbergstraße,2019,11,19,5,3,3,6,2,1,0,0,0,0,1,0
12330,201633,11,8,8010404,Rixdorf,2019,11,14,5,3,5,2,0,1,1,0,0,0,0,0
12331,201634,11,5,5030833,Motardstraße,2019,11,17,5,3,2,6,2,0,1,0,0,0,0,1
12332,201635,11,12,12224230,Heiligensee,2019,11,10,5,3,5,3,0,0,1,0,0,0,0,0
12333,201636,11,12,12304314,Ziekowstraße/Freie Scholle,2019,11,17,5,2,6,2,2,0,1,1,0,0,0,1
12334,201637,11,4,4010102,Plötzensee,2019,11,17,5,2,5,2,2,0,1,0,1,0,0,1
12335,201638,11,10,10010308,Marzahner Chaussee,2019,11,17,5,3,2,6,2,0,1,0,0,0,0,1
12336,201639,11,10,10010310,Alt-Marzahn,2019,11,17,5,3,6,2,2,0,1,1,0,0,0,1
12337,201640,11,7,7020201,Bayerischer Platz,2019,11,16,5,3,2,6,2,0,1,0,0,0,0,1
12338,201641,11,11,11041027,Tierpark,2019,11,19,5,3,6,3,2,0,1,1,0,0,0,0
12339,201642,11,8,8010301,Reuterkiez,2019,11,9,5,3,5,3,0,0,1,0,1,0,0,0
12340,201643,11,3,3030406,Alt-Karow,2019,11,16,5,3,1,5,2,1,1,0,0,0,1,1
12341,201644,11,1,1011303,Alexanderplatzviertel,2019,11,17,5,3,6,4,2,0,1,1,0,0,0,1
12342,201645,11,4,4030827,Karl-August-Platz,2019,11,16,5,3,6,2,2,0,1,1,0,0,0,1
12343,201646,11,9,9031101,Grünau,2019,11,8,5,3,5,3,0,0,1,0,1,0,0,0
12344,201647,11,7,7010101,Wittenbergplatz/Viktoria-Luise-Platz,2019,11,16,5,2,6,4,2,0,1,1,0,0,0,1
12345,201648,11,7,7050505,Hundsteinweg,2019,11,9,5,2,1,7,0,0,1,0,0,0,1,0
12346,201649,11,1,1033202,Humboldthain Süd,2019,11,16,5,3,5,2,2,1,1,0,0,0,0,1
12347,201650,11,1,1011203,Unter den Linden Süd,2019,11,16,5,3,5,2,1,0,1,0,0,0,1,1
12348,201651,11,2,2010103,Moritzplatz,2019,11,6,5,3,5,5,2,1,0,0,0,0,1,0
12349,201652,11,12,12103116,Hausotterplatz,2019,11,15,5,3,6,4,1,0,1,1,0,0,0,1
12350,201653,11,12,12301205,Waidmannslust,2019,11,15,5,3,6,4,0,0,1,1,0,0,0,1
12351,201654,11,3,3061434,Anton-Saefkow-Park,2019,11,15,5,3,5,2,1,1,0,0,0,0,1,0
12352,201655,11,9,9010402,Johannisthal Ost,2019,11,9,5,3,6,2,0,0,1,1,0,0,0,0
12353,201656,11,6,6040810,Dahlem,2019,11,15,5,3,6,4,1,0,0,1,0,0,1,1
12354,201657,11,9,9051702,Bölschestraße,2019,11,14,5,3,0,1,0,1,0,0,0,0,0,1
12355,201658,11,12,12231101,Hermsdorf,2019,11,9,5,3,5,3,0,1,1,0,0,0,0,0
12356,201659,11,6,6010206,Stadtpark,2019,11,14,5,2,0,7,0,0,1,0,0,0,0,1
12357,201660,11,1,1011302,Oranienburger Straße,2019,11,1,5,3,0,1,2,0,0,0,0,0,1,0
12358,201661,11,1,1022201,Stephankiez,2019,11,12,5,3,6,4,0,0,1,1,0,0,0,1
12359,201662,11,6,6030609,Augustaplatz,2019,11,12,5,2,6,2,0,0,1,1,0,0,0,0
12360,201663,11,1,2030302,Lausitzer Platz,2019,11,0,5,3,0,1,2,1,0,0,0,0,0,1
12361,201664,11,2,2010102,Mehringplatz,2019,11,20,4,3,6,4,2,0,1,1,0,0,0,0
12362,201665,11,1,1011303,Alexanderplatzviertel,2019,11,12,5,2,3,6,0,1,0,0,0,0,1,0
12363,201666,11,3,3020210,Herthaplatz,2019,11,12,5,3,5,3,0,0,1,0,0,0,1,0
12364,201667,11,9,9051901,Dammvorstadt,2019,11,17,4,3,0,5,2,0,1,1,0,0,1,1
12365,201668,11,8,8010115,Hasenheide,2019,11,7,4,3,5,3,1,1,0,0,0,0,1,0
12366,201669,11,4,4030827,Karl-August-Platz,2019,11,10,5,3,6,4,0,0,1,1,0,0,0,0
12367,201670,11,12,12302212,Rollbergesiedlung,2019,11,11,5,3,1,5,0,0,1,0,0,0,0,1
12368,201671,11,4,4030623,Ernst-Reuter-Platz,2019,11,9,5,3,5,2,0,1,1,0,0,0,0,0
12369,201672,11,2,2030302,Lausitzer Platz,2019,11,20,4,3,6,4,2,0,1,1,0,0,0,0
12370,201673,11,2,2030301,Oranienplatz,2019,11,9,5,3,5,3,0,1,1,0,0,0,0,0
12371,201674,11,9,9020701,Adlershof West,2019,11,19,4,3,5,3,2,1,1,0,0,0,0,0
12372,201675,11,6,6010207,Mittelstraße,2019,11,8,5,3,2,2,0,1,1,0,0,0,0,0
12373,201676,11,2,2010102,Mehringplatz,2019,11,22,5,3,5,3,2,1,1,0,0,0,0,1
12374,201677,11,4,4051656,Hildegardstraße,2019,11,18,4,3,5,2,2,1,1,0,0,0,0,0
12375,201678,11,10,10040931,Mahlsdorf Nord,2019,11,20,5,3,5,2,2,0,1,0,0,0,0,1
12376,201679,11,2,2050804,Stralauer Halbinsel,2019,11,18,5,3,2,6,2,0,1,0,0,0,0,1
12377,201680,11,1,1033201,Brunnenstraße,2019,11,20,5,3,6,2,2,0,1,1,0,0,0,1
12378,201681,11,2,2010103,Moritzplatz,2019,11,18,4,3,5,2,2,1,1,0,0,0,0,0
12379,201682,11,12,12103115,Breitkopfbecken,2019,11,18,4,2,6,4,2,0,1,1,0,0,0,0
12380,201683,11,1,1044203,Leopoldplatz,2019,11,19,5,2,1,1,2,0,1,0,0,1,0,1
12381,201684,11,12,12231102,Frohnau,2019,11,19,5,2,1,5,2,1,1,0,0,0,0,1
12382,201685,11,2,2030401,Reichenberger Straße,2019,11,14,4,3,5,3,0,0,1,0,0,0,0,0
12383,201686,11,4,4020310,Park Ruhwald,2019,12,22,4,3,4,1,2,0,1,0,0,1,0,0
12384,201687,11,2,2030301,Oranienplatz,2019,12,22,4,3,5,2,2,0,1,0,1,0,0,0
12385,201688,11,8,8041035,Blumenviertel,2019,12,21,4,3,1,1,2,0,1,0,0,0,0,0
12386,201689,11,2,2050801,Traveplatz,2019,12,12,4,2,1,1,0,1,1,0,0,0,0,1
12387,201690,11,1,1022104,Emdener Straße,2019,12,11,4,3,2,6,0,0,1,0,0,0,0,0
12388,201691,11,8,8010405,Hertzbergplatz,2019,12,9,4,3,1,5,0,1,1,0,0,0,1,0
12389,201692,11,4,4051448,Schaperstraße,2019,12,9,4,3,2,2,0,1,1,0,0,0,0,1
12390,201693,11,11,10010203,Gewerbegebiet Bitterfelder Straße,2019,12,9,4,3,5,2,0,1,1,0,0,0,0,0
12391,201694,11,4,4041240,Messelpark,2019,12,9,4,3,5,3,0,1,1,0,0,0,0,1
12392,201695,11,2,2040703,Wriezener Bahnhof/Entwicklungsgebiet,2019,12,9,4,2,6,4,0,0,1,1,0,0,0,0
12393,201696,11,1,1011203,Unter den Linden Süd,2019,12,9,4,3,1,5,0,1,1,0,0,0,1,0
12394,201697,11,9,9020502,Oberschöneweide Ost,2019,12,8,4,3,5,3,0,0,1,0,0,0,0,1
12395,201698,11,5,5010311,Eiswerder,2019,12,8,4,3,3,6,0,0,1,0,1,0,0,1
12396,201699,11,3,3040614,Pankow Zentrum,2019,12,5,4,3,0,3,2,0,0,0,1,0,0,1