,object id,city,district,sub district key,street,year,month,hour of day,weekday,category,accident type,accident type 2,light situation,bike involved,car involved,pedestrian involved,motor bike involved,big track involved,other vehicle involved,road condition
12397,201700,11,6,6040805,Fischerhüttenstraße,2019,12,16,4,3,0,2,2,0,1,1,0,0,0,0
12398,201701,11,1,1044102,Schillerpark,2019,12,16,4,3,1,5,2,1,1,0,0,0,1,1
12399,201702,11,6,6030609,Augustaplatz,2019,12,14,4,3,5,2,0,0,1,0,0,0,0,0
12400,201703,11,9,9010302,Späthsfelde,2019,12,14,4,3,5,3,0,1,1,0,0,0,0,0
12401,201704,11,10,10010309,Springpfuhl,2019,12,15,3,3,4,6,1,1,1,0,0,0,0,1
12402,201705,11,5,5010314,Carl-Schurz-Straße,2019,12,11,3,2,6,4,0,0,1,1,0,0,0,1
12403,201706,11,6,6030503,Zehlendorf Mitte,2019,12,9,3,3,0,2,0,1,1,0,0,0,0,1
12404,201707,11,11,11020411,Malchower Weg,2019,12,9,3,2,6,4,0,0,1,1,0,0,0,1
12405,201708,11,2,2040503,Richard-Sorge-Viertel,2019,12,10,3,3,2,6,0,0,1,0,0,0,1,1
12406,201709,11,4,4020311,Reichsstraße,2019,12,9,3,3,5,3,0,0,1,0,0,0,0,1
12407,201710,11,7,7040403,Manteuffelstraße,2019,12,9,3,2,5,3,0,0,1,0,0,0,0,2
12408,201711,11,8,8010303,Donaustraße,2019,12,8,3,3,3,6,0,1,1,0,0,0,0,0
12409,201712,11,8,8020621,Mohriner Allee Nord,2019,12,8,3,3,2,6,0,0,1,0,0,0,0,0
12410,201713,11,11,11030824,Frankfurter Allee Süd,2019,12,7,3,3,0,1,0,1,0,0,0,0,0,2
12411,201714,11,6,6030503,Zehlendorf Mitte,2019,12,8,3,3,6,2,0,0,1,1,0,0,0,0
12412,201715,11,2,2020203,Viktoriapark,2019,12,7,3,3,0,2,0,1,0,0,0,0,1,2
12413,201716,11,9,9020701,Adlershof West,2019,12,7,3,3,5,2,1,0,1,0,1,0,0,1
12414,201717,11,5,5030730,Zitadellenweg,2019,12,5,3,3,1,5,2,0,1,0,0,0,0,2
12415,201718,11,12,12304314,Ziekowstraße/Freie Scholle,2019,12,5,3,3,5,2,2,0,1,0,0,0,0,2
12416,201719,11,1,1011401,Invalidenstraße,2019,12,21,3,3,6,2,2,0,1,1,0,0,0,1
12417,201720,11,12,12304313,Borsigwalde,2019,12,20,3,3,5,2,2,0,1,0,0,0,0,0
12418,201721,11,3,3050925,Komponistenviertel Weißensee,2019,12,20,3,3,0,1,2,0,0,0,1,0,0,2
12419,201722,11,9,9010402,Johannisthal Ost,2019,12,20,3,3,5,2,2,1,1,0,0,0,0,1
12420,201723,11,9,9041501,Altstadt Kietz,2019,12,17,3,3,1,1,2,0,1,0,1,0,0,1
12421,201724,11,3,3061429,Greifswalder Straße,2019,12,17,3,3,5,2,2,1,1,0,0,0,0,1
12422,201725,11,3,3051017,Rennbahnstraße,2019,12,17,3,3,2,6,2,0,1,0,0,0,0,1
12423,201726,11,10,10040931,Mahlsdorf Nord,2019,12,18,3,3,2,2,2,0,1,0,0,0,0,1
12424,201727,11,1,1011302,Oranienburger Straße,2019,12,18,3,3,1,5,2,1,1,0,0,0,0,1
12425,201728,11,1,1011304,Karl-Marx-Allee,2019,12,16,3,3,2,2,2,0,1,0,0,0,0,1
12426,201729,11,11,11051331,Karlshorst Nord,2019,12,7,3,3,0,6,1,1,1,0,0,0,0,2
12427,201730,11,7,7040404,Marienhöhe,2019,12,17,3,3,6,2,2,0,1,1,0,0,0,1
12428,201731,11,12,12103117,Letteplatz,2019,12,17,3,3,1,5,2,0,1,0,1,0,0,1
12429,201732,11,3,3050925,Komponistenviertel Weißensee,2019,12,16,3,2,6,4,2,0,1,1,0,0,0,1
12430,201733,11,3,3061228,Erich-Weinert-Straße,2019,12,17,3,3,2,6,2,0,1,0,0,0,0,1
12431,201734,11,3,3061227,Humannplatz,2019,12,16,3,3,5,3,2,0,1,0,0,0,0,1
12432,201735,11,1,1022101,Huttenkiez,2019,12,16,3,3,5,2,2,0,1,0,0,0,0,1
12433,201736,11,3,3061126,Arnimplatz,2019,12,15,3,3,5,3,0,1,1,0,0,0,0,1
12434,201737,11,7,7060603,Marienfelde Nordost,2019,12,15,3,2,1,5,0,0,1,0,0,0,0,1
12435,201738,11,1,1011203,Unter den Linden Süd,2019,12,15,3,3,5,3,0,1,1,0,0,0,0,1
12436,201739,11,4,4051445,Eisenzahnstraße,2019,12,15,3,3,2,6,0,0,1,0,0,0,0,0
12437,201740,11,4,4031032,Halensee,2019,12,14,3,3,5,2,0,1,1,0,0,0,0,0
12438,201741,11,11,11020515,Landsberger Allee,2019,12,7,3,3,6,2,2,0,1,1,0,0,0,1
12439,201742,11,2,2020204,Urbanstraße,2019,12,13,3,3,1,5,0,1,1,0,0,0,0,1
12440,201743,11,9,9051901,Dammvorstadt,2019,12,12,3,3,6,6,0,0,1,1,0,0,0,1
12441,201744,11,9,9051901,Dammvorstadt,2019,12,11,3,2,5,2,0,1,1,0,0,0,0,0
12442,201745,11,2,2020203,Viktoriapark,2019,12,20,2,2,5,2,2,0,1,0,0,0,0,1
12443,201746,11,1,1022206,Lüneburger Straße,2019,12,21,2,2,3,6,2,1,0,0,0,0,0,1
12444,201747,11,12,12231101,Hermsdorf,2019,12,16,2,3,1,5,2,1,0,0,0,0,1,0
12445,201748,11,4,4031032,Halensee,2019,12,17,2,3,6,2,2,0,1,1,0,0,0,1
12446,201749,11,4,4010101,Jungfernheide,2019,12,17,2,3,2,6,2,0,1,0,0,0,0,1
12447,201750,11,7,7040402,Lindenhofsiedlung,2019,12,17,2,3,6,2,2,0,1,1,0,0,0,1
12448,201751,11,2,2040502,Friedenstraße,2019,12,17,2,3,5,3,2,0,1,0,0,0,1,1
12449,201752,11,7,7060604,Marienfelde Süd,2019,12,17,2,2,6,4,2,0,1,1,0,0,0,1
12450,201753,11,1,1011301,Charitéviertel,2019,12,16,2,3,2,6,2,1,1,0,0,0,0,1
12451,201754,11,8,8010509,Schulenburgpark,2019,12,16,2,3,1,5,2,1,1,0,0,0,0,1
12452,201755,11,12,12214423,Mellerbogen,2019,12,16,2,3,5,3,2,0,1,0,0,0,0,1
12453,201756,11,2,2040502,Friedenstraße,2019,12,16,2,3,5,2,2,0,1,0,0,0,1,1
12454,201757,11,6,6020409,Königsberger Straße,2019,12,16,2,3,5,2,2,1,1,0,0,0,0,1
12455,201758,11,4,4030519,Kaiserin-Augusta-Allee,2019,12,16,2,3,2,6,2,0,1,0,0,0,0,1
12456,201759,11,2,2050802,Boxhagener Platz,2019,12,15,2,3,0,7,1,1,0,0,0,0,0,1
12457,201760,11,2,2010102,Mehringplatz,2019,12,16,2,2,6,4,2,0,1,1,0,0,0,1
12458,201761,11,2,2050602,Samariterviertel,2019,12,22,2,3,8,1,2,0,1,0,0,0,0,0
12459,201762,11,8,8010301,Reuterkiez,2019,12,14,2,3,5,3,0,1,1,0,0,0,0,1
12460,201763,11,6,6020303,Lankwitz Kirche,2019,12,14,2,3,2,6,0,0,1,0,0,1,0,0
12461,201764,11,2,2010104,Wassertorplatz,2019,12,21,2,2,3,6,2,1,1,0,0,0,0,1
12462,201765,11,3,3061430,Volkspark Prenzlauer Berg,2019,12,19,2,3,5,7,2,0,1,0,0,0,1,1
12463,201766,11,7,7040405,Rathaus Tempelhof,2019,12,13,2,3,2,6,0,0,1,0,0,1,0,0
12464,201767,11,6,6040810,Dahlem,2019,12,19,2,3,6,2,2,0,1,1,0,0,0,1
12465,201768,11,1,1033102,Gesundbrunnen,2019,12,13,2,3,2,6,0,0,1,0,0,1,0,1
12466,201769,11,12,12301203,Wittenau Süd,2019,12,12,2,3,0,5,0,0,1,0,0,0,1,1
12467,201770,11,3,3061228,Erich-Weinert-Straße,2019,12,18,2,2,6,2,2,0,1,1,0,0,0,1
12468,201771,11,3,3040512,Wilhelmsruh,2019,12,16,2,3,6,4,2,0,1,1,0,0,0,1
12469,201772,11,9,9010202,Köpenicker Landstraße,2019,12,11,2,3,5,2,0,0,1,0,0,0,0,0
12470,201773,11,7,7060604,Marienfelde Süd,2019,12,17,2,3,1,5,2,0,1,0,0,0,0,1
12471,201774,11,6,6020411,Schütte-Lanz-Straße,2019,12,11,2,3,0,3,0,0,0,0,0,0,1,0
12472,201775,11,4,4030621,Spreestadt,2019,12,9,2,3,5,2,0,0,1,0,1,0,0,1
12473,201776,11,4,4031032,Halensee,2019,12,5,2,3,5,7,2,0,1,0,0,1,0,0
12474,201777,11,3,3010101,Bucher Forst,2019,12,5,2,3,5,3,2,1,1,0,0,0,0,0
12475,201778,11,8,8010508,Weiße Siedlung,2019,12,4,2,3,4,6,2,0,1,0,0,0,0,1
12476,201779,11,2,2050802,Boxhagener Platz,2019,12,2,2,3,6,4,2,0,1,1,0,0,0,0
12477,201780,11,3,3040614,Pankow Zentrum,2019,12,17,2,3,5,7,2,1,1,0,0,0,0,1
12478,201781,11,11,11051332,Karlshorst Süd,2019,12,7,2,3,5,2,0,1,1,0,0,0,0,0
12479,201782,11,7,7040403,Manteuffelstraße,2019,12,22,1,3,5,3,2,0,1,0,0,0,0,0
12480,201783,11,1,1044101,Rehberge,2019,12,21,1,3,1,6,2,0,1,0,0,0,1,0
12481,201784,11,3,3061126,Arnimplatz,2019,12,19,1,2,6,4,2,0,0,1,0,0,1,0
12482,201785,11,5,5020626,Adamstraße,2019,12,18,1,3,5,2,2,0,1,0,1,0,0,0
12483,201786,11,11,11030721,Rüdigerstraße,2019,12,14,1,3,0,4,0,1,0,1,0,0,0,0
12484,201787,11,8,8010213,Körnerpark,2019,12,13,1,3,5,3,0,0,1,0,0,0,0,0
12485,201788,11,3,3051017,Rennbahnstraße,2019,12,10,1,3,2,6,0,0,1,0,0,0,0,0
12486,201789,11,8,8040933,Vogelviertel Süd,2019,12,4,1,2,5,3,2,0,1,0,0,0,0,0
12487,201790,11,2,2040502,Friedenstraße,2019,12,1,1,2,6,7,2,0,1,1,0,0,0,0
12488,201791,11,1,1011303,Alexanderplatzviertel,2019,12,1,1,3,5,3,2,0,1,0,0,0,1,0
12489,201792,11,2,2020204,Urbanstraße,2019,11,15,7,3,0,6,0,0,1,0,1,0,0,0
12490,201793,11,1,1022206,Lüneburger Straße,2019,11,12,7,3,5,3,0,1,1,0,0,0,0,0
12491,201794,11,12,12304314,Ziekowstraße/Freie Scholle,2019,11,0,7,3,2,6,2,0,1,0,0,0,0,0
12492,201795,11,5,5010314,Carl-Schurz-Straße,2019,11,9,7,3,6,2,0,0,1,1,0,0,0,0
12493,201796,11,1,1011303,Alexanderplatzviertel,2019,11,3,7,3,2,6,2,0,1,0,0,0,0,0
12494,201797,11,1,1011301,Charitéviertel,2019,11,23,7,3,1,5,2,1,0,0,0,0,1,0
12495,201798,11,2,2050602,Samariterviertel,2019,11,19,7,3,5,3,2,0,1,0,1,0,0,0
12496,201799,11,3,3020307,Buchholz,2019,11,18,7,3,5,2,2,1,1,0,0,0,0,0
12497,201800,11,8,8010211,Flughafenstraße,2019,11,18,7,3,5,2,2,0,1,0,0,0,0,0
12498,201801,11,5,5030731,Gartenfelder Straße,2019,11,16,7,3,5,2,1,0,1,0,0,0,0,0
12499,201802,11,12,12214527,Alt-Tegel,2019,11,16,7,3,2,6,1,0,1,0,0,0,0,0
12500,201803,11,3,3061228,Erich-Weinert-Straße,2019,11,18,7,3,2,6,2,0,1,0,0,0,0,0
12501,201804,11,5,5010314,Carl-Schurz-Straße,2019,11,14,7,2,6,4,0,0,1,1,0,0,0,0
12502,201805,11,11,11030617,Hohenschönhausener Straße,2019,11,12,7,2,5,2,0,0,1,0,0,0,1,0
12503,201806,11,7,7050501,Rathausstraße,2019,11,14,7,3,2,6,0,0,1,0,0,0,0,0
12504,201807,11,2,2030302,Lausitzer Platz,2019,11,7,7,3,0,7,0,1,0,0,0,0,0,0
12505,201808,11,2,2050803,Stralauer Kiez,2019,11,4,7,3,0,1,2,0,0,0,0,0,1,0
12506,201809,11,2,2050803,Stralauer Kiez,2019,11,19,7,3,6,2,2,0,1,1,0,0,0,1
12507,201810,11,2,2010104,Wassertorplatz,2019,11,17,6,3,5,2,2,0,1,0,0,0,0,0
12508,201811,11,8,8030829,Gropiusstadt Nord,2019,11,19,6,3,5,7,2,0,1,0,0,0,0,1
12509,201812,11,5,5010314,Carl-Schurz-Straße,2019,11,18,6,3,5,2,2,1,1,0,0,0,0,0
12510,201813,11,5,5010314,Carl-Schurz-Straße,2019,11,18,6,3,6,4,2,0,1,1,0,0,0,0
12511,201814,11,8,8010118,Silbersteinstraße,2019,11,18,6,3,0,6,2,0,0,0,1,0,1,0
12512,201815,11,2,2010104,Wassertorplatz,2019,11,17,6,3,3,2,1,1,1,0,0,0,0,0
12513,201816,11,2,2020206,Graefekiez,2019,11,16,6,3,5,2,2,1,1,0,0,0,0,0
12514,201817,11,1,1033102,Gesundbrunnen,2019,11,15,6,3,1,5,0,0,1,0,0,1,0,0
12515,201818,11,8,8010302,Bouchéstraße,2019,11,14,6,3,5,3,0,0,1,0,0,0,0,1
12516,201819,11,9,9031202,Schmöckwitz/Rauchfangswerder,2019,11,12,6,3,0,6,0,0,1,0,1,0,0,1
12517,201820,11,6,6030503,Zehlendorf Mitte,2019,11,12,6,3,5,7,0,0,1,0,0,0,1,0
12518,201821,11,1,1033202,Humboldthain Süd,2019,11,12,6,3,5,2,0,0,1,0,0,0,0,0
12519,201822,11,6,6010210,Bismarckstraße,2019,11,11,6,3,6,4,0,0,1,1,0,0,0,0
12520,201823,11,12,12304314,Ziekowstraße/Freie Scholle,2019,11,11,6,3,5,2,0,0,1,0,0,0,0,0
12521,201824,11,7,7060601,Marienfelder Allee Nordwest,2019,11,11,6,2,1,5,0,0,1,0,0,0,0,0
12522,201825,11,2,2010102,Mehringplatz,2019,11,9,6,3,6,4,0,0,0,1,0,0,1,0
12523,201826,11,5,5030731,Gartenfelder Straße,2019,11,9,6,3,2,6,0,0,1,0,0,1,0,0
12524,201827,11,7,7030302,Ceciliengärten,2019,11,9,6,3,5,3,0,1,1,0,0,0,0,0
12525,201828,11,2,2010102,Mehringplatz,2019,11,16,6,2,0,7,2,1,0,0,0,0,0,0
12526,201829,11,1,1033101,Soldiner Straße,2019,11,9,6,3,2,6,0,0,1,0,0,0,0,0
12527,201830,11,7,7010102,Nollendorfplatz,2019,11,9,6,3,6,4,0,1,0,1,0,0,0,1
12528,201831,11,2,2040502,Friedenstraße,2019,11,8,6,3,5,2,0,1,0,0,0,0,1,0
12529,201832,11,2,2020205,Chamissokiez,2019,11,8,6,3,6,4,0,1,0,1,0,0,0,1
12530,201833,11,10,10010102,Havemannstraße,2019,11,7,6,3,6,4,2,0,1,1,0,0,0,1
12531,201834,11,5,5030730,Zitadellenweg,2019,11,19,5,3,2,6,2,0,1,0,0,0,0,1
12532,201835,11,9,9052001,Köpenick Nord,2019,11,19,5,2,1,5,2,0,1,0,0,0,1,1
12533,201836,11,4,4030929,Hindemithplatz,2019,11,19,5,3,2,6,2,0,1,0,0,0,0,1
12534,201837,11,4,4030620,Alt-Lietzow,2019,11,18,5,3,3,6,2,0,1,0,1,0,0,1
12535,201838,11,8,8010301,Reuterkiez,2019,11,18,5,3,2,3,2,0,1,0,0,0,0,1
12536,201839,11,1,1044202,Sparrplatz,2019,11,18,5,2,6,2,2,0,1,1,0,0,0,1
12537,201840,11,3,3061126,Arnimplatz,2019,11,19,5,2,6,2,2,0,0,1,0,0,1,0
12538,201841,11,7,7050502,Fritz-Werner-Straße,2019,11,18,5,3,5,2,2,0,1,0,0,0,0,1
12539,201842,11,11,11040925,Victoriastadt,2019,11,17,5,3,0,6,2,0,1,0,1,0,0,1
12540,201843,11,1,1044202,Sparrplatz,2019,11,17,5,3,2,6,2,0,1,0,0,0,0,1
12541,201844,11,11,11020513,Orankesee,2019,11,17,5,3,5,2,2,0,1,0,0,0,0,1
12542,201845,11,6,6030608,Schweizer Viertel,2019,11,17,5,3,6,2,2,0,1,1,0,0,0,1
12543,201846,11,11,11030720,Herzbergstraße,2019,11,17,5,2,6,4,2,1,0,1,0,0,0,1
12544,201847,11,12,12231101,Hermsdorf,2019,11,17,5,3,1,5,2,0,1,0,0,0,0,0
12545,201848,11,1,1011401,Invalidenstraße,2019,11,17,5,3,5,3,2,1,1,0,0,0,0,1
12546,201849,11,5,5010314,Carl-Schurz-Straße,2019,11,17,5,3,6,4,2,0,1,1,0,0,0,1
12547,201850,11,10,10040933,Mahlsdorf Süd,2019,11,16,5,3,5,3,2,1,1,0,0,0,0,1
12548,201851,11,10,10020622,Kaulsdorf Nord I,2019,11,16,5,3,6,7,2,0,0,1,0,0,1,0
12549,201852,11,9,9041501,Altstadt Kietz,2019,11,16,5,3,6,4,2,0,1,1,0,0,0,1
12550,201853,11,1,1011303,Alexanderplatzviertel,2019,11,15,5,3,5,2,0,1,1,0,0,0,0,0
12551,201854,11,10,10010204,Wuhletalstraße,2019,11,14,5,3,6,4,0,0,1,1,0,0,0,0
12552,201855,11,4,4051549,Rathaus Wilmersdorf,2019,11,21,5,3,5,2,2,1,1,0,0,0,0,1
12553,201856,11,9,9020701,Adlershof West,2019,11,12,5,3,1,5,0,0,1,0,0,0,0,0
12554,201857,11,12,12103218,Teichstraße,2019,11,13,5,3,2,6,0,0,1,0,0,0,0,1
12555,201858,11,3,3071537,Kollwitzplatz,2019,11,13,5,3,7,7,0,1,0,0,0,0,0,0
12556,201859,11,11,11040926,Weitlingstraße,2019,11,12,5,3,5,2,0,0,1,0,0,0,0,0
12557,201860,11,5,5010207,Darbystraße,2019,11,12,5,3,2,3,0,0,1,0,1,0,0,0
12558,201861,11,4,4051445,Eisenzahnstraße,2019,11,20,5,3,5,7,2,0,1,0,1,0,0,1
12559,201862,11,9,9020501,Oberschöneweide West,2019,11,12,5,3,5,7,0,0,1,0,0,1,0,0
12560,201863,11,9,9010202,Köpenicker Landstraße,2019,11,20,5,3,5,3,2,1,1,0,0,0,0,1
12561,201864,11,2,2030302,Lausitzer Platz,2019,11,11,5,3,5,7,0,1,1,0,0,0,0,0
12562,201865,11,12,12214424,Scharnweberstraße,2019,11,10,5,3,5,2,0,1,1,0,0,0,0,0
12563,201866,11,11,11010310,Mühlengrund,2019,11,10,5,3,6,2,0,0,0,1,0,1,0,0
12564,201867,11,3,3020307,Buchholz,2019,11,10,5,3,1,5,0,1,0,0,0,0,1,0
12565,201868,11,10,10020415,Hellersdorfer Promenade,2019,11,8,5,3,5,3,0,1,1,0,0,0,0,0
12566,201869,11,5,5040934,Alt-Gatow,2019,11,8,5,3,2,6,0,0,1,0,0,0,0,0
12567,201870,11,2,2030302,Lausitzer Platz,2019,11,7,5,3,6,4,0,1,1,1,0,0,0,1
12568,201871,11,5,5030731,Gartenfelder Straße,2019,11,5,5,3,5,2,2,1,1,0,0,0,0,1
12569,201872,11,7,7010102,Nollendorfplatz,2019,11,18,4,3,2,7,2,1,1,0,0,0,0,1
12570,201873,11,7,7040405,Rathaus Tempelhof,2019,11,17,4,3,6,6,2,1,0,1,0,0,0,0
12571,201874,11,3,3061228,Erich-Weinert-Straße,2019,11,19,4,3,5,3,2,0,1,0,0,0,0,1
12572,201875,11,8,8010214,Glasower Straße,2019,11,20,4,3,1,5,2,1,1,0,0,0,0,0
12573,201876,11,8,8020727,Buckow Mitte,2019,11,16,4,3,6,2,1,0,1,1,0,0,0,1
12574,201877,11,1,1033101,Soldiner Straße,2019,11,19,4,2,1,5,2,0,1,0,0,0,1,1
12575,201878,11,8,8010404,Rixdorf,2019,11,19,4,3,6,4,2,0,1,1,0,0,0,1
12576,201879,11,9,9010302,Späthsfelde,2019,11,19,4,3,2,6,2,0,1,0,0,0,0,1
12577,201880,11,6,6020302,Komponistenviertel Lankwitz,2019,11,18,4,3,6,2,2,0,1,1,0,0,0,1
12578,201881,11,3,3061228,Erich-Weinert-Straße,2019,12,8,6,3,5,3,0,1,1,0,0,0,0,1
12579,201882,11,4,4010102,Plötzensee,2019,11,18,4,3,5,2,2,0,1,0,0,0,0,1
12580,201883,11,8,8020620,Tempelhofer Weg,2019,11,18,4,3,8,1,2,0,1,0,0,0,0,1
12581,201884,11,6,6030501,Berlepschstraße,2019,12,8,6,3,5,7,0,0,0,0,1,0,1,0
12582,201885,11,3,3061228,Erich-Weinert-Straße,2019,11,17,4,3,2,6,2,0,1,0,0,0,0,1
12583,201886,11,7,7070702,Alt-Lichtenrade/Töpchiner Weg,2019,12,5,6,3,5,3,2,0,1,0,0,0,0,0
12584,201887,11,4,4051445,Eisenzahnstraße,2019,11,17,4,3,5,2,2,1,1,0,0,0,0,1
12585,201888,11,12,12301203,Wittenau Süd,2019,11,17,4,3,6,4,2,0,1,1,0,0,0,1
12586,201889,11,4,4031032,Halensee,2019,12,6,6,3,2,6,0,0,1,0,0,0,0,1
12587,201890,11,7,7050503,Eisenacher Straße,2019,11,17,4,3,5,7,2,0,1,0,1,0,0,1
12588,201891,11,7,7030303,Grazer Platz,2019,11,17,4,3,5,3,2,0,1,0,0,0,0,1
12589,201892,11,6,6010207,Mittelstraße,2019,11,17,4,3,5,3,2,1,1,0,0,0,0,1
12590,201893,11,12,12214527,Alt-Tegel,2019,12,6,6,3,5,2,2,0,1,0,0,0,1,2
12591,201894,11,3,3040614,Pankow Zentrum,2019,12,6,6,2,5,3,2,1,1,0,0,0,0,0
12592,201895,11,2,2030302,Lausitzer Platz,2019,11,17,4,3,5,2,2,1,1,0,0,0,0,1
12593,201896,11,1,1011102,Großer Tiergarten,2019,11,17,4,3,5,2,2,0,1,0,1,0,0,1
12594,201897,11,7,7020203,Kaiser-Wilhelm-Platz,2019,12,7,6,3,5,3,1,1,1,0,0,0,0,0
12595,201898,11,1,1044202,Sparrplatz,2019,11,17,4,3,6,2,2,0,1,1,0,0,0,1
12596,201899,11,1,1022106,Elberfelder Straße,2019,11,20,4,3,5,2,2,1,1,0,0,0,0,0
12597,201900,11,5,5010101,Hakenfelde Nord,2019,12,7,6,3,5,3,1,1,1,0,0,0,0,1
12598,201901,11,8,8010404,Rixdorf,2019,12,0,6,2,6,2,2,0,1,1,0,0,0,0
12599,201902,11,1,1011401,Invalidenstraße,2019,11,22,4,3,0,7,2,0,0,0,0,0,1,1
12600,201903,11,3,3010104,Lietzengraben,2019,11,13,4,3,3,6,0,1,1,0,0,0,0,0
12601,201904,11,11,11020515,Landsberger Allee,2019,12,13,6,2,6,4,0,0,1,1,0,0,0,1
12602,201905,11,6,6040810,Dahlem,2019,12,13,6,3,2,6,0,0,1,0,0,0,0,1
12603,201906,11,10,10030727,Biesdorf Süd,2019,11,13,4,3,2,6,0,0,1,0,0,0,1,0
12604,201907,11,2,2040702,Weberwiese,2019,11,12,4,3,0,1,0,0,0,0,0,0,1,0
12605,201908,11,9,9010301,Baumschulenstraße,2019,11,12,4,3,2,6,0,0,1,0,0,0,0,1
12606,201909,11,11,11030619,Fennpfuhl Ost,2019,12,12,6,3,5,7,0,0,1,0,0,0,1,1
12607,201910,11,7,7040401,Neu-Tempelhof,2019,11,12,4,3,3,6,0,1,0,0,0,1,0,0
12608,201911,11,4,4030519,Kaiserin-Augusta-Allee,2019,12,12,6,3,0,1,0,0,0,0,1,0,0,1
12609,201912,11,8,2020206,Graefekiez,2019,11,11,4,3,2,6,0,0,1,0,0,0,1,0
12610,201913,11,3,3051022,Hansastraße,2019,11,11,4,3,5,3,0,0,1,0,0,0,0,0
12611,201914,11,2,2010101,Askanischer Platz,2019,12,12,6,3,0,1,0,0,0,0,1,0,0,1
12612,201915,11,6,6010205,Südende,2019,11,10,4,3,2,7,0,0,1,0,0,0,0,0
12613,201916,11,10,10020414,Helle Mitte,2019,11,16,4,3,6,4,2,0,0,1,0,0,1,1
12614,201917,11,1,1011301,Charitéviertel,2019,11,9,4,2,5,3,0,1,1,0,0,0,0,0
12615,201918,11,1,1044103,Westliche Müllerstraße,2019,12,11,6,3,6,2,0,0,0,1,0,0,1,0
12616,201919,11,12,12214421,Reinickes Hof,2019,12,11,6,3,0,3,0,0,1,0,1,0,0,1
12617,201920,11,12,12302211,Lübarser Straße,2019,11,7,4,3,5,3,0,0,1,0,0,0,0,0
12618,201921,11,1,1011306,Heine-Viertel Ost,2019,11,16,4,3,6,2,2,0,1,1,0,0,0,1
12619,201922,11,11,11041022,Rosenfelder Ring,2019,12,10,6,3,3,6,0,0,1,0,0,0,0,1
12620,201923,11,6,6020303,Lankwitz Kirche,2019,12,18,6,1,6,2,2,0,1,1,0,0,0,1
12621,201924,11,5,5010314,Carl-Schurz-Straße,2019,11,7,4,2,5,2,0,0,0,0,0,0,1,0
12622,201925,11,11,11040926,Weitlingstraße,2019,11,16,4,3,6,2,1,0,1,1,0,0,0,1
12623,201926,11,6,6040806,Fischtal,2019,12,17,6,1,6,2,2,0,1,1,0,0,0,1
12624,201927,11,2,2010103,Moritzplatz,2019,11,16,4,3,5,3,2,1,1,0,0,0,0,1
12625,201928,11,10,10010309,Springpfuhl,2019,11,5,4,3,5,3,2,0,1,0,1,0,0,0
12626,201929,11,1,1022203,Lübecker Straße,2019,12,17,5,3,1,5,2,1,1,0,0,0,0,1
12627,201930,11,10,10020517,Adele-Sandrock-Straße,2019,12,13,5,3,0,4,0,0,0,1,0,0,1,0
12628,201931,11,4,4030827,Karl-August-Platz,2019,11,15,4,3,2,6,0,0,1,0,0,0,0,1
12629,201932,11,3,3030715,Heinersdorf,2019,11,15,4,3,6,4,1,0,1,1,0,0,0,1
12630,201933,11,2,2050803,Stralauer Kiez,2019,11,15,4,3,6,4,0,0,1,1,0,0,0,1
12631,201934,11,3,3030406,Alt-Karow,2019,12,12,5,3,5,3,0,0,1,0,0,0,0,0
12632,201935,11,1,1022206,Lüneburger Straße,2019,11,15,4,3,2,1,0,1,0,0,0,0,1,1
12633,201936,11,10,10010102,Havemannstraße,2019,12,12,5,3,0,3,0,0,0,0,0,0,1,0
12634,201937,11,11,11030721,Rüdigerstraße,2019,11,7,4,3,0,1,1,1,0,0,0,0,0,0
12635,201938,11,8,8010116,Wissmannstraße,2019,11,17,4,3,4,5,2,0,1,0,1,0,0,0
12636,201939,11,12,12214126,Tegel Süd,2019,12,9,5,3,6,4,0,0,1,1,0,0,0,0
12637,201940,11,4,4030930,George-Grosz-Platz,2019,12,9,5,2,2,6,0,0,1,0,1,0,0,1
12638,201941,11,3,3020209,Niederschönhausen,2019,11,7,3,3,6,4,1,0,1,1,0,0,0,0
12639,201942,11,3,3050923,Weißenseer Spitze,2019,12,9,5,3,2,6,0,1,1,0,0,0,0,0
12640,201943,11,8,8010211,Flughafenstraße,2019,11,19,3,2,0,1,2,1,0,0,0,0,0,0
12641,201944,11,10,10010310,Alt-Marzahn,2019,11,18,3,2,6,4,2,0,0,1,0,0,1,0
12642,201945,11,8,8010404,Rixdorf,2019,12,23,5,2,6,4,2,0,1,1,0,0,0,0
12643,201946,11,8,8010301,Reuterkiez,2019,12,8,5,3,2,6,0,0,1,0,0,0,0,0
12644,201947,11,12,12214125,Waldidyll/Flughafensee,2019,11,17,3,3,5,3,2,0,1,0,1,0,0,0