,object id,city,district,sub district key,street,year,month,hour of day,weekday,category,accident type,accident type 2,light situation,bike involved,car involved,pedestrian involved,motor bike involved,big track involved,other vehicle involved,road condition
12645,201948,11,8,8010214,Glasower Straße,2019,11,16,3,3,5,3,2,0,1,0,0,0,0,0
12646,201949,11,6,6030608,Schweizer Viertel,2019,12,7,5,3,1,5,0,1,1,0,0,0,0,0
12647,201950,11,4,4051653,Prager Platz,2019,12,21,5,3,5,2,2,1,1,0,0,0,0,0
12648,201951,11,4,4020208,Kranzallee,2019,11,16,3,3,2,6,2,0,1,0,0,0,0,0
12649,201952,11,1,1033203,Humboldthain Nordwest,2019,11,16,3,3,2,6,1,0,1,0,0,0,0,0
12650,201953,11,11,11041128,Sewanstraße,2019,12,7,5,3,5,3,2,1,1,0,0,0,0,1
12651,201954,11,6,6010101,Fichtenberg,2019,11,16,3,2,6,4,2,0,1,1,0,0,0,0
12652,201955,11,11,11020515,Landsberger Allee,2019,12,7,5,3,5,3,2,1,1,0,0,0,0,1
12653,201956,11,12,12103117,Letteplatz,2019,11,16,3,3,2,6,2,0,1,0,0,0,0,0
12654,201957,11,9,9051701,Hirschgarten,2019,11,16,3,3,0,5,1,0,1,0,0,0,0,0
12655,201958,11,4,4030931,Breitscheidplatz,2019,12,21,5,3,1,5,2,0,1,0,0,0,0,0
12656,201959,11,4,4030725,Amtsgerichtsplatz,2019,12,0,5,2,0,7,2,0,0,0,0,0,1,0
12657,201960,11,8,8010301,Reuterkiez,2019,11,15,3,3,3,6,1,1,0,0,0,0,1,0
12658,201961,11,6,6010101,Fichtenberg,2019,11,20,3,3,5,3,2,1,1,0,0,0,0,1
12659,201962,11,7,7040402,Lindenhofsiedlung,2019,12,10,5,2,5,3,0,1,0,0,0,1,0,0
12660,201963,11,6,6030501,Berlepschstraße,2019,12,19,5,3,1,1,2,0,1,0,1,0,0,1
12661,201964,11,2,2010103,Moritzplatz,2019,11,19,3,3,5,2,2,1,1,0,0,0,0,0
12662,201965,11,4,4030519,Kaiserin-Augusta-Allee,2019,11,19,3,3,5,3,1,0,1,0,0,0,0,0
12663,201966,11,12,12301204,Wittenau Nord,2019,12,17,5,3,6,4,2,0,1,1,0,0,0,0
12664,201967,11,2,2020204,Urbanstraße,2019,12,18,5,3,0,1,2,0,0,0,1,0,0,0
12665,201968,11,12,12214125,Waldidyll/Flughafensee,2019,11,19,3,3,2,6,2,0,1,0,1,0,0,0
12666,201969,11,7,7030301,Friedenau,2019,11,19,3,3,1,5,2,1,1,0,0,0,0,0
12667,201970,11,5,5020625,Borkumer Straße,2019,11,19,3,3,5,2,2,0,1,0,0,0,0,0
12668,201971,11,2,2030302,Lausitzer Platz,2019,12,17,5,3,6,4,2,0,1,1,0,0,0,0
12669,201972,11,3,3061227,Humannplatz,2019,12,17,5,3,3,6,2,0,1,0,0,0,1,0
12670,201973,11,6,6020409,Königsberger Straße,2019,11,18,3,3,2,6,2,0,1,0,0,0,0,0
12671,201974,11,12,12304314,Ziekowstraße/Freie Scholle,2019,11,15,3,3,5,3,1,0,1,0,0,0,0,0
12672,201975,11,4,4030417,Schloßstraße,2019,12,18,5,3,1,5,2,1,0,0,0,0,1,0
12673,201976,11,2,2050801,Traveplatz,2019,12,17,5,3,6,6,1,0,1,1,0,0,0,0
12674,201977,11,2,2010104,Wassertorplatz,2019,11,14,3,3,5,2,0,0,1,0,0,1,0,0
12675,201978,11,1,1022201,Stephankiez,2019,11,15,3,3,0,1,0,0,0,0,1,0,0,0
12676,201979,11,6,6040702,Düppel,2019,12,18,5,3,5,3,2,1,1,0,0,0,0,0
12677,201980,11,4,4020310,Park Ruhwald,2019,11,14,3,3,1,5,0,0,1,0,0,0,0,0
12678,201981,11,4,4030930,George-Grosz-Platz,2019,12,16,5,3,0,3,2,1,0,0,1,0,0,1
12679,201982,11,7,7040403,Manteuffelstraße,2019,11,14,3,3,5,3,0,1,1,0,0,0,0,0
12680,201983,11,2,2010103,Moritzplatz,2019,11,13,3,3,5,2,0,1,0,0,0,0,1,0
12681,201984,11,7,7020203,Kaiser-Wilhelm-Platz,2019,12,16,5,3,5,2,2,0,1,0,1,0,0,1
12682,201985,11,3,3071639,Bötzowstraße,2019,12,16,5,3,1,5,2,1,1,0,0,0,0,0
12683,201986,11,9,9020701,Adlershof West,2019,11,13,3,3,5,2,0,0,1,0,0,0,0,0
12684,201987,11,11,11040926,Weitlingstraße,2019,11,10,3,3,5,3,0,0,1,0,0,0,0,0
12685,201988,11,11,11010207,Wartenberg Nord,2019,12,16,5,3,6,4,2,0,1,1,0,0,0,1
12686,201989,11,3,3010102,Buch,2019,12,14,5,3,5,3,0,1,1,0,0,0,0,0
12687,201990,11,7,7070703,John-Locke-Straße,2019,11,10,3,3,0,7,0,0,1,0,0,0,1,0
12688,201991,11,1,1022106,Elberfelder Straße,2019,11,12,3,3,0,7,0,0,0,0,1,0,1,0
12689,201992,11,1,1011201,Wilhelmstraße,2019,12,15,5,3,2,2,0,1,1,0,0,0,0,0
12690,201993,11,4,4030724,Lietzensee,2019,11,9,3,3,3,6,0,0,1,0,1,0,0,0
12691,201994,11,5,5030730,Zitadellenweg,2019,12,14,5,3,2,6,0,0,1,0,0,0,0,0
12692,201995,11,9,9020501,Oberschöneweide West,2019,12,14,5,2,6,4,0,0,1,1,0,0,0,0
12693,201996,11,1,1033101,Soldiner Straße,2019,11,9,3,3,5,2,0,0,1,0,0,0,1,0
12694,201997,11,12,12304313,Borsigwalde,2019,12,14,5,3,0,6,0,0,1,0,1,0,0,0
12695,201998,11,2,2020205,Chamissokiez,2019,11,7,3,3,0,3,0,1,0,0,1,0,0,0
12696,201999,11,6,6030608,Schweizer Viertel,2019,12,14,5,2,5,3,0,1,1,0,0,0,0,0
12697,202000,11,12,12301203,Wittenau Süd,2019,12,13,5,3,2,7,0,0,1,0,0,0,0,0
12698,202001,11,5,5030832,Rohrdamm,2019,11,7,3,3,2,6,1,0,1,0,0,0,0,0
12699,202002,11,4,4031032,Halensee,2019,11,7,3,3,5,3,0,1,1,0,0,0,0,0
12700,202003,11,8,8020620,Tempelhofer Weg,2019,12,13,5,3,5,7,0,1,1,0,0,0,0,0
12701,202004,11,6,6040810,Dahlem,2019,11,7,3,3,1,5,1,0,0,0,0,0,1,0
12702,202005,11,8,8020728,Buckow Ost,2019,11,12,3,3,6,4,0,0,1,1,0,0,1,0
12703,202006,11,8,8010404,Rixdorf,2019,11,10,3,3,3,6,0,1,1,0,0,0,0,0
12704,202007,11,1,1011103,Lützowstraße,2019,11,11,3,3,1,5,0,1,1,0,0,0,0,0
12705,202008,11,11,11010310,Mühlengrund,2019,11,10,3,3,6,4,0,0,0,1,0,0,1,0
12706,202009,11,2,2010101,Askanischer Platz,2019,12,13,5,3,1,5,0,0,1,0,0,0,0,0
12707,202010,11,5,5020628,Graetschelsteig,2019,12,18,4,3,5,2,1,0,1,0,0,0,1,0
12708,202011,11,3,3020307,Buchholz,2019,11,10,3,3,5,2,0,0,1,0,0,0,1,0
12709,202012,11,11,11051332,Karlshorst Süd,2019,11,13,2,3,5,2,0,1,0,0,0,0,1,0
12710,202013,11,1,1044101,Rehberge,2019,11,8,2,3,5,3,0,0,1,0,0,0,0,0
12711,202014,11,4,4041137,Flinsberger Platz,2019,12,7,4,3,6,2,1,0,1,1,0,0,0,0
12712,202015,11,1,1011202,Unter den Linden Nord,2019,11,8,2,3,6,4,0,1,0,1,0,0,0,0
12713,202016,11,1,1044202,Sparrplatz,2019,12,14,4,3,6,4,0,0,1,1,0,0,0,0
12714,202017,11,11,11020411,Malchower Weg,2019,11,15,2,2,6,7,0,0,1,1,0,0,0,0
12715,202018,11,8,8010404,Rixdorf,2019,11,21,2,3,6,4,2,0,1,1,0,0,0,0
12716,202019,11,6,6020408,Lichterfelde Süd,2019,12,19,4,2,5,2,2,0,1,0,1,0,0,0
12717,202020,11,10,10010310,Alt-Marzahn,2019,11,20,2,2,5,2,2,1,1,0,0,0,0,0
12718,202021,11,2,2030402,Wrangelkiez,2019,11,19,2,3,0,1,2,1,1,0,0,0,0,0
12719,202022,11,5,5040936,Jägerallee,2019,11,17,2,3,5,3,2,1,1,0,0,0,0,0
12720,202023,11,7,7050501,Rathausstraße,2019,12,18,4,3,5,2,2,0,1,0,1,0,0,0
12721,202024,11,8,8010510,Gewerbegebiet Köllnische Heide,2019,11,16,2,3,2,6,2,0,1,0,0,0,0,0
12722,202025,11,8,8020619,Buschkrugallee Nord,2019,11,16,2,3,5,3,2,0,1,0,1,0,0,0
12723,202026,11,12,12214528,Tegeler Forst,2019,12,18,4,3,9,1,2,0,1,0,0,0,0,0
12724,202027,11,4,4030725,Amtsgerichtsplatz,2019,11,16,2,3,2,3,2,1,1,0,0,0,0,0
12725,202028,11,7,7040403,Manteuffelstraße,2019,12,18,4,2,6,4,2,0,0,1,1,0,0,1
12726,202029,11,2,2020204,Urbanstraße,2019,11,15,2,3,1,1,0,0,1,0,0,0,0,0
12727,202030,11,8,8010211,Flughafenstraße,2019,11,18,2,3,0,1,2,1,0,0,0,0,0,0
12728,202031,11,4,4030930,George-Grosz-Platz,2019,12,17,4,3,1,5,2,1,1,0,0,0,1,0
12729,202032,11,8,8010303,Donaustraße,2019,12,17,4,3,6,4,2,1,0,1,0,0,0,0
12730,202033,11,2,2020203,Viktoriapark,2019,11,11,2,3,5,3,0,1,1,0,0,0,0,0
12731,202034,11,7,7030301,Friedenau,2019,11,14,2,3,0,4,0,1,0,1,0,0,0,0
12732,202035,11,4,4030725,Amtsgerichtsplatz,2019,12,17,4,3,0,7,2,0,0,0,1,0,0,0
12733,202036,11,2,2040502,Friedenstraße,2019,12,16,4,3,5,3,2,1,1,0,0,0,0,0
12734,202037,11,9,9030901,Dorf Altglienicke,2019,11,15,2,3,7,7,0,0,1,0,0,0,1,0
12735,202038,11,12,12214125,Waldidyll/Flughafensee,2019,11,15,2,3,4,6,0,0,1,0,0,0,0,0
12736,202039,11,9,9051901,Dammvorstadt,2019,11,15,2,3,2,6,0,0,1,0,0,0,0,0
12737,202040,11,1,1011105,Nördlicher Landwehrkanal,2019,12,18,4,3,5,2,2,1,1,0,0,0,0,0
12738,202041,11,10,10010207,Marzahner Promenade,2019,11,15,2,3,2,6,0,0,1,0,0,0,0,0
12739,202042,11,1,1011303,Alexanderplatzviertel,2019,12,15,4,3,5,3,1,0,1,0,0,0,0,0
12740,202043,11,3,3030406,Alt-Karow,2019,11,13,2,3,6,2,0,0,1,1,0,0,0,0
12741,202044,11,2,2020205,Chamissokiez,2019,11,11,2,3,5,3,0,1,1,0,0,0,0,0
12742,202045,11,9,9020802,Köllnische Vorstadt,2019,12,23,4,3,6,2,2,0,1,1,0,0,0,0
12743,202046,11,11,11010310,Mühlengrund,2019,11,9,2,3,0,6,0,0,1,0,1,0,0,0
12744,202047,11,1,1044202,Sparrplatz,2019,11,8,2,3,6,4,0,1,0,1,0,0,0,0
12745,202048,11,4,4010103,Paul-Hertz-Siedlung,2019,11,8,2,3,9,1,0,0,0,0,0,0,1,0
12746,202049,11,2,2030302,Lausitzer Platz,2019,12,23,4,3,2,6,2,0,1,0,0,0,0,1
12747,202050,11,2,2050602,Samariterviertel,2019,12,22,4,3,2,6,2,0,1,0,0,0,0,0
12748,202051,11,12,12214126,Tegel Süd,2019,11,6,2,2,5,3,2,1,1,0,0,0,0,0
12749,202052,11,8,8010301,Reuterkiez,2019,11,0,2,3,1,5,2,1,1,0,0,0,0,0
12750,202053,11,3,3061227,Humannplatz,2019,12,14,7,3,2,1,0,1,1,0,0,0,0,1
12751,202054,11,4,4051448,Schaperstraße,2019,12,14,7,3,0,1,0,1,0,0,0,0,0,1
12752,202055,11,8,8010301,Reuterkiez,2019,12,13,7,3,4,2,0,1,1,0,0,0,0,1
12753,202056,11,10,10020413,Gut Hellersdorf,2019,12,13,7,3,5,2,0,0,1,0,0,0,0,1
12754,202057,11,5,5020417,Staakener Straße,2019,12,13,7,3,0,1,0,1,0,0,0,0,0,1
12755,202058,11,6,6020408,Lichterfelde Süd,2019,12,12,7,3,5,3,0,0,1,0,0,0,0,1
12756,202059,11,6,6020408,Lichterfelde Süd,2019,12,12,7,3,5,7,0,0,1,0,0,0,0,1
12757,202060,11,6,6010209,Feuerbachstraße,2019,12,11,7,3,5,2,0,1,1,0,0,0,0,1
12758,202061,11,1,1033202,Humboldthain Süd,2019,12,11,7,3,2,6,0,0,1,0,1,0,0,1
12759,202062,11,3,3061131,Falkplatz,2019,12,10,7,3,5,3,0,1,1,0,0,0,0,1
12760,202063,11,2,2050803,Stralauer Kiez,2019,12,5,7,3,6,2,2,0,1,1,0,0,0,1
12761,202064,11,2,2050801,Traveplatz,2019,12,3,7,3,0,1,2,0,0,0,0,0,1,1
12762,202065,11,8,8010301,Reuterkiez,2019,12,23,7,3,5,2,2,0,1,0,0,0,0,1
12763,202066,11,2,2030301,Oranienplatz,2019,12,23,7,3,2,6,2,0,1,0,0,0,0,1
12764,202067,11,11,11030720,Herzbergstraße,2019,12,21,7,2,6,4,2,0,1,1,0,0,0,1
12765,202068,11,7,7070701,Kettinger Straße/Schillerstraße,2019,12,20,7,2,5,2,2,0,1,0,0,0,0,1
12766,202069,11,4,4051550,Leon-Jessel-Platz,2019,12,19,7,3,6,6,2,1,0,1,0,0,0,1
12767,202070,11,8,8040933,Vogelviertel Süd,2019,12,16,7,3,2,6,2,0,1,0,0,0,0,1
12768,202071,11,11,11020513,Orankesee,2019,12,17,7,3,0,7,2,0,1,0,0,0,1,0
12769,202072,11,10,10020414,Helle Mitte,2019,12,17,7,3,6,2,2,0,1,1,0,0,0,1
12770,202073,11,1,1033101,Soldiner Straße,2019,12,15,7,3,0,1,1,0,0,0,1,0,0,1
12771,202074,11,2,2010101,Askanischer Platz,2019,12,15,7,3,5,3,0,0,1,0,0,0,0,1
12772,202075,11,5,5010312,Kurstraße,2019,12,22,6,3,6,2,2,0,1,1,0,0,0,0
12773,202076,11,9,9041501,Altstadt Kietz,2019,12,21,6,3,1,5,2,1,0,0,0,0,1,1
12774,202077,11,9,9041301,Kietzer Feld/Nachtheide,2019,12,13,6,3,6,4,0,0,1,1,0,0,0,0
12775,202078,11,1,1011402,Arkonaplatz,2019,12,13,6,3,5,3,0,0,1,0,0,0,0,0
12776,202079,11,9,9051901,Dammvorstadt,2019,12,13,6,3,0,6,0,0,1,0,0,0,1,0
12777,202080,11,12,12214424,Scharnweberstraße,2019,12,12,6,3,6,4,0,0,1,1,0,0,0,0
12778,202081,11,7,7030303,Grazer Platz,2019,12,11,6,3,5,3,0,0,1,0,0,0,1,0
12779,202082,11,6,6030609,Augustaplatz,2019,12,7,6,3,6,2,1,0,1,1,0,0,0,1
12780,202083,11,7,7010102,Nollendorfplatz,2019,12,10,6,3,5,3,0,1,1,0,0,0,0,0
12781,202084,11,4,4030930,George-Grosz-Platz,2019,12,10,6,3,5,2,0,0,1,0,1,0,0,0
12782,202085,11,7,7070703,John-Locke-Straße,2019,12,10,6,3,0,1,0,1,0,0,0,0,0,2
12783,202086,11,10,10010310,Alt-Marzahn,2019,12,10,6,3,0,1,0,0,0,0,1,0,0,2
12784,202087,11,4,4051446,Preußenpark,2019,12,9,6,2,6,2,0,0,1,1,0,0,0,0
12785,202088,11,9,9020701,Adlershof West,2019,12,9,6,3,4,1,0,0,1,0,0,0,0,2
12786,202089,11,6,6020410,Oberhofer Platz,2019,12,8,6,3,5,3,0,0,0,0,1,1,0,1
12787,202090,11,4,4051653,Prager Platz,2019,12,8,6,3,5,2,0,1,1,0,0,0,0,0
12788,202091,11,1,1022207,Hansaviertel,2019,12,8,6,2,0,1,1,0,0,0,1,0,0,2
12789,202092,11,12,12302211,Lübarser Straße,2019,12,8,6,3,3,6,0,1,1,0,0,0,0,0
12790,202093,11,4,4041239,Stadion Wilmersdorf,2019,12,7,6,3,5,2,1,1,0,0,0,0,1,0
12791,202094,11,7,7040406,Germaniagarten,2019,12,7,6,3,5,2,0,1,1,0,0,0,0,1
12792,202095,11,11,11051330,Karlshorst West,2019,12,7,6,3,5,7,2,1,1,0,0,0,0,1
12793,202096,11,4,4030931,Breitscheidplatz,2019,12,14,6,2,6,4,0,0,1,1,0,0,0,0
12794,202097,11,1,1011202,Unter den Linden Nord,2019,12,19,6,3,5,3,2,0,1,0,0,0,0,0
12795,202098,11,3,3061131,Falkplatz,2019,12,19,6,2,0,1,2,1,0,0,0,0,0,0
12796,202099,11,5,5010207,Darbystraße,2019,12,19,6,3,2,6,2,0,1,0,0,0,0,0
12797,202100,11,9,9010101,Elsenstraße,2019,12,18,6,3,1,5,2,1,1,0,0,0,0,0
12798,202101,11,1,1044101,Rehberge,2019,12,18,6,2,5,3,2,1,1,0,0,0,0,0
12799,202102,11,7,7050505,Hundsteinweg,2019,12,17,6,3,2,6,2,0,1,0,0,0,0,0
12800,202103,11,11,11010310,Mühlengrund,2019,12,17,6,3,2,6,2,0,1,0,0,0,0,1
12801,202104,11,5,5010314,Carl-Schurz-Straße,2019,12,16,6,3,0,6,2,0,1,0,0,0,1,0
12802,202105,11,6,6010205,Südende,2019,12,16,6,3,2,2,1,0,1,0,0,0,0,0
12803,202106,11,1,1022204,Thomasiusstraße,2019,12,16,6,3,0,1,0,1,0,0,0,0,0,0
12804,202107,11,3,3040512,Wilhelmsruh,2019,12,16,6,3,8,1,2,0,1,0,0,0,0,0
12805,202108,11,5,5010314,Carl-Schurz-Straße,2019,12,15,6,3,5,3,0,0,1,0,0,0,1,0
12806,202109,11,1,1011202,Unter den Linden Nord,2019,12,15,6,3,2,2,2,0,0,0,0,0,1,1
12807,202110,11,2,2040503,Richard-Sorge-Viertel,2019,12,15,6,3,2,7,0,1,1,0,0,0,0,0
12808,202111,11,3,3020209,Niederschönhausen,2019,12,14,6,3,6,4,0,0,1,1,0,0,0,0
12809,202112,11,3,3040614,Pankow Zentrum,2019,12,6,5,3,6,7,2,1,0,1,0,0,0,0
12810,202113,11,4,4031032,Halensee,2019,12,13,5,2,6,4,0,0,1,1,0,0,0,0
12811,202114,11,2,2030402,Wrangelkiez,2019,12,11,5,3,5,2,0,1,1,0,0,0,0,0
12812,202115,11,1,1011301,Charitéviertel,2019,12,16,5,3,3,6,2,1,0,0,0,0,1,0
12813,202116,11,8,8010303,Donaustraße,2019,12,16,5,3,5,3,2,1,1,0,0,0,0,0
12814,202117,11,12,12302108,Märkisches Zentrum,2019,12,16,5,3,6,4,1,0,1,1,0,0,0,1
12815,202118,11,6,6040809,Thielallee,2019,12,15,5,3,3,6,2,0,1,0,0,0,0,1
12816,202119,11,7,7050506,Birnhornweg,2019,12,15,5,3,5,3,1,0,1,0,0,0,0,1
12817,202120,11,9,9010401,Johannisthal West,2019,12,15,5,3,5,3,2,0,1,0,0,0,0,1
12818,202121,11,1,1011201,Wilhelmstraße,2019,12,14,5,3,1,5,0,0,1,0,0,0,0,0
12819,202122,11,8,8010404,Rixdorf,2019,12,20,5,3,6,7,2,0,0,1,0,0,1,1
12820,202123,11,1,1033201,Brunnenstraße,2019,12,13,5,3,0,5,0,0,1,0,1,0,0,1
12821,202124,11,6,6030607,Goerzwerke,2019,12,13,5,3,2,2,0,0,1,0,0,0,0,1
12822,202125,11,1,1044201,Reinickendorfer Straße,2019,12,12,5,3,5,3,0,1,1,0,0,0,0,1
12823,202126,11,10,10040931,Mahlsdorf Nord,2019,12,12,5,3,5,3,0,1,1,0,0,0,0,1
12824,202127,11,11,11040925,Victoriastadt,2019,12,12,5,3,0,1,0,0,0,0,1,0,0,1
12825,202128,11,9,9010401,Johannisthal West,2019,12,12,5,2,5,2,1,1,0,0,0,1,0,0
12826,202129,11,9,9010401,Johannisthal West,2019,12,11,5,3,8,1,0,0,1,0,0,0,0,1
12827,202130,11,1,1011302,Oranienburger Straße,2019,12,11,5,3,5,3,0,0,1,0,1,0,0,1
12828,202131,11,2,2010102,Mehringplatz,2019,12,10,5,3,0,5,0,0,1,0,0,0,0,0
12829,202132,11,8,8020727,Buckow Mitte,2019,12,10,5,2,2,6,0,0,1,0,0,1,0,0
12830,202133,11,9,9051901,Dammvorstadt,2019,12,9,5,3,3,6,0,0,1,0,0,0,1,1
12831,202134,11,2,2020203,Viktoriapark,2019,12,21,5,2,5,3,2,1,0,0,0,0,0,1
12832,202135,11,1,1011401,Invalidenstraße,2019,12,20,5,3,1,5,0,1,1,0,0,0,0,0
12833,202136,11,8,8020619,Buschkrugallee Nord,2019,12,19,5,2,6,1,2,0,1,1,0,0,0,0
12834,202137,11,5,5030730,Zitadellenweg,2019,12,19,5,3,2,6,2,0,1,0,0,0,0,0
12835,202138,11,6,6030503,Zehlendorf Mitte,2019,12,18,5,3,5,3,2,1,1,0,0,0,0,1
12836,202139,11,2,2030301,Oranienplatz,2019,12,18,5,3,2,2,2,1,1,0,0,0,0,0
12837,202140,11,3,3030715,Heinersdorf,2019,12,17,5,2,5,3,2,0,1,0,0,0,0,1
12838,202141,11,3,3051017,Rennbahnstraße,2019,12,17,5,2,6,4,2,0,1,1,0,0,0,1
12839,202142,11,4,4010102,Plötzensee,2019,12,16,5,3,5,2,2,0,1,0,0,0,0,0
12840,202143,11,1,1011203,Unter den Linden Süd,2019,12,8,5,3,5,3,0,0,1,0,0,0,1,1
12841,202144,11,9,9010202,Köpenicker Landstraße,2019,12,7,5,3,3,5,0,0,0,0,1,0,1,1
12842,202145,11,3,3040818,Pankow Süd,2019,12,7,5,3,5,2,0,0,1,0,0,0,0,1
12843,202146,11,3,3061430,Volkspark Prenzlauer Berg,2019,12,7,5,3,2,6,1,0,1,0,0,0,0,1
12844,202147,11,6,6030504,Teltower Damm,2019,12,7,5,2,6,4,0,0,1,1,0,0,0,1
12845,202148,11,1,1033201,Brunnenstraße,2019,12,7,5,3,5,2,2,0,1,0,0,0,0,1
12846,202149,11,9,9051901,Dammvorstadt,2019,12,6,5,3,4,6,2,1,0,0,0,0,0,1
12847,202150,11,8,8041037,Alt-Rudow,2019,12,6,5,3,6,2,1,0,0,1,0,0,1,1
12848,202151,11,12,12231101,Hermsdorf,2019,12,6,5,3,2,6,2,0,1,0,0,0,0,1
12849,202152,11,5,5020419,Magistratsweg,2019,12,5,5,3,6,2,2,0,0,1,0,0,1,1
12850,202153,11,9,9010301,Baumschulenstraße,2019,12,7,4,3,4,5,0,1,1,0,0,0,0,0
12851,202154,11,3,3061332,Helmholtzplatz,2019,12,16,4,3,0,6,1,1,1,0,0,0,0,0
12852,202155,11,8,8010303,Donaustraße,2019,12,20,4,3,0,2,2,1,0,0,0,0,1,0
12853,202156,11,12,12301204,Wittenau Nord,2019,12,20,4,3,1,1,2,0,1,0,0,0,0,2
12854,202157,11,3,3051017,Rennbahnstraße,2019,12,17,4,3,4,6,1,0,1,0,1,0,0,0
12855,202158,11,1,1022104,Emdener Straße,2019,12,17,4,3,5,2,2,1,1,0,0,0,0,0
12856,202159,11,6,6020410,Oberhofer Platz,2019,12,16,4,3,5,3,0,0,1,0,0,0,0,0
12857,202160,11,9,9020702,Adlershof Ost,2019,12,16,4,3,6,4,2,0,1,1,0,0,0,0
12858,202161,11,11,11010205,Falkenberg West,2019,12,16,4,3,5,2,2,0,1,0,0,0,0,0
12859,202162,11,1,1033203,Humboldthain Nordwest,2019,12,15,4,3,5,3,0,0,1,0,0,0,0,1
12860,202163,11,10,10010310,Alt-Marzahn,2019,12,15,4,3,2,2,1,0,1,0,0,0,0,0
12861,202164,11,4,4030930,George-Grosz-Platz,2019,12,15,4,3,0,6,0,0,1,0,0,0,1,0
12862,202165,11,5,5030730,Zitadellenweg,2019,12,15,4,2,9,1,0,0,1,0,0,0,0,0
12863,202166,11,5,5020523,Maulbeerallee,2019,12,14,4,2,5,2,0,0,1,0,0,0,0,0
12864,202167,11,7,7040404,Marienhöhe,2019,12,13,4,3,6,4,0,0,1,1,0,0,0,0
12865,202168,11,4,4030417,Schloßstraße,2019,12,13,4,3,0,4,0,1,0,1,0,0,0,0
12866,202169,11,1,1011305,Heine-Viertel West,2019,12,12,4,3,5,2,0,1,1,0,0,0,0,0
12867,202170,11,8,8020622,Parchimer Allee,2019,12,12,4,3,0,2,0,0,1,0,0,0,1,0
12868,202171,11,3,3030715,Heinersdorf,2019,12,7,4,3,0,6,1,0,1,0,0,0,1,0
12869,202172,11,9,9020701,Adlershof West,2019,12,7,4,3,2,2,1,0,1,0,0,0,0,0
12870,202173,11,4,4051655,Babelsberger Straße,2019,12,6,4,3,6,2,2,0,1,1,0,0,0,0
12871,202174,11,12,12302107,Schorfheidestraße,2019,12,22,4,2,6,4,2,0,0,1,1,0,0,0
12872,202175,11,1,1044201,Reinickendorfer Straße,2019,12,19,4,3,2,6,2,0,1,0,0,0,0,0
12873,202176,11,1,1011204,Leipziger Straße,2019,12,17,4,3,6,2,2,1,0,1,0,0,0,0
12874,202177,11,4,4030415,Schloßgarten,2019,12,15,4,1,5,3,0,1,1,0,0,0,0,0
12875,202178,11,9,9031001,Bohnsdorf,2019,12,17,3,3,6,6,2,0,1,1,0,0,0,0
12876,202179,11,12,12214125,Waldidyll/Flughafensee,2019,12,7,3,3,2,6,0,0,1,0,0,0,0,0
12877,202180,11,1,1011203,Unter den Linden Süd,2019,12,14,3,3,3,2,0,1,0,0,0,0,1,0
12878,202181,11,12,12214125,Waldidyll/Flughafensee,2019,12,11,3,2,6,7,0,0,1,1,0,1,1,0
12879,202182,11,7,7060601,Marienfelder Allee Nordwest,2019,12,16,3,3,6,7,2,0,0,1,0,0,1,0
12880,202183,11,4,4041134,Bismarckallee,2019,12,15,3,3,2,6,1,0,1,0,0,0,1,0
12881,202184,11,12,12231101,Hermsdorf,2019,12,15,3,3,2,2,1,0,1,0,0,0,0,0
12882,202185,11,1,1022201,Stephankiez,2019,12,23,3,3,5,2,2,0,1,0,1,0,0,0
12883,202186,11,7,7070705,Franziusweg/Rohrbachstraße,2019,12,14,3,3,5,3,0,1,1,0,0,0,0,0
12884,202187,11,4,4041137,Flinsberger Platz,2019,12,13,3,3,5,3,0,0,1,0,0,0,0,0
12885,202188,11,7,7040403,Manteuffelstraße,2019,12,13,3,3,6,2,0,0,1,1,0,0,0,0
12886,202189,11,11,11030720,Herzbergstraße,2019,12,13,3,3,2,6,0,0,1,0,0,0,0,0
12887,202190,11,11,11020412,Hauptstraße,2019,12,12,3,3,1,5,0,1,1,0,0,0,0,1
12888,202191,11,9,9020701,Adlershof West,2019,12,12,3,3,5,2,0,1,1,0,0,0,0,1
12889,202192,11,1,1022104,Emdener Straße,2019,12,12,3,3,5,2,0,1,1,0,0,0,0,2
12890,202193,11,5,5020626,Adamstraße,2019,12,11,3,3,1,5,0,0,1,0,1,0,0,0
12891,202194,11,2,2020205,Chamissokiez,2019,12,10,3,3,1,5,0,0,1,0,0,0,0,1
12892,202195,11,2,2030402,Wrangelkiez,2019,12,10,3,3,6,7,0,0,1,1,0,0,0,0