,object id,city,district,sub district key,street,year,month,hour of day,weekday,category,accident type,accident type 2,light situation,bike involved,car involved,pedestrian involved,motor bike involved,big track involved,other vehicle involved,road condition
12893,202196,11,4,4051446,Preußenpark,2019,12,9,3,2,5,2,0,1,1,0,0,0,0,0
12894,202197,11,5,5010314,Carl-Schurz-Straße,2019,12,10,3,3,2,6,0,0,1,0,0,0,0,1
12895,202198,11,3,3040513,Schönholz,2019,12,9,3,3,1,5,0,0,1,0,0,0,1,0
12896,202199,11,10,10040932,Alt-Mahlsdorf,2019,12,8,3,3,7,7,0,1,0,0,0,0,0,0
12897,202200,11,2,2020203,Viktoriapark,2019,12,22,3,3,5,3,2,1,1,0,0,0,0,1
12898,202201,11,1,1022101,Huttenkiez,2019,12,20,3,3,5,2,2,0,1,0,0,0,0,0
12899,202202,11,9,9020702,Adlershof Ost,2019,12,20,3,3,5,2,2,0,1,0,0,0,0,1
12900,202203,11,2,2020204,Urbanstraße,2019,12,19,3,3,6,4,2,0,1,1,0,0,0,0
12901,202204,11,5,5010312,Kurstraße,2019,12,19,3,3,1,5,2,0,1,0,0,0,0,0
12902,202205,11,7,7040401,Neu-Tempelhof,2019,12,19,3,3,1,5,2,0,1,0,0,0,0,0
12903,202206,11,1,1011105,Nördlicher Landwehrkanal,2019,12,19,3,3,5,3,2,0,1,0,1,0,0,0
12904,202207,11,3,3040818,Pankow Süd,2019,12,18,3,3,2,6,2,0,1,0,0,0,0,0
12905,202208,11,4,4030931,Breitscheidplatz,2019,12,17,3,3,1,5,2,1,1,0,0,0,0,1
12906,202209,11,6,6030502,Zehlendorf Süd,2019,12,17,3,3,6,2,2,0,1,1,0,0,0,0
12907,202210,11,1,1022104,Emdener Straße,2019,12,17,3,3,1,5,2,1,1,0,0,0,1,0
12908,202211,11,8,8030829,Gropiusstadt Nord,2019,12,16,3,2,5,3,2,0,1,0,0,0,0,0
12909,202212,11,6,6020301,Alt-Lankwitz,2019,12,16,3,3,5,3,1,1,1,0,0,0,0,0
12910,202213,11,4,4020208,Kranzallee,2019,12,7,3,2,0,1,2,1,0,0,0,0,0,2
12911,202214,11,7,7030301,Friedenau,2019,12,6,3,3,5,2,2,0,1,0,0,0,0,1
12912,202215,11,11,11020412,Hauptstraße,2019,12,4,3,3,0,2,2,1,0,0,0,0,1,1
12913,202216,11,2,2040503,Richard-Sorge-Viertel,2019,12,16,3,3,6,4,2,0,1,1,0,0,0,0
12914,202217,11,11,11030618,Fennpfuhl West,2019,12,0,3,2,9,1,2,0,1,0,0,0,0,1
12915,202218,11,1,1022104,Emdener Straße,2019,12,8,3,3,0,2,0,0,0,1,0,0,1,0
12916,202219,11,6,6040810,Dahlem,2019,12,8,3,3,0,1,0,1,0,0,0,0,0,2
12917,202220,11,4,4041137,Flinsberger Platz,2019,12,7,3,3,5,2,0,0,1,0,0,0,0,1
12918,202221,11,3,3030406,Alt-Karow,2019,12,7,3,3,6,7,0,1,0,1,0,0,0,0
12919,202222,11,4,4030415,Schloßgarten,2019,12,7,3,3,5,2,1,0,1,0,0,0,0,0
12920,202223,11,12,12214125,Waldidyll/Flughafensee,2019,12,7,3,2,5,3,2,0,1,0,0,1,0,1
12921,202224,11,12,12301203,Wittenau Süd,2019,12,20,2,3,2,6,2,0,1,0,0,0,0,1
12922,202225,11,9,9041402,Siedlung Kämmereiheide,2019,12,17,2,3,6,6,0,1,0,1,0,0,0,0
12923,202226,11,1,1011201,Wilhelmstraße,2019,12,9,2,3,5,3,0,1,1,0,0,0,0,1
12924,202227,11,8,8020622,Parchimer Allee,2019,12,12,2,3,5,3,0,1,1,0,0,0,0,0
12925,202228,11,5,5040936,Jägerallee,2019,12,15,2,3,2,6,1,0,1,0,0,0,0,1
12926,202229,11,12,12214527,Alt-Tegel,2019,12,21,2,3,6,4,2,0,1,1,0,0,0,1
12927,202230,11,6,6010204,Munsterdamm,2019,12,20,2,3,0,7,2,1,1,0,0,0,0,1
12928,202231,11,11,11030720,Herzbergstraße,2019,12,19,2,3,3,6,2,0,1,0,0,0,0,1
12929,202232,11,2,2020203,Viktoriapark,2019,12,19,2,3,6,2,2,0,1,1,0,0,0,1
12930,202233,11,7,7040403,Manteuffelstraße,2019,12,19,2,3,6,2,2,0,1,1,0,0,0,1
12931,202234,11,5,5030730,Zitadellenweg,2019,12,20,2,3,2,6,0,0,1,0,0,0,0,1
12932,202235,11,9,9020502,Oberschöneweide Ost,2019,12,19,2,3,5,2,2,0,1,0,1,0,0,1
12933,202236,11,2,2050602,Samariterviertel,2019,12,5,2,3,0,6,2,0,1,0,1,0,0,1
12934,202237,11,3,3071537,Kollwitzplatz,2019,12,18,4,3,5,3,2,1,1,0,0,0,0,0
12935,202238,11,7,7060601,Marienfelder Allee Nordwest,2019,12,18,2,3,6,2,2,0,1,1,0,0,0,1
12936,202239,11,12,12214421,Reinickes Hof,2019,12,18,2,2,6,2,2,0,0,1,0,0,1,1
12937,202240,11,6,6010205,Südende,2019,12,17,4,3,5,2,2,0,1,0,0,0,0,0
12938,202241,11,8,8010301,Reuterkiez,2019,12,17,4,3,5,2,2,1,1,0,0,0,0,0
12939,202242,11,12,12302108,Märkisches Zentrum,2019,12,18,2,2,6,2,2,0,1,1,0,0,0,1
12940,202243,11,8,8010301,Reuterkiez,2019,12,18,2,3,6,4,2,0,1,1,0,0,0,1
12941,202244,11,3,3071536,Teutoburger Platz,2019,12,17,4,2,9,1,2,0,1,0,0,0,0,0
12942,202245,11,7,7030303,Grazer Platz,2019,12,17,4,3,5,2,2,1,1,0,0,0,0,0
12943,202246,11,6,6020409,Königsberger Straße,2019,12,17,2,3,5,2,2,0,1,0,0,0,0,1
12944,202247,11,4,4030931,Breitscheidplatz,2019,12,13,4,3,2,6,0,1,1,0,0,0,1,0
12945,202248,11,8,8030830,Gropiusstadt Süd,2019,12,17,2,3,5,2,2,0,1,0,0,0,1,1
12946,202249,11,4,4020311,Reichsstraße,2019,12,11,4,3,2,6,0,0,1,0,0,0,0,0
12947,202250,11,9,9030902,Wohngebiet II,2019,12,10,4,3,5,3,0,0,1,0,0,0,0,0
12948,202251,11,7,7060603,Marienfelde Nordost,2019,12,17,2,2,2,2,2,0,1,0,0,1,0,1
12949,202252,11,7,7010102,Nollendorfplatz,2019,12,17,2,3,5,3,2,0,1,0,0,0,1,1
12950,202253,11,9,9051901,Dammvorstadt,2019,12,10,4,3,6,7,0,0,1,1,0,0,0,1
12951,202254,11,5,5020419,Magistratsweg,2019,12,9,4,3,0,1,0,0,0,0,1,0,0,0
12952,202255,11,6,6020409,Königsberger Straße,2019,12,17,2,3,2,6,2,0,1,0,0,0,0,1
12953,202256,11,1,1011101,Stülerstraße,2019,12,23,3,3,2,6,2,0,1,0,0,0,0,0
12954,202257,11,8,8010301,Reuterkiez,2019,12,23,3,2,6,4,2,0,1,1,0,0,0,0
12955,202258,11,3,3051022,Hansastraße,2019,12,16,2,2,5,2,2,0,1,0,1,0,0,1
12956,202259,11,3,3020307,Buchholz,2019,12,16,2,3,5,3,2,0,1,0,0,0,1,1
12957,202260,11,9,9010401,Johannisthal West,2019,12,20,3,3,5,2,2,1,1,0,0,0,0,0
12958,202261,11,6,6040808,Hüttenweg,2019,12,19,3,3,2,2,2,0,1,0,0,0,0,0
12959,202262,11,5,5020523,Maulbeerallee,2019,12,19,3,3,5,2,2,1,1,0,0,0,0,0
12960,202263,11,10,10020622,Kaulsdorf Nord I,2019,12,17,3,3,2,6,2,1,1,0,0,0,0,0
12961,202264,11,4,4041137,Flinsberger Platz,2019,12,16,3,3,2,6,2,0,1,0,0,0,0,0
12962,202265,11,4,4030622,Richard-Wagner-Straße,2019,12,15,2,3,1,5,1,1,1,0,0,0,0,1
12963,202266,11,8,8041036,Zittauer Straße,2019,12,16,2,3,6,2,2,0,1,1,0,0,0,1
12964,202267,11,1,1011305,Heine-Viertel West,2019,12,16,3,3,5,3,2,1,1,0,0,0,0,0
12965,202268,11,10,10020622,Kaulsdorf Nord I,2019,12,16,2,3,2,6,2,0,1,0,0,0,0,1
12966,202269,11,6,6020306,Lankwitz Süd,2019,12,16,3,3,5,3,2,0,1,0,0,0,0,1
12967,202270,11,4,4030725,Amtsgerichtsplatz,2019,12,15,2,3,5,3,1,1,1,0,0,0,0,1
12968,202271,11,4,4051447,Ludwigkirchplatz,2019,12,15,2,3,5,3,0,0,1,0,0,0,0,0
12969,202272,11,5,5010208,Germersheimer Platz,2019,12,16,3,2,6,4,2,0,1,1,0,0,0,0
12970,202273,11,2,2050801,Traveplatz,2019,12,13,2,3,5,2,0,0,1,0,1,0,0,0
12971,202274,11,1,1011302,Oranienburger Straße,2019,12,13,2,3,1,5,0,1,0,0,0,1,0,0
12972,202275,11,1,1022103,Westhafen,2019,12,12,2,3,2,6,0,0,1,0,0,0,1,0
12973,202276,11,10,10010308,Marzahner Chaussee,2019,12,10,3,2,0,7,1,1,0,0,0,0,0,0
12974,202277,11,12,12103218,Teichstraße,2019,12,5,3,3,6,2,2,0,1,1,0,0,0,0
12975,202278,11,8,8030831,Gropiusstadt Ost,2019,12,11,2,3,0,3,0,0,1,0,1,0,0,1
12976,202279,11,4,4051551,Brabanter Platz,2019,12,11,2,3,2,6,0,0,1,0,1,0,0,0
12977,202280,11,7,7020201,Bayerischer Platz,2019,12,15,3,3,5,2,0,1,1,0,0,0,0,0
12978,202281,11,10,10040932,Alt-Mahlsdorf,2019,12,11,2,2,5,3,0,0,1,0,0,0,0,0
12979,202282,11,3,3040508,Rosenthal,2019,12,9,2,2,4,6,0,0,1,0,0,0,0,0
12980,202283,11,7,7070704,Nahariyastraße,2019,12,15,3,3,5,2,0,1,1,0,0,0,0,0
12981,202284,11,7,7070705,Franziusweg/Rohrbachstraße,2019,12,13,3,3,5,3,0,1,1,0,0,0,0,1
12982,202285,11,2,2010102,Mehringplatz,2019,12,9,2,3,5,2,0,1,1,0,0,0,0,0
12983,202286,11,9,9041302,Wendenschloß,2019,12,9,2,3,1,5,0,0,1,0,0,0,0,0
12984,202287,11,6,6040703,Nikolassee,2019,12,13,3,3,0,1,0,1,0,0,0,0,0,1
12985,202288,11,10,10020413,Gut Hellersdorf,2019,12,13,3,3,5,3,0,1,1,0,0,0,0,0
12986,202289,11,3,3030715,Heinersdorf,2019,12,7,2,2,5,3,1,1,0,0,0,0,1,1
12987,202290,11,4,4041344,Rüdesheimer Platz,2019,12,7,2,3,5,3,2,1,1,0,0,0,0,0
12988,202291,11,8,8010302,Bouchéstraße,2019,12,6,2,3,5,3,1,1,0,0,0,0,1,0
12989,202292,11,4,4051550,Leon-Jessel-Platz,2019,12,13,3,3,5,3,0,1,0,0,0,0,0,0
12990,202293,11,8,8010405,Hertzbergplatz,2019,12,6,2,3,5,3,2,1,1,0,0,0,0,0
12991,202294,11,4,4031032,Halensee,2019,12,12,3,3,5,2,0,0,1,0,0,0,0,0
12992,202295,11,9,9051901,Dammvorstadt,2019,12,6,2,3,5,2,2,1,0,0,0,0,1,1
12993,202296,11,11,11020412,Hauptstraße,2019,12,6,2,3,5,3,2,0,1,0,0,0,0,0
12994,202297,11,2,2010101,Askanischer Platz,2019,12,12,3,3,0,2,0,1,1,0,0,0,0,0
12995,202298,11,3,3030711,Blankenburg,2019,12,15,2,3,5,3,1,0,1,0,0,0,1,1
12996,202299,11,1,1044203,Leopoldplatz,2019,12,20,1,3,2,6,2,0,1,0,0,0,1,1
12997,202300,11,1,1044201,Reinickendorfer Straße,2019,12,18,1,3,3,6,2,0,1,0,0,0,0,1
12998,202301,11,5,5030832,Rohrdamm,2019,12,11,3,2,6,7,0,0,1,1,0,0,0,0
12999,202302,11,11,11040926,Weitlingstraße,2019,12,11,3,3,5,3,0,1,1,0,0,0,0,0
13000,202303,11,7,7010102,Nollendorfplatz,2019,12,18,1,3,2,6,2,0,1,0,0,0,0,1
13001,202304,11,8,8010211,Flughafenstraße,2019,12,18,1,3,5,7,2,0,1,0,0,0,1,0
13002,202305,11,4,4020312,Branitzer Platz,2019,12,9,3,3,5,3,0,0,1,0,0,0,0,1
13003,202306,11,8,8020727,Buckow Mitte,2019,12,9,3,3,5,2,0,0,1,0,0,0,0,1
13004,202307,11,3,3040614,Pankow Zentrum,2019,12,17,1,3,6,4,2,0,1,1,0,0,0,1
13005,202308,11,1,1011104,Körnerstraße,2019,12,16,1,3,5,3,2,0,1,0,0,0,0,1
13006,202309,11,9,9030901,Dorf Altglienicke,2019,12,9,3,3,5,3,0,1,1,0,0,0,0,1
13007,202310,11,5,5010314,Carl-Schurz-Straße,2019,12,16,1,3,3,6,2,0,1,0,0,0,0,1
13008,202311,11,6,6040804,Krumme Lanke,2019,12,16,1,3,1,5,2,0,1,0,0,0,0,1
13009,202312,11,4,4030929,Hindemithplatz,2019,12,8,3,3,0,2,0,0,1,0,1,0,0,1
13010,202313,11,8,8010404,Rixdorf,2019,12,7,3,3,6,2,2,0,1,1,0,0,0,1
13011,202314,11,3,3030406,Alt-Karow,2019,12,15,1,3,5,3,1,0,1,0,0,0,0,1
13012,202315,11,6,6040703,Nikolassee,2019,12,15,1,3,3,6,0,0,1,0,0,0,0,1
13013,202316,11,4,4030415,Schloßgarten,2019,12,13,1,3,5,5,0,0,1,0,0,0,0,1
13014,202317,11,8,8020727,Buckow Mitte,2019,12,8,3,3,6,4,0,0,1,1,0,0,0,1
13015,202318,11,7,7040406,Germaniagarten,2019,12,14,1,3,3,6,0,0,1,0,0,0,0,1
13016,202319,11,12,12302109,Treuenbrietzener Straße,2019,12,7,3,3,2,2,0,0,1,0,1,0,0,1
13017,202320,11,5,5020626,Adamstraße,2019,12,3,1,2,9,1,2,0,1,0,0,0,0,1
13018,202321,11,8,8010118,Silbersteinstraße,2019,12,3,1,3,9,1,2,0,1,0,0,0,0,0
13019,202322,11,10,10040933,Mahlsdorf Süd,2019,12,7,3,3,5,2,0,0,1,0,0,0,1,1
13020,202323,11,9,9010402,Johannisthal Ost,2019,12,7,3,3,6,4,2,0,1,1,0,0,0,1
13021,202324,11,3,3071638,Winsstraße,2019,12,7,1,3,0,7,0,0,0,0,1,0,1,1
13022,202325,11,10,10040828,Kaulsdorf Nord,2019,12,6,3,3,4,6,2,1,1,0,0,0,0,1
13023,202326,11,12,12231101,Hermsdorf,2019,12,0,1,2,6,4,2,0,1,1,0,0,0,1
13024,202327,11,7,7060604,Marienfelde Süd,2019,12,17,7,2,5,2,2,0,1,0,0,0,0,0
13025,202328,11,7,7040401,Neu-Tempelhof,2019,12,9,3,2,6,3,0,0,0,1,0,0,1,0
13026,202329,11,11,11030619,Fennpfuhl Ost,2019,12,16,3,1,6,4,2,0,1,1,0,0,0,0
13027,202330,11,5,5030730,Zitadellenweg,2019,12,17,7,2,1,5,2,0,1,0,0,0,0,1
13028,202331,11,7,7070703,John-Locke-Straße,2019,12,17,7,3,6,4,2,0,1,1,0,0,0,1
13029,202332,11,12,12224230,Heiligensee,2019,12,11,3,1,9,1,0,0,1,0,0,0,0,0
13030,202333,11,3,3040614,Pankow Zentrum,2019,12,17,2,3,4,5,0,0,1,0,0,0,1,0
13031,202334,11,10,10010203,Gewerbegebiet Bitterfelder Straße,2019,12,17,7,3,6,4,2,0,0,1,0,0,1,1
13032,202335,11,12,12231101,Hermsdorf,2019,12,17,7,2,5,2,2,0,1,0,1,0,0,1
13033,202336,11,3,3030711,Blankenburg,2019,12,6,2,3,2,6,2,0,1,0,0,0,0,0
13034,202337,11,5,5030730,Zitadellenweg,2019,12,16,7,3,2,6,2,0,1,0,0,0,0,0
13035,202338,11,1,1022102,Beusselkiez,2019,12,23,2,3,2,6,2,0,1,0,0,0,0,1
13036,202339,11,7,7070701,Kettinger Straße/Schillerstraße,2019,12,15,7,3,5,3,0,0,1,0,0,0,0,0
13037,202340,11,10,10030727,Biesdorf Süd,2019,12,21,7,3,2,6,2,0,1,0,0,0,0,1
13038,202341,11,4,4020311,Reichsstraße,2019,12,21,2,2,0,1,2,1,0,0,0,0,0,1
13039,202342,11,1,1044202,Sparrplatz,2019,12,21,2,3,5,3,2,0,1,0,0,0,0,1
13040,202343,11,4,4051655,Babelsberger Straße,2019,12,20,7,2,6,4,2,0,1,1,0,0,0,1
13041,202344,11,3,3020210,Herthaplatz,2019,12,12,7,3,0,5,0,0,1,0,0,0,1,1
13042,202345,11,12,12304313,Borsigwalde,2019,12,21,2,3,6,2,2,0,1,1,0,0,0,1
13043,202346,11,2,2020205,Chamissokiez,2019,12,20,2,3,0,1,2,1,0,0,0,0,0,1
13044,202347,11,4,4030931,Breitscheidplatz,2019,12,11,7,3,6,4,0,0,1,1,0,0,0,1
13045,202348,11,12,12214527,Alt-Tegel,2019,12,11,7,3,5,2,0,0,1,0,0,0,0,0
13046,202349,11,4,4030931,Breitscheidplatz,2019,12,19,2,3,5,7,2,1,1,0,0,0,0,1
13047,202350,11,1,1033201,Brunnenstraße,2019,12,19,2,3,6,2,2,0,1,1,0,0,0,1
13048,202351,11,4,4030931,Breitscheidplatz,2019,12,11,7,3,2,6,0,0,1,0,0,0,0,1
13049,202352,11,8,8010404,Rixdorf,2019,12,6,7,3,6,2,2,0,1,1,0,0,0,1
13050,202353,11,5,5020524,Weinmeisterhornweg,2019,12,4,7,3,5,3,2,0,1,0,0,0,0,1
13051,202354,11,4,4030623,Ernst-Reuter-Platz,2019,12,16,2,3,3,6,2,1,1,0,0,0,0,0
13052,202355,11,6,6030610,Lichterfelde West,2019,12,7,2,3,5,2,1,0,1,0,0,0,1,0
13053,202356,11,4,4041343,Binger Straße,2019,12,9,7,3,5,2,0,1,1,0,0,0,0,1
13054,202357,11,1,1011201,Wilhelmstraße,2019,12,1,7,3,8,1,2,0,1,0,0,0,0,1
13055,202358,11,1,1044201,Reinickendorfer Straße,2019,12,9,2,3,0,3,0,0,1,0,1,0,0,0
13056,202359,11,2,2010102,Mehringplatz,2019,12,6,2,3,5,3,2,0,1,0,0,0,1,0
13057,202360,11,11,11041023,Gensinger Straße,2019,12,19,7,2,6,4,2,0,1,1,0,0,0,1
13058,202361,11,8,8010118,Silbersteinstraße,2019,12,19,7,3,5,3,2,0,1,0,0,0,1,1
13059,202362,11,9,9020701,Adlershof West,2019,12,5,2,3,5,3,2,1,1,0,0,0,0,1
13060,202363,11,1,1044201,Reinickendorfer Straße,2019,12,19,7,3,5,2,2,0,1,0,0,0,0,1
13061,202364,11,1,1044101,Rehberge,2019,12,18,2,3,3,6,2,1,1,0,0,0,0,1
13062,202365,11,2,2010102,Mehringplatz,2019,12,18,7,3,2,6,2,0,1,0,1,0,0,1
13063,202366,11,8,8010404,Rixdorf,2019,12,18,7,3,1,5,2,1,1,0,0,0,0,1
13064,202367,11,6,6020305,Gemeindepark Lankwitz,2019,12,18,2,3,2,6,2,0,1,0,1,0,0,0
13065,202368,11,12,12214424,Scharnweberstraße,2019,12,17,2,3,5,3,2,1,1,0,0,0,0,1
13066,202369,11,11,11040926,Weitlingstraße,2019,12,18,7,3,2,6,2,0,1,0,0,0,0,1
13067,202370,11,8,8010211,Flughafenstraße,2019,12,18,7,3,2,6,2,0,1,0,0,0,0,0
13068,202371,11,1,1044102,Schillerpark,2019,12,17,2,3,5,7,2,0,1,0,1,0,0,1
13069,202372,11,11,11010310,Mühlengrund,2019,12,17,2,3,2,6,2,0,1,0,0,0,0,1
13070,202373,11,5,5010339,Freiheit,2019,12,18,7,3,5,2,2,1,1,0,0,0,0,1
13071,202374,11,2,2020203,Viktoriapark,2019,12,20,6,3,6,4,2,0,0,1,0,0,1,0
13072,202375,11,10,10010311,Landsberger Tor,2019,12,16,2,3,2,6,2,0,1,0,0,0,0,2
13073,202376,11,9,9030901,Dorf Altglienicke,2019,12,20,6,3,6,4,2,0,0,1,0,0,1,1
13074,202377,11,8,8041037,Alt-Rudow,2019,12,14,2,2,0,3,0,0,0,0,1,0,1,1
13075,202378,11,2,2020204,Urbanstraße,2019,12,13,2,3,2,6,0,0,1,0,0,0,0,0
13076,202379,11,12,12224230,Heiligensee,2019,12,20,6,2,4,6,2,1,0,0,0,0,0,0
13077,202380,11,3,3071639,Bötzowstraße,2019,12,12,2,3,9,1,0,0,1,0,0,0,1,1
13078,202381,11,7,7010102,Nollendorfplatz,2019,12,16,6,3,6,4,2,1,0,1,0,0,0,1
13079,202382,11,4,4051549,Rathaus Wilmersdorf,2019,12,9,2,3,2,6,0,0,1,0,0,0,0,0
13080,202383,11,10,10010308,Marzahner Chaussee,2019,12,18,1,3,5,3,2,0,1,0,0,0,1,1
13081,202384,11,6,6030609,Augustaplatz,2019,12,17,6,3,6,2,2,0,1,1,0,0,0,1
13082,202385,11,12,12302212,Rollbergesiedlung,2019,12,17,6,3,6,4,2,0,1,1,0,0,0,1
13083,202386,11,4,4051446,Preußenpark,2019,12,2,1,3,5,3,2,0,1,0,0,0,0,1
13084,202387,11,9,9052001,Köpenick Nord,2019,12,17,6,3,6,4,2,0,1,1,0,0,0,1
13085,202388,11,1,1011402,Arkonaplatz,2019,12,17,6,3,0,2,2,0,1,1,0,0,0,1
13086,202389,11,12,12103219,Schäfersee,2019,12,17,6,3,6,2,2,0,1,1,0,0,0,1
13087,202390,11,3,3050924,Behaimstraße,2019,12,17,6,3,6,4,2,0,1,1,0,0,0,1
13088,202391,11,4,4051551,Brabanter Platz,2019,12,15,6,3,5,2,1,1,1,0,0,0,0,1
13089,202392,11,8,8041040,Waltersdorfer Chaussee Ost,2019,12,17,1,2,1,5,2,0,1,0,0,1,0,1
13090,202393,11,4,4041344,Rüdesheimer Platz,2019,12,19,1,3,5,3,2,1,1,0,0,0,0,1
13091,202394,11,10,10010310,Alt-Marzahn,2019,12,16,6,3,5,3,2,1,1,0,0,0,0,1
13092,202395,11,8,8020727,Buckow Mitte,2019,12,16,6,3,2,6,2,0,1,0,0,0,0,1
13093,202396,11,6,6030609,Augustaplatz,2019,12,16,6,3,8,1,2,0,1,0,0,0,0,1
13094,202397,11,12,12214125,Waldidyll/Flughafensee,2019,12,19,1,3,2,6,2,0,1,0,0,0,0,0
13095,202398,11,1,1044201,Reinickendorfer Straße,2019,12,16,6,3,2,6,2,0,1,0,0,0,1,1
13096,202399,11,6,6040807,Zehlendorf Eiche,2019,12,17,1,3,5,3,2,0,1,0,0,0,0,1
13097,202400,11,6,6030503,Zehlendorf Mitte,2019,12,12,6,2,2,7,0,0,1,0,0,0,0,1
13098,202401,11,9,9051901,Dammvorstadt,2019,12,22,6,3,6,2,2,0,1,1,0,0,0,1
13099,202402,11,6,6040804,Krumme Lanke,2019,12,17,1,3,6,7,2,1,0,1,0,0,0,1
13100,202403,11,2,2010103,Moritzplatz,2019,12,21,6,3,6,2,2,0,1,1,0,0,0,1
13101,202404,11,4,4030519,Kaiserin-Augusta-Allee,2019,12,20,6,3,5,7,2,0,1,0,0,0,1,1
13102,202405,11,10,10010310,Alt-Marzahn,2019,12,19,6,3,2,6,2,0,1,0,0,0,0,1
13103,202406,11,4,4010101,Jungfernheide,2019,12,16,1,3,5,3,2,0,1,0,0,0,0,0
13104,202407,11,9,9020701,Adlershof West,2019,12,19,6,3,5,3,2,0,1,0,0,0,0,1
13105,202408,11,6,6010207,Mittelstraße,2019,12,19,6,3,5,3,2,0,1,0,0,0,0,1
13106,202409,11,8,8010301,Reuterkiez,2019,12,14,1,3,5,3,0,1,1,0,0,0,0,1
13107,202410,11,8,8010214,Glasower Straße,2019,12,19,6,3,2,6,2,0,1,0,0,0,0,1
13108,202411,11,8,8041038,Waßmannsdorfer Chaussee,2019,12,14,1,2,5,2,0,0,1,0,0,0,0,1
13109,202412,11,7,7020203,Kaiser-Wilhelm-Platz,2019,12,19,6,3,0,4,2,1,0,1,0,0,0,1
13110,202413,11,4,4020310,Park Ruhwald,2019,12,18,6,3,2,6,2,0,1,0,0,0,0,1
13111,202414,11,4,5030833,Motardstraße,2019,12,13,1,3,2,6,0,0,1,0,0,0,0,1
13112,202415,11,12,12214125,Waldidyll/Flughafensee,2019,12,11,1,3,5,2,0,0,1,0,0,0,0,1
13113,202416,11,12,12304314,Ziekowstraße/Freie Scholle,2019,12,18,6,3,6,4,2,0,1,1,0,0,0,1
13114,202417,11,4,4031032,Halensee,2019,12,18,6,3,0,7,2,0,1,0,0,0,0,1
13115,202418,11,9,9010401,Johannisthal West,2019,12,6,1,3,8,1,2,0,1,0,0,0,0,2
13116,202419,11,4,4030623,Ernst-Reuter-Platz,2019,12,5,1,3,9,1,2,0,1,0,0,0,0,1
13117,202420,11,4,4041241,Breite Straße,2019,12,18,6,2,6,4,2,1,0,1,0,0,0,1
13118,202421,11,5,5030833,Motardstraße,2019,12,16,6,2,6,2,2,0,1,1,0,0,0,1
13119,202422,11,4,4030929,Hindemithplatz,2019,12,16,6,2,0,7,2,1,0,0,0,0,0,1
13120,202423,11,9,9041301,Kietzer Feld/Nachtheide,2019,12,5,1,3,9,1,2,0,1,0,0,0,0,1
13121,202424,11,2,2050801,Traveplatz,2019,12,14,6,3,5,3,0,0,1,0,0,0,0,1
13122,202425,11,1,1011304,Karl-Marx-Allee,2019,12,1,1,2,5,3,2,1,1,0,0,0,0,1
13123,202426,11,9,9030902,Wohngebiet II,2019,12,14,6,3,5,2,0,1,1,0,0,0,0,1
13124,202427,11,4,4041134,Bismarckallee,2019,12,10,6,3,5,3,0,1,1,0,0,0,0,1
13125,202428,11,3,3030715,Heinersdorf,2019,12,12,1,3,2,6,0,0,1,0,0,0,0,0
13126,202429,11,11,11040926,Weitlingstraße,2019,12,9,6,3,5,3,0,0,1,0,0,0,0,1
13127,202430,11,4,4041136,Hagenplatz,2019,12,9,6,3,6,4,0,0,1,1,0,0,0,1
13128,202431,11,8,8010213,Körnerpark,2019,12,8,6,3,5,7,0,1,1,0,0,0,0,0
13129,202432,11,11,11030720,Herzbergstraße,2019,12,0,1,1,6,4,2,0,1,1,0,0,0,1
13130,202433,11,8,8010302,Bouchéstraße,2019,12,14,7,2,5,7,0,0,1,0,1,0,0,1
13131,202434,11,2,2020206,Graefekiez,2019,12,8,6,3,0,1,0,1,0,0,0,0,0,0
13132,202435,11,8,8041036,Zittauer Straße,2019,12,14,2,3,5,3,0,0,1,0,0,0,0,0
13133,202436,11,8,8010211,Flughafenstraße,2019,12,13,2,3,1,5,0,1,1,0,0,0,0,0
13134,202437,11,12,12103117,Letteplatz,2019,12,11,2,3,5,3,0,0,1,0,0,0,0,0
13135,202438,11,8,8010303,Donaustraße,2019,12,10,2,3,5,2,0,0,1,0,1,0,0,0
13136,202439,11,4,4010102,Plötzensee,2019,12,8,2,3,6,4,0,0,0,1,1,0,0,0
13137,202440,11,6,6020410,Oberhofer Platz,2019,12,21,2,2,5,3,2,0,1,0,0,1,0,0
13138,202441,11,9,9020501,Oberschöneweide West,2019,12,6,2,2,0,1,2,1,0,0,0,0,0,0
13139,202442,11,8,8030831,Gropiusstadt Ost,2019,12,16,1,3,6,7,2,0,1,1,0,0,0,0
13140,202443,11,11,11040925,Victoriastadt,2019,12,15,1,3,5,3,0,0,1,0,0,0,0,0
13141,202444,11,4,4041238,Kissinger Straße,2019,12,14,1,3,2,6,0,0,1,0,0,0,0,0
13142,202445,11,6,6020303,Lankwitz Kirche,2019,12,4,1,3,5,3,2,0,1,0,0,0,0,0