,object id,city,district,sub district key,street,year,month,hour of day,weekday,category,accident type,accident type 2,light situation,bike involved,car involved,pedestrian involved,motor bike involved,big track involved,other vehicle involved,road condition
13143,202446,11,4,4030827,Karl-August-Platz,2019,12,2,1,3,1,5,2,0,1,0,0,0,0,0
13144,202447,11,11,11010205,Falkenberg West,2019,12,21,7,2,6,4,2,0,1,1,0,0,0,0
13145,202448,11,1,1011302,Oranienburger Straße,2019,12,21,7,3,1,5,2,0,1,0,0,0,1,0
13146,202449,11,8,8010510,Gewerbegebiet Köllnische Heide,2019,12,20,7,3,2,2,2,0,1,0,0,0,0,1
13147,202450,11,1,1044201,Reinickendorfer Straße,2019,12,17,7,3,6,7,2,0,1,1,0,0,0,0
13148,202451,11,1,1022205,Zillesiedlung,2019,12,16,7,3,0,1,2,1,0,0,0,0,0,0
13149,202452,11,7,7040405,Rathaus Tempelhof,2019,12,17,7,3,6,4,2,0,1,1,0,0,0,0
13150,202453,11,2,2040502,Friedenstraße,2019,12,15,7,3,6,3,0,1,0,1,0,0,0,0
13151,202454,11,6,6010205,Südende,2019,12,14,7,3,6,4,0,0,1,1,0,0,0,0
13152,202455,11,8,8020623,Ortolanweg,2019,12,13,7,3,5,3,0,0,1,0,0,0,1,0
13153,202456,11,1,1011303,Alexanderplatzviertel,2019,12,12,7,3,5,3,0,0,0,0,0,0,1,0
13154,202457,11,4,4030417,Schloßstraße,2019,12,12,7,3,5,7,0,0,1,0,1,0,0,0
13155,202458,11,8,8010301,Reuterkiez,2019,12,12,7,3,6,4,0,0,1,1,0,0,0,0
13156,202459,11,2,2030302,Lausitzer Platz,2019,12,7,7,3,5,3,2,1,1,0,0,0,0,0
13157,202460,11,8,8010301,Reuterkiez,2019,12,23,7,2,0,1,2,1,0,0,0,0,0,0
13158,202461,11,1,1011305,Heine-Viertel West,2019,12,0,7,2,5,3,2,0,1,0,0,0,1,0
13159,202462,11,4,4030620,Alt-Lietzow,2019,12,0,6,2,8,1,2,0,1,0,0,0,0,1
13160,202463,11,1,1022103,Westhafen,2019,12,16,6,3,5,3,2,1,1,0,0,0,0,0
13161,202464,11,2,2020206,Graefekiez,2019,12,13,6,3,0,7,0,0,1,0,0,0,0,0
13162,202465,11,9,9052001,Köpenick Nord,2019,12,10,6,3,3,6,0,1,1,0,0,0,0,1
13163,202466,11,7,7030303,Grazer Platz,2019,12,10,6,3,0,3,0,0,0,0,1,0,1,1
13164,202467,11,2,2020204,Urbanstraße,2019,12,9,6,3,8,1,0,0,1,0,0,0,0,1
13165,202468,11,4,4041134,Bismarckallee,2019,12,7,6,3,5,3,1,1,0,0,0,0,1,0
13166,202469,11,1,1011103,Lützowstraße,2019,12,21,6,3,2,6,2,0,1,0,0,0,0,1
13167,202470,11,5,5010311,Eiswerder,2019,12,20,6,3,6,2,2,0,1,1,0,0,0,1
13168,202471,11,4,4041344,Rüdesheimer Platz,2019,12,19,6,3,1,5,2,1,1,0,0,0,0,0
13169,202472,11,8,8020622,Parchimer Allee,2019,12,17,6,3,2,6,2,0,1,0,0,0,0,1
13170,202473,11,7,7020204,Schöneberger Insel,2019,12,17,6,3,5,3,2,1,1,0,0,0,0,1
13171,202474,11,11,11030720,Herzbergstraße,2019,12,16,6,3,5,3,2,0,1,0,0,0,0,1
13172,202475,11,9,9051702,Bölschestraße,2019,12,19,6,2,6,4,2,0,1,1,0,0,0,1
13173,202476,11,3,3040513,Schönholz,2019,12,14,6,2,0,1,0,1,0,0,0,0,0,1
13174,202477,11,6,6040807,Zehlendorf Eiche,2019,12,9,6,2,5,3,0,1,1,0,0,0,0,1
13175,202478,11,12,12103116,Hausotterplatz,2019,12,17,5,3,2,2,2,1,1,0,0,0,0,1
13176,202479,11,8,8010404,Rixdorf,2019,12,20,5,3,5,3,2,0,1,0,0,0,0,1
13177,202480,11,10,10020622,Kaulsdorf Nord I,2019,12,17,5,3,5,2,2,0,1,0,0,0,0,1
13178,202481,11,11,11020514,Große-Leege-Straße,2019,12,17,5,3,5,3,2,0,1,0,0,0,0,1
13179,202482,11,11,11051229,Rummelsburg,2019,12,17,5,3,2,6,2,0,1,0,1,0,0,1
13180,202483,11,8,8010303,Donaustraße,2019,12,16,5,3,5,3,2,0,1,0,0,0,0,1
13181,202484,11,1,1033201,Brunnenstraße,2019,12,11,5,3,0,1,0,0,1,0,1,0,0,1
13182,202485,11,9,9051702,Bölschestraße,2019,12,9,5,3,0,1,0,1,0,0,0,0,0,1
13183,202486,11,5,5020625,Borkumer Straße,2019,12,2,5,3,8,1,2,0,1,0,0,0,0,1
13184,202487,11,4,4030518,Tegeler Weg,2019,12,0,5,3,0,1,2,0,0,0,0,0,1,1
13185,202488,11,11,11030720,Herzbergstraße,2019,12,15,5,2,5,1,0,0,1,0,0,0,0,1
13186,202489,11,9,9010301,Baumschulenstraße,2019,12,14,5,2,5,2,0,0,1,0,0,0,0,1
13187,202490,11,1,1033203,Humboldthain Nordwest,2019,12,6,5,2,3,6,2,1,1,0,0,0,0,1
13188,202491,11,4,4051655,Babelsberger Straße,2019,12,12,4,3,5,2,0,0,1,0,0,0,0,1
13189,202492,11,1,1033201,Brunnenstraße,2019,12,23,4,3,5,7,2,0,1,0,1,0,0,1
13190,202493,11,4,4030929,Hindemithplatz,2019,12,19,4,3,2,7,2,0,1,0,0,0,0,1
13191,202494,11,7,7030303,Grazer Platz,2019,12,16,4,3,1,1,2,0,1,0,0,0,1,1
13192,202495,11,8,8020728,Buckow Ost,2019,12,13,4,3,5,3,0,0,1,0,0,0,1,1
13193,202496,11,4,4020208,Kranzallee,2019,12,23,3,3,6,2,2,0,1,1,0,0,0,1
13194,202497,11,9,9010301,Baumschulenstraße,2019,12,21,3,3,5,2,2,0,1,0,0,0,0,1
13195,202498,11,5,5010101,Hakenfelde Nord,2019,12,20,3,3,6,2,2,0,1,1,0,0,0,1
13196,202499,11,10,10040931,Mahlsdorf Nord,2019,12,19,3,3,5,3,2,0,1,0,0,0,0,1
13197,202500,11,11,11010308,Zingster Straße Ost,2019,12,18,3,3,1,5,2,0,1,0,0,0,0,1
13198,202501,11,6,6020304,Kaiser-Wilhelm-Straße,2019,12,18,3,3,8,1,2,0,1,0,0,0,0,1
13199,202502,11,1,1022201,Stephankiez,2019,12,14,3,3,0,1,0,0,1,0,1,0,0,0
13200,202503,11,5,5010339,Freiheit,2019,12,13,3,3,0,6,0,0,1,0,0,0,1,1
13201,202504,11,8,8010404,Rixdorf,2019,12,13,3,3,6,4,0,0,1,1,0,0,0,0
13202,202505,11,3,3040818,Pankow Süd,2019,12,11,3,3,5,2,0,1,1,0,0,0,0,0
13203,202506,11,2,2040502,Friedenstraße,2019,12,10,3,3,5,3,0,1,0,0,0,0,0,0
13204,202507,11,10,10010204,Wuhletalstraße,2019,12,9,3,3,2,2,0,0,1,0,0,0,0,0
13205,202508,11,3,3050923,Weißenseer Spitze,2019,12,20,2,3,6,4,2,0,1,1,0,0,0,0
13206,202509,11,2,2010104,Wassertorplatz,2019,12,17,2,3,2,2,1,0,1,0,1,0,0,0
13207,202510,11,10,10010206,Ringkolonnaden,2019,12,7,2,3,6,7,2,1,0,1,0,0,0,0
13208,202511,11,10,10030724,Oberfeldstraße,2019,12,13,2,3,2,6,0,0,1,0,0,0,1,1
13209,202512,11,4,4020311,Reichsstraße,2019,12,12,2,3,6,7,0,0,1,1,0,0,0,1
13210,202513,11,9,9052001,Köpenick Nord,2019,12,12,2,3,1,5,0,0,1,0,0,0,0,0
13211,202514,11,2,2030302,Lausitzer Platz,2019,12,19,2,3,1,5,2,1,1,0,0,0,0,0
13212,202515,11,4,4030931,Breitscheidplatz,2019,12,20,2,3,6,4,2,0,1,1,0,0,0,0
13213,202516,11,2,2050803,Stralauer Kiez,2019,12,18,2,3,5,7,2,0,1,0,0,0,0,0
13214,202517,11,11,11020514,Große-Leege-Straße,2019,12,12,2,2,6,4,0,0,1,1,0,0,0,1
13215,202518,11,9,9010302,Späthsfelde,2019,12,17,2,3,2,6,2,0,1,0,0,0,0,0
13216,202519,11,6,6020306,Lankwitz Süd,2019,12,16,2,2,9,1,2,0,1,0,0,0,0,0
13217,202520,11,12,12214527,Alt-Tegel,2019,12,16,2,3,2,6,1,0,1,0,0,0,0,0
13218,202521,11,6,6020301,Alt-Lankwitz,2019,12,16,2,3,5,3,2,0,1,0,0,0,0,1
13219,202522,11,8,8030831,Gropiusstadt Ost,2019,12,16,2,3,0,5,1,1,1,0,0,0,0,1
13220,202523,11,12,12214125,Waldidyll/Flughafensee,2019,12,15,2,2,5,2,0,1,1,0,0,0,0,0
13221,202524,11,4,4041136,Hagenplatz,2019,12,11,2,2,9,7,0,0,1,0,0,0,0,1
13222,202525,11,8,8020620,Tempelhofer Weg,2019,12,11,2,3,5,3,0,1,1,0,0,0,0,1
13223,202526,11,6,6010210,Bismarckstraße,2019,12,9,2,3,6,4,0,1,0,1,0,0,0,1
13224,202527,11,4,4030931,Breitscheidplatz,2019,12,9,2,2,6,2,0,0,1,1,0,0,0,1
13225,202528,11,2,2030402,Wrangelkiez,2019,12,8,2,3,1,5,0,1,0,0,0,0,1,1
13226,202529,11,1,1044101,Rehberge,2019,12,7,2,3,5,3,1,0,1,0,0,0,0,1
13227,202530,11,8,8010404,Rixdorf,2019,12,7,2,3,6,2,2,0,1,1,0,0,0,1
13228,202531,11,5,5020625,Borkumer Straße,2019,12,18,2,3,5,3,2,0,1,0,0,0,1,0
13229,202532,11,2,2020205,Chamissokiez,2019,12,14,1,3,0,1,0,1,0,0,0,0,0,1
13230,202533,11,3,3071639,Bötzowstraße,2019,12,14,1,3,0,5,0,0,1,0,0,0,0,0
13231,202534,11,12,12103218,Teichstraße,2019,12,12,1,2,5,2,0,1,1,0,0,0,0,0
13232,202535,11,8,8020619,Buschkrugallee Nord,2019,12,12,1,3,5,2,0,0,1,0,0,0,0,1
13233,202536,11,12,12214422,Klixstraße,2019,12,9,1,3,2,2,0,0,1,0,1,0,0,1
13234,202537,11,4,4030931,Breitscheidplatz,2019,12,8,1,3,5,3,0,0,1,0,0,0,0,1
13235,202538,11,2,2020206,Graefekiez,2019,12,7,1,3,5,3,2,0,1,0,0,0,0,1
13236,202539,11,11,11041128,Sewanstraße,2019,12,18,1,3,1,5,2,0,1,0,0,0,0,1
13237,202540,11,12,12214424,Scharnweberstraße,2019,12,21,1,3,2,6,2,0,1,0,0,0,0,0
13238,202541,11,4,4030930,George-Grosz-Platz,2019,12,18,1,3,5,3,2,0,1,0,1,0,0,0
13239,202542,11,1,1011402,Arkonaplatz,2019,12,16,1,3,3,6,2,1,0,0,0,0,0,1
13240,202543,11,8,8030831,Gropiusstadt Ost,2019,12,14,1,3,1,5,0,0,1,0,0,0,0,0
13241,202544,11,6,6040703,Nikolassee,2019,12,13,1,3,5,3,0,0,1,0,0,0,0,0
13242,202545,11,7,7040403,Manteuffelstraße,2019,12,21,7,3,2,2,2,0,1,0,0,0,0,0
13243,202546,11,2,2030401,Reichenberger Straße,2019,12,20,7,2,0,3,2,0,1,0,0,0,0,1
13244,202547,11,5,5020419,Magistratsweg,2019,12,19,7,3,2,6,2,0,1,0,0,0,1,1
13245,202548,11,12,12103117,Letteplatz,2019,12,17,7,2,0,4,2,0,0,1,0,0,1,0
13246,202549,11,8,8010404,Rixdorf,2019,12,16,7,3,0,1,2,0,0,0,1,0,0,1
13247,202550,11,6,6040807,Zehlendorf Eiche,2019,12,14,7,3,2,2,0,0,1,0,0,0,0,1
13248,202551,11,5,5020625,Borkumer Straße,2019,12,13,7,3,2,7,0,0,1,0,0,0,0,0
13249,202552,11,9,9051702,Bölschestraße,2019,12,13,7,3,6,4,0,0,1,1,0,0,0,0
13250,202553,11,8,8041036,Zittauer Straße,2019,12,13,7,2,5,2,0,0,1,0,0,0,0,0
13251,202554,11,6,6030607,Goerzwerke,2019,12,12,7,3,1,1,0,0,1,0,0,0,1,1
13252,202555,11,7,7060601,Marienfelder Allee Nordwest,2019,12,12,7,3,0,3,0,1,1,0,0,0,0,1
13253,202556,11,7,7060604,Marienfelde Süd,2019,12,11,7,2,8,1,0,0,1,0,0,0,0,1
13254,202557,11,12,12214422,Klixstraße,2019,12,11,7,3,5,7,0,0,1,0,0,0,0,1
13255,202558,11,12,12304314,Ziekowstraße/Freie Scholle,2019,12,10,7,3,2,6,0,0,1,0,0,0,0,1
13256,202559,11,1,1011301,Charitéviertel,2019,12,10,7,3,2,6,0,0,1,0,0,0,0,0
13257,202560,11,2,2050801,Traveplatz,2019,12,9,7,3,2,6,0,0,1,0,0,0,1,1
13258,202561,11,8,8010301,Reuterkiez,2019,12,8,7,3,0,3,0,0,1,0,0,0,1,1
13259,202562,11,2,2010104,Wassertorplatz,2019,12,3,7,3,5,2,2,0,1,0,0,0,0,1
13260,202563,11,10,10010204,Wuhletalstraße,2019,12,16,6,3,2,6,1,0,1,0,0,0,0,1
13261,202564,11,1,1033102,Gesundbrunnen,2019,12,15,6,3,0,3,0,1,1,0,0,0,0,1
13262,202565,11,6,6010103,Markelstraße,2019,12,17,6,3,0,7,2,0,1,1,0,0,0,1
13263,202566,11,4,4030415,Schloßgarten,2019,12,16,6,3,5,3,2,0,1,0,0,0,0,0
13264,202567,11,8,8010301,Reuterkiez,2019,12,16,6,3,1,5,2,1,1,0,0,0,0,1
13265,202568,11,7,7040403,Manteuffelstraße,2019,12,20,6,3,5,2,2,0,1,0,0,0,0,1
13266,202569,11,3,3030406,Alt-Karow,2019,12,19,6,2,5,2,2,0,1,0,1,0,0,1
13267,202570,11,4,4030929,Hindemithplatz,2019,12,19,6,3,2,6,2,0,1,0,0,0,0,0
13268,202571,11,11,11040926,Weitlingstraße,2019,12,19,6,3,6,2,2,0,1,1,0,0,0,0
13269,202572,11,12,12231102,Frohnau,2019,12,18,6,3,5,3,2,0,1,0,0,0,0,1
13270,202573,11,1,1011102,Großer Tiergarten,2019,12,18,6,3,5,3,2,0,1,0,0,0,0,0
13271,202574,11,7,7040401,Neu-Tempelhof,2019,12,17,6,2,6,4,2,0,1,1,0,0,0,1
13272,202575,11,10,10030725,Buckower Ring,2019,12,10,6,2,6,4,0,0,1,1,0,0,0,1
13273,202576,11,1,1022206,Lüneburger Straße,2019,12,16,6,3,6,2,2,0,1,1,0,0,0,1
13274,202577,11,5,5010206,Gütersloher Weg,2019,12,17,6,3,6,4,2,0,1,1,0,0,0,0
13275,202578,11,12,12214125,Waldidyll/Flughafensee,2019,12,10,6,3,0,5,0,1,1,0,0,0,0,1
13276,202579,11,4,4030929,Hindemithplatz,2019,12,9,6,3,5,3,0,1,1,0,0,0,0,1
13277,202580,11,4,4030519,Kaiserin-Augusta-Allee,2019,12,9,6,3,5,3,0,0,1,0,0,0,0,0
13278,202581,11,10,10020412,Alte Hellersdorfer Straße,2019,12,8,6,2,6,4,0,0,1,1,0,0,0,1
13279,202582,11,1,1011204,Leipziger Straße,2019,12,7,6,3,2,2,1,1,1,0,0,0,0,0
13280,202583,11,11,11041023,Gensinger Straße,2019,12,7,6,3,6,4,2,0,1,1,0,0,0,1
13281,202586,11,2,2010102,Mehringplatz,2019,12,6,6,3,1,5,2,1,1,0,0,0,0,1
13282,202587,11,11,11030721,Rüdigerstraße,2019,12,6,6,3,6,2,2,0,1,1,0,0,0,0
13283,202590,11,12,12103218,Teichstraße,2019,12,16,6,3,5,2,1,1,1,0,0,0,0,0
13284,202591,11,2,2030302,Lausitzer Platz,2019,12,15,6,3,0,3,1,1,1,0,0,0,0,1
13285,202593,11,6,6040804,Krumme Lanke,2019,12,15,6,3,6,4,1,0,1,1,0,0,0,1
13286,202595,11,8,8041036,Zittauer Straße,2019,12,14,6,2,6,4,0,0,1,1,0,0,0,1
13287,202596,11,7,7050501,Rathausstraße,2019,12,14,6,3,5,3,0,1,0,0,0,1,0,0
13288,202599,11,4,4030931,Breitscheidplatz,2019,12,14,6,3,0,6,0,0,1,0,0,0,1,0
13289,202600,11,2,2050802,Boxhagener Platz,2019,12,23,6,3,5,3,2,0,1,0,0,0,0,1
13290,202602,11,10,10010311,Landsberger Tor,2019,12,22,6,2,0,1,2,1,0,0,0,0,0,1
13291,202603,11,3,3061227,Humannplatz,2019,12,22,6,3,0,5,2,0,1,1,0,0,0,0
13292,202606,11,4,4030417,Schloßstraße,2019,12,21,6,3,5,3,2,0,1,0,0,0,1,0
13293,202607,11,10,10030727,Biesdorf Süd,2019,12,14,6,3,5,2,0,1,0,0,0,0,1,0
13294,202608,11,7,7010101,Wittenbergplatz/Viktoria-Luise-Platz,2019,12,14,6,3,3,6,0,1,0,0,0,0,0,0
13295,202609,11,10,10020414,Helle Mitte,2019,12,17,6,2,5,2,2,1,1,0,0,0,0,1
13296,202610,11,10,10010310,Alt-Marzahn,2019,12,16,6,3,5,2,2,1,1,0,0,0,0,0
13297,202613,11,6,6040804,Krumme Lanke,2019,12,14,6,3,3,6,0,0,1,0,0,0,0,0
13298,202615,11,6,6020301,Alt-Lankwitz,2019,12,16,6,2,6,2,2,0,1,1,0,0,0,0
13299,202618,11,8,8010211,Flughafenstraße,2019,12,13,6,3,5,7,0,0,1,0,0,0,0,0
13300,202622,11,6,6030609,Augustaplatz,2019,12,7,6,3,5,2,0,1,1,0,0,0,0,0
13301,202623,11,1,1033201,Brunnenstraße,2019,12,21,6,3,5,2,2,1,1,0,0,0,0,1
13302,202626,11,5,5030833,Motardstraße,2019,12,20,6,3,6,2,2,0,1,1,0,0,0,1
13303,202629,11,1,1022201,Stephankiez,2019,12,13,6,3,5,3,0,1,1,0,0,0,0,1
13304,202630,11,3,3020307,Buchholz,2019,12,20,6,3,6,2,2,0,1,1,0,0,0,0
13305,202633,11,5,5010311,Eiswerder,2019,12,13,6,3,5,7,0,0,1,0,1,0,0,1
13306,202634,11,6,6010102,Schloßstraße,2019,12,13,6,3,3,6,0,1,1,0,0,0,0,0
13307,202638,11,5,5010102,Goltzstraße,2019,12,12,6,3,6,4,0,0,1,1,0,0,0,0
13308,202640,11,7,7040401,Neu-Tempelhof,2019,12,12,6,3,6,7,0,0,1,1,0,0,0,0
13309,202643,11,1,1011101,Stülerstraße,2019,12,12,6,3,0,7,0,1,1,0,0,0,0,1
13310,202647,11,11,11041128,Sewanstraße,2019,12,10,6,3,6,4,0,0,1,1,0,0,0,0
13311,202648,11,1,1044203,Leopoldplatz,2019,12,12,5,3,0,2,0,1,1,0,0,0,0,0
13312,202651,11,7,7070701,Kettinger Straße/Schillerstraße,2019,12,18,5,3,6,2,2,0,1,1,0,0,0,0
13313,202652,11,8,8010301,Reuterkiez,2019,12,17,5,3,0,7,2,0,0,1,0,0,1,0
13314,202655,11,7,7050503,Eisenacher Straße,2019,12,17,5,2,6,4,2,0,1,1,0,0,0,0
13315,202658,11,7,7070703,John-Locke-Straße,2019,12,17,5,2,6,4,2,0,1,1,0,0,0,1
13316,202659,11,4,4051655,Babelsberger Straße,2019,12,17,5,3,5,2,2,1,1,0,0,0,0,0
13317,202663,11,3,3020307,Buchholz,2019,12,17,5,2,6,2,2,0,1,1,0,0,0,1
13318,202665,11,5,5010314,Carl-Schurz-Straße,2019,12,16,5,3,3,6,2,0,1,0,0,0,0,0
13319,202668,11,10,10040931,Mahlsdorf Nord,2019,12,16,5,3,0,3,2,0,1,0,1,0,0,1
13320,202669,11,4,4030417,Schloßstraße,2019,12,22,5,3,5,2,2,0,1,0,0,0,0,0
13321,202671,11,6,6030502,Zehlendorf Süd,2019,12,21,5,3,5,3,2,0,1,0,1,0,0,1
13322,202674,11,7,7010102,Nollendorfplatz,2019,12,22,5,3,5,3,2,1,1,0,0,0,0,0
13323,202675,11,2,2020203,Viktoriapark,2019,12,20,5,3,5,3,2,0,1,0,0,0,1,0
13324,202678,11,2,2030301,Oranienplatz,2019,12,18,5,3,5,3,2,1,0,0,0,0,0,1
13325,202679,11,7,7020202,Volkspark (Rudolf-Wilde-Park),2019,12,18,5,3,2,6,2,0,1,0,0,0,1,1
13326,202682,11,6,6030504,Teltower Damm,2019,12,17,5,3,0,2,2,1,1,0,0,0,0,1
13327,202684,11,4,4030931,Breitscheidplatz,2019,12,15,5,3,6,4,0,0,1,1,0,0,0,0
13328,202687,11,8,8041037,Alt-Rudow,2019,12,13,5,3,5,3,0,0,1,0,0,0,0,0
13329,202688,11,11,11040926,Weitlingstraße,2019,12,12,5,3,5,3,0,1,0,0,0,0,0,0
13330,202691,11,4,4030417,Schloßstraße,2019,12,12,5,3,5,2,0,1,1,0,0,0,0,0
13331,202692,11,11,11020411,Malchower Weg,2019,12,9,5,3,2,7,0,0,1,0,0,0,1,0
13332,202695,11,7,7050502,Fritz-Werner-Straße,2019,12,8,5,3,2,6,0,0,1,0,0,0,1,1
13333,202696,11,1,1011305,Heine-Viertel West,2019,12,8,5,3,5,7,0,1,1,0,0,0,0,0
13334,202700,11,12,12304314,Ziekowstraße/Freie Scholle,2019,12,8,5,3,0,2,0,0,1,0,0,0,1,0
13335,202701,11,6,6030503,Zehlendorf Mitte,2019,12,8,5,3,2,6,0,0,1,0,0,0,0,0
13336,202704,11,12,12214125,Waldidyll/Flughafensee,2019,12,16,5,3,5,3,2,1,1,0,0,0,0,0
13337,202705,11,11,11020412,Hauptstraße,2019,12,6,5,3,5,3,2,0,1,0,0,0,0,0
13338,202708,11,2,2010103,Moritzplatz,2019,12,14,5,3,2,6,0,0,1,0,0,0,0,0
13339,202710,11,8,8010510,Gewerbegebiet Köllnische Heide,2019,12,14,5,3,1,5,0,1,1,0,0,0,0,0
13340,202713,11,9,9010402,Johannisthal Ost,2019,12,15,5,3,2,6,0,0,1,0,0,0,0,0
13341,202714,11,1,1011303,Alexanderplatzviertel,2019,12,15,5,3,6,2,0,0,1,1,0,0,0,0
13342,202717,11,11,11020515,Landsberger Allee,2019,12,15,5,3,5,3,0,1,1,0,0,0,0,1
13343,202718,11,7,7070701,Kettinger Straße/Schillerstraße,2019,12,13,5,3,2,2,0,0,1,0,0,0,1,0
13344,202721,11,5,5010314,Carl-Schurz-Straße,2019,12,12,4,3,2,6,0,0,1,0,0,0,0,0
13345,202723,11,10,10020415,Hellersdorfer Promenade,2019,12,18,4,3,1,6,2,1,1,0,0,0,0,0
13346,202724,11,10,10010310,Alt-Marzahn,2019,12,4,4,3,0,6,2,0,1,0,1,0,0,1
13347,202726,11,7,7010102,Nollendorfplatz,2019,12,18,4,3,1,7,2,0,1,0,0,0,0,0
13348,202728,11,4,4010102,Plötzensee,2019,12,6,4,3,5,7,2,0,1,0,0,1,0,0
13349,202729,11,12,12214422,Klixstraße,2019,12,9,4,3,5,3,0,0,1,0,0,0,0,0
13350,202732,11,6,6030608,Schweizer Viertel,2019,12,8,4,2,5,2,0,1,1,0,0,0,0,0
13351,202738,11,3,3050923,Weißenseer Spitze,2019,12,8,4,3,5,3,0,1,1,0,0,0,0,0
13352,202739,11,8,8041037,Alt-Rudow,2019,12,7,4,3,6,4,2,0,1,1,0,0,0,0
13353,202743,11,3,3010101,Bucher Forst,2019,12,23,4,3,8,1,2,0,1,0,0,0,0,0
13354,202744,11,2,2050802,Boxhagener Platz,2019,12,21,3,3,6,4,2,0,1,1,0,0,0,0
13355,202745,11,12,12302212,Rollbergesiedlung,2019,12,21,4,3,1,5,2,1,1,0,0,0,0,0
13356,202746,11,4,4030725,Amtsgerichtsplatz,2019,12,15,3,3,5,5,0,0,1,0,0,0,0,0
13357,202747,11,12,12301204,Wittenau Nord,2019,12,15,3,3,1,7,1,0,1,0,0,0,0,0
13358,202748,11,9,9010101,Elsenstraße,2019,12,17,4,3,5,3,2,1,1,0,0,0,0,0
13359,202749,11,1,1044101,Rehberge,2019,12,13,3,3,5,3,0,1,1,0,0,0,0,0
13360,202750,11,6,6010207,Mittelstraße,2019,12,12,3,3,0,6,0,0,1,0,0,0,1,0
13361,202751,11,4,4030931,Breitscheidplatz,2019,12,12,3,3,1,5,0,1,1,0,0,0,0,0
13362,202752,11,8,8020620,Tempelhofer Weg,2019,12,21,4,3,3,6,2,1,1,0,0,0,0,0
13363,202753,11,1,1011306,Heine-Viertel Ost,2019,12,2,3,3,2,7,2,1,1,0,0,0,0,1
13364,202754,11,8,8010406,Treptower Straße Nord,2019,12,18,3,2,5,2,2,0,1,0,0,0,0,0
13365,202755,11,1,1033101,Soldiner Straße,2019,12,21,4,3,5,2,2,0,1,0,0,0,0,0
13366,202756,11,3,3050923,Weißenseer Spitze,2019,12,15,3,2,5,2,0,0,1,0,0,0,0,0
13367,202757,11,7,7010102,Nollendorfplatz,2019,12,14,4,3,3,6,0,0,1,0,0,0,0,0
13368,202758,11,11,11010103,Dorf Falkenberg,2019,12,11,3,2,6,4,0,0,1,1,0,0,0,0
13369,202759,11,2,2020203,Viktoriapark,2019,12,19,2,3,6,7,2,1,0,1,0,0,0,0
13370,202760,11,4,4030725,Amtsgerichtsplatz,2019,12,8,4,3,2,6,0,1,1,0,0,0,0,0
13371,202761,11,10,10040828,Kaulsdorf Nord,2019,12,16,4,3,5,3,2,0,1,0,0,0,0,0
13372,202762,11,6,6020411,Schütte-Lanz-Straße,2019,12,22,2,3,0,3,2,0,0,0,0,0,1,0
13373,202763,11,4,4030931,Breitscheidplatz,2019,12,19,2,3,2,2,2,0,1,0,0,0,0,0
13374,202764,11,6,6020304,Kaiser-Wilhelm-Straße,2019,12,18,4,3,0,7,2,0,1,0,0,0,0,0
13375,202765,11,11,11030721,Rüdigerstraße,2019,12,15,4,3,2,6,1,0,1,0,0,0,0,0
13376,202766,11,1,1044203,Leopoldplatz,2019,12,18,2,3,5,2,2,0,1,0,0,0,0,0
13377,202767,11,1,1011304,Karl-Marx-Allee,2019,12,18,2,3,6,7,2,1,1,1,0,0,0,0
13378,202768,11,1,1022206,Lüneburger Straße,2019,12,17,2,3,5,3,2,0,1,0,1,0,0,0
13379,202769,11,1,1044202,Sparrplatz,2019,12,15,4,3,5,2,0,0,1,0,0,0,0,0
13380,202770,11,3,3061430,Volkspark Prenzlauer Berg,2019,12,17,2,3,2,6,2,0,1,0,0,0,0,0
13381,202771,11,7,7040405,Rathaus Tempelhof,2019,12,18,4,3,0,7,2,1,0,0,0,0,0,1
13382,202772,11,11,11030720,Herzbergstraße,2019,12,16,2,3,5,3,2,1,1,0,0,0,0,0
13383,202773,11,10,10030727,Biesdorf Süd,2019,12,16,2,3,2,6,1,0,1,0,1,0,0,0
13384,202774,11,2,2020204,Urbanstraße,2019,12,18,4,3,1,5,2,1,1,0,0,0,0,1
13385,202775,11,1,1011303,Alexanderplatzviertel,2019,12,15,2,3,3,6,0,0,1,1,0,0,0,0
13386,202776,11,1,1011201,Wilhelmstraße,2019,12,14,2,3,1,5,0,1,1,0,0,0,0,0
13387,202777,11,1,1011304,Karl-Marx-Allee,2019,12,14,2,3,2,2,0,0,1,0,0,0,1,0
13388,202778,11,11,11030721,Rüdigerstraße,2019,12,18,4,2,5,2,2,0,1,0,1,0,0,0
13389,202779,11,1,1011202,Unter den Linden Nord,2019,12,14,4,3,2,2,0,1,1,0,0,0,0,0